ISO-10303-21;
HEADER;
FILE_DESCRIPTION(('KiCad electronic assembly'),'2;1');
FILE_NAME('SparkFun_RS485_Breakout.step','2026-08-28T16:14:53',('Pcbnew'
    ),('Kicad'),'Open CASCADE STEP processor 7.9',
  'KiCad to STEP converter','Unknown');
FILE_SCHEMA(('AUTOMOTIVE_DESIGN { 1 0 10303 214 1 1 1 1 }'));
ENDSEC;
DATA;
#1 = APPLICATION_PROTOCOL_DEFINITION('international standard',
  'automotive_design',2000,#2);
#2 = APPLICATION_CONTEXT(
  'core data for automotive mechanical design processes');
#3 = SHAPE_DEFINITION_REPRESENTATION(#4,#10);
#4 = PRODUCT_DEFINITION_SHAPE('','',#5);
#5 = PRODUCT_DEFINITION('design','',#6,#9);
#6 = PRODUCT_DEFINITION_FORMATION('','',#7);
#7 = PRODUCT('SparkFun_RS485_Breakout 1','SparkFun_RS485_Breakout 1','',
  (#8));
#8 = PRODUCT_CONTEXT('',#2,'mechanical');
#9 = PRODUCT_DEFINITION_CONTEXT('part definition',#2,'design');
#10 = SHAPE_REPRESENTATION('',(#11,#15,#19,#23,#27,#31,#35,#39,#43),#47
  );
#11 = AXIS2_PLACEMENT_3D('',#12,#13,#14);
#12 = CARTESIAN_POINT('',(0.,0.,0.));
#13 = DIRECTION('',(0.,0.,1.));
#14 = DIRECTION('',(1.,0.,-0.));
#15 = AXIS2_PLACEMENT_3D('',#16,#17,#18);
#16 = CARTESIAN_POINT('',(-3.81,0.,1.615));
#17 = DIRECTION('',(0.,0.,1.));
#18 = DIRECTION('',(1.,0.,0.));
#19 = AXIS2_PLACEMENT_3D('',#20,#21,#22);
#20 = CARTESIAN_POINT('',(-3.81,-6.35,1.615));
#21 = DIRECTION('',(0.,0.,1.));
#22 = DIRECTION('',(1.,0.,0.));
#23 = AXIS2_PLACEMENT_3D('',#24,#25,#26);
#24 = CARTESIAN_POINT('',(-3.81,-7.874,1.615));
#25 = DIRECTION('',(-0.,0.,1.));
#26 = DIRECTION('',(1.110223024625E-16,-1.,0.));
#27 = AXIS2_PLACEMENT_3D('',#28,#29,#30);
#28 = CARTESIAN_POINT('',(-6.477,5.461,1.615));
#29 = DIRECTION('',(0.,-0.,1.));
#30 = DIRECTION('',(1.110223024625E-16,1.,0.));
#31 = AXIS2_PLACEMENT_3D('',#32,#33,#34);
#32 = CARTESIAN_POINT('',(-4.064,5.08,1.615));
#33 = DIRECTION('',(0.,0.,1.));
#34 = DIRECTION('',(-1.,1.224646799147E-16,0.));
#35 = AXIS2_PLACEMENT_3D('',#36,#37,#38);
#36 = CARTESIAN_POINT('',(0.,0.,0.));
#37 = DIRECTION('',(0.,0.,1.));
#38 = DIRECTION('',(1.,0.,-0.));
#39 = AXIS2_PLACEMENT_3D('',#40,#41,#42);
#40 = CARTESIAN_POINT('',(0.,0.,0.));
#41 = DIRECTION('',(0.,0.,1.));
#42 = DIRECTION('',(1.,0.,-0.));
#43 = AXIS2_PLACEMENT_3D('',#44,#45,#46);
#44 = CARTESIAN_POINT('',(0.,0.,0.));
#45 = DIRECTION('',(0.,0.,1.));
#46 = DIRECTION('',(1.,0.,-0.));
#47 = ( GEOMETRIC_REPRESENTATION_CONTEXT(3) 
GLOBAL_UNCERTAINTY_ASSIGNED_CONTEXT((#51)) GLOBAL_UNIT_ASSIGNED_CONTEXT(
(#48,#49,#50)) REPRESENTATION_CONTEXT('Context #1',
  '3D Context with UNIT and UNCERTAINTY') );
#48 = ( LENGTH_UNIT() NAMED_UNIT(*) SI_UNIT(.MILLI.,.METRE.) );
#49 = ( NAMED_UNIT(*) PLANE_ANGLE_UNIT() SI_UNIT($,.RADIAN.) );
#50 = ( NAMED_UNIT(*) SI_UNIT($,.STERADIAN.) SOLID_ANGLE_UNIT() );
#51 = UNCERTAINTY_MEASURE_WITH_UNIT(LENGTH_MEASURE(1.E-07),#48,
  'distance_accuracy_value','confusion accuracy');
#52 = PRODUCT_RELATED_PRODUCT_CATEGORY('part',$,(#7));
#53 = SHAPE_DEFINITION_REPRESENTATION(#54,#60);
#54 = PRODUCT_DEFINITION_SHAPE('','',#55);
#55 = PRODUCT_DEFINITION('design','',#56,#59);
#56 = PRODUCT_DEFINITION_FORMATION('','',#57);
#57 = PRODUCT('SOIC-8_3.9x4.9mm_P1.27mm','SOIC-8_3.9x4.9mm_P1.27mm','',(
    #58));
#58 = PRODUCT_CONTEXT('',#2,'mechanical');
#59 = PRODUCT_DEFINITION_CONTEXT('part definition',#2,'design');
#60 = SHAPE_REPRESENTATION('',(#11,#61),#65);
#61 = AXIS2_PLACEMENT_3D('',#62,#63,#64);
#62 = CARTESIAN_POINT('',(0.,0.,0.));
#63 = DIRECTION('',(0.,0.,1.));
#64 = DIRECTION('',(1.,0.,-0.));
#65 = ( GEOMETRIC_REPRESENTATION_CONTEXT(3) 
GLOBAL_UNCERTAINTY_ASSIGNED_CONTEXT((#69)) GLOBAL_UNIT_ASSIGNED_CONTEXT(
(#66,#67,#68)) REPRESENTATION_CONTEXT('Context #1',
  '3D Context with UNIT and UNCERTAINTY') );
#66 = ( LENGTH_UNIT() NAMED_UNIT(*) SI_UNIT(.MILLI.,.METRE.) );
#67 = ( NAMED_UNIT(*) PLANE_ANGLE_UNIT() SI_UNIT($,.RADIAN.) );
#68 = ( NAMED_UNIT(*) SI_UNIT($,.STERADIAN.) SOLID_ANGLE_UNIT() );
#69 = UNCERTAINTY_MEASURE_WITH_UNIT(LENGTH_MEASURE(1.E-07),#66,
  'distance_accuracy_value','confusion accuracy');
#70 = CONTEXT_DEPENDENT_SHAPE_REPRESENTATION(#71,#73);
#71 = ( REPRESENTATION_RELATIONSHIP('','',#60,#10) 
REPRESENTATION_RELATIONSHIP_WITH_TRANSFORMATION(#72) 
SHAPE_REPRESENTATION_RELATIONSHIP() );
#72 = ITEM_DEFINED_TRANSFORMATION('','',#11,#15);
#73 = PRODUCT_DEFINITION_SHAPE('Placement','Placement of an item',#74);
#74 = NEXT_ASSEMBLY_USAGE_OCCURRENCE('2','U2','',#5,#55,$);
#75 = PRODUCT_RELATED_PRODUCT_CATEGORY('part',$,(#57));
#76 = SHAPE_DEFINITION_REPRESENTATION(#77,#83);
#77 = PRODUCT_DEFINITION_SHAPE('','',#78);
#78 = PRODUCT_DEFINITION('design','',#79,#82);
#79 = PRODUCT_DEFINITION_FORMATION('','',#80);
#80 = PRODUCT('SOIC-8_3.9x4.9mm_P1.27mm','SOIC-8_3.9x4.9mm_P1.27mm','',(
    #81));
#81 = PRODUCT_CONTEXT('',#2,'mechanical');
#82 = PRODUCT_DEFINITION_CONTEXT('part definition',#2,'design');
#83 = ADVANCED_BREP_SHAPE_REPRESENTATION('',(#11,#84),#4552);
#84 = MANIFOLD_SOLID_BREP('',#85);
#85 = CLOSED_SHELL('',(#86,#124,#187,#210,#239,#262,#349,#436,#459,#482,
    #499,#522,#610,#626,#656,#687,#718,#749,#780,#811,#842,#873,#890,
    #907,#938,#969,#1000,#1031,#1062,#1093,#1124,#1154,#1177,#1200,#1217
    ,#1262,#1348,#1371,#1394,#1417,#1504,#1542,#1591,#1683,#1708,#1792,
    #1814,#1906,#1931,#2015,#2037,#2129,#2154,#2238,#2255,#2340,#2365,
    #2442,#2527,#2552,#2629,#2646,#2738,#2763,#2847,#2869,#2961,#2986,
    #3070,#3092,#3184,#3209,#3293,#3310,#3329,#3348,#3367,#3413,#3429,
    #3448,#3467,#3486,#3502,#3519,#3531,#3548,#3565,#3582,#3599,#3616,
    #3633,#3650,#3662,#3679,#3696,#3713,#3730,#3747,#3764,#3781,#3793,
    #3810,#3827,#3844,#3861,#3878,#3895,#3912,#3924,#3941,#3958,#3975,
    #3992,#4009,#4026,#4038,#4055,#4072,#4089,#4106,#4123,#4140,#4152,
    #4169,#4186,#4203,#4220,#4237,#4254,#4271,#4283,#4300,#4317,#4334,
    #4351,#4368,#4385,#4402,#4414,#4431,#4448,#4465,#4482,#4499,#4516,
    #4533,#4545));
#86 = ADVANCED_FACE('',(#87),#119,.F.);
#87 = FACE_BOUND('',#88,.F.);
#88 = EDGE_LOOP('',(#89,#99,#106,#114));
#89 = ORIENTED_EDGE('',*,*,#90,.T.);
#90 = EDGE_CURVE('',#91,#93,#95,.T.);
#91 = VERTEX_POINT('',#92);
#92 = CARTESIAN_POINT('',(-1.717585640382,2.335171280765,0.1));
#93 = VERTEX_POINT('',#94);
#94 = CARTESIAN_POINT('',(1.717585640382,2.335171280765,0.1));
#95 = LINE('',#96,#97);
#96 = CARTESIAN_POINT('',(-1.717585640382,2.335171280765,0.1));
#97 = VECTOR('',#98,1.);
#98 = DIRECTION('',(1.,1.110223024625E-16,0.));
#99 = ORIENTED_EDGE('',*,*,#100,.T.);
#100 = EDGE_CURVE('',#93,#101,#103,.T.);
#101 = VERTEX_POINT('',#102);
#102 = CARTESIAN_POINT('',(1.775,2.45,0.825));
#103 = B_SPLINE_CURVE_WITH_KNOTS('',1,(#104,#105),.UNSPECIFIED.,.F.,.F.,
  (2,2),(0.,1.),.PIECEWISE_BEZIER_KNOTS.);
#104 = CARTESIAN_POINT('',(1.717585640382,2.335171280765,0.1));
#105 = CARTESIAN_POINT('',(1.775,2.45,0.825));
#106 = ORIENTED_EDGE('',*,*,#107,.F.);
#107 = EDGE_CURVE('',#108,#101,#110,.T.);
#108 = VERTEX_POINT('',#109);
#109 = CARTESIAN_POINT('',(-1.775,2.45,0.825));
#110 = LINE('',#111,#112);
#111 = CARTESIAN_POINT('',(-1.775,2.45,0.825));
#112 = VECTOR('',#113,1.);
#113 = DIRECTION('',(1.,1.110223024625E-16,0.));
#114 = ORIENTED_EDGE('',*,*,#115,.F.);
#115 = EDGE_CURVE('',#91,#108,#116,.T.);
#116 = B_SPLINE_CURVE_WITH_KNOTS('',1,(#117,#118),.UNSPECIFIED.,.F.,.F.,
  (2,2),(0.,1.),.PIECEWISE_BEZIER_KNOTS.);
#117 = CARTESIAN_POINT('',(-1.717585640382,2.335171280765,0.1));
#118 = CARTESIAN_POINT('',(-1.775,2.45,0.825));
#119 = B_SPLINE_SURFACE_WITH_KNOTS('',1,1,(
    (#120,#121)
    ,(#122,#123
    )),.UNSPECIFIED.,.F.,.F.,.F.,(2,2),(2,2),(0.,3.55),(0.,1.),
  .PIECEWISE_BEZIER_KNOTS.);
#120 = CARTESIAN_POINT('',(-1.717585640382,2.335171280765,0.1));
#121 = CARTESIAN_POINT('',(-1.775,2.45,0.825));
#122 = CARTESIAN_POINT('',(1.717585640382,2.335171280765,0.1));
#123 = CARTESIAN_POINT('',(1.775,2.45,0.825));
#124 = ADVANCED_FACE('',(#125),#182,.F.);
#125 = FACE_BOUND('',#126,.T.);
#126 = EDGE_LOOP('',(#127,#128,#136,#144,#152,#160,#168,#176));
#127 = ORIENTED_EDGE('',*,*,#90,.T.);
#128 = ORIENTED_EDGE('',*,*,#129,.T.);
#129 = EDGE_CURVE('',#93,#130,#132,.T.);
#130 = VERTEX_POINT('',#131);
#131 = CARTESIAN_POINT('',(1.835171280765,2.217585640382,0.1));
#132 = LINE('',#133,#134);
#133 = CARTESIAN_POINT('',(1.717585640382,2.335171280765,0.1));
#134 = VECTOR('',#135,1.);
#135 = DIRECTION('',(0.707106781187,-0.707106781187,0.));
#136 = ORIENTED_EDGE('',*,*,#137,.T.);
#137 = EDGE_CURVE('',#130,#138,#140,.T.);
#138 = VERTEX_POINT('',#139);
#139 = CARTESIAN_POINT('',(1.835171280765,-2.217585640382,0.1));
#140 = LINE('',#141,#142);
#141 = CARTESIAN_POINT('',(1.835171280765,2.217585640382,0.1));
#142 = VECTOR('',#143,1.);
#143 = DIRECTION('',(1.110223024625E-16,-1.,0.));
#144 = ORIENTED_EDGE('',*,*,#145,.T.);
#145 = EDGE_CURVE('',#138,#146,#148,.T.);
#146 = VERTEX_POINT('',#147);
#147 = CARTESIAN_POINT('',(1.717585640382,-2.335171280765,0.1));
#148 = LINE('',#149,#150);
#149 = CARTESIAN_POINT('',(1.835171280765,-2.217585640382,0.1));
#150 = VECTOR('',#151,1.);
#151 = DIRECTION('',(-0.707106781187,-0.707106781187,0.));
#152 = ORIENTED_EDGE('',*,*,#153,.T.);
#153 = EDGE_CURVE('',#146,#154,#156,.T.);
#154 = VERTEX_POINT('',#155);
#155 = CARTESIAN_POINT('',(-1.717585640382,-2.335171280765,0.1));
#156 = LINE('',#157,#158);
#157 = CARTESIAN_POINT('',(1.717585640382,-2.335171280765,0.1));
#158 = VECTOR('',#159,1.);
#159 = DIRECTION('',(-1.,-1.110223024625E-16,0.));
#160 = ORIENTED_EDGE('',*,*,#161,.T.);
#161 = EDGE_CURVE('',#154,#162,#164,.T.);
#162 = VERTEX_POINT('',#163);
#163 = CARTESIAN_POINT('',(-1.835171280765,-2.217585640382,0.1));
#164 = LINE('',#165,#166);
#165 = CARTESIAN_POINT('',(-1.717585640382,-2.335171280765,0.1));
#166 = VECTOR('',#167,1.);
#167 = DIRECTION('',(-0.707106781187,0.707106781187,0.));
#168 = ORIENTED_EDGE('',*,*,#169,.T.);
#169 = EDGE_CURVE('',#162,#170,#172,.T.);
#170 = VERTEX_POINT('',#171);
#171 = CARTESIAN_POINT('',(-1.835171280765,2.217585640382,0.1));
#172 = LINE('',#173,#174);
#173 = CARTESIAN_POINT('',(-1.835171280765,-2.217585640382,0.1));
#174 = VECTOR('',#175,1.);
#175 = DIRECTION('',(-1.110223024625E-16,1.,0.));
#176 = ORIENTED_EDGE('',*,*,#177,.T.);
#177 = EDGE_CURVE('',#170,#91,#178,.T.);
#178 = LINE('',#179,#180);
#179 = CARTESIAN_POINT('',(-1.835171280765,2.217585640382,0.1));
#180 = VECTOR('',#181,1.);
#181 = DIRECTION('',(0.707106781187,0.707106781187,0.));
#182 = PLANE('',#183);
#183 = AXIS2_PLACEMENT_3D('',#184,#185,#186);
#184 = CARTESIAN_POINT('',(-1.717585640382,2.335171280765,0.1));
#185 = DIRECTION('',(0.,0.,1.));
#186 = DIRECTION('',(0.592513131498,-0.805560791625,0.));
#187 = ADVANCED_FACE('',(#188),#205,.F.);
#188 = FACE_BOUND('',#189,.F.);
#189 = EDGE_LOOP('',(#190,#191,#198,#204));
#190 = ORIENTED_EDGE('',*,*,#129,.T.);
#191 = ORIENTED_EDGE('',*,*,#192,.T.);
#192 = EDGE_CURVE('',#130,#193,#195,.T.);
#193 = VERTEX_POINT('',#194);
#194 = CARTESIAN_POINT('',(1.95,2.275,0.825));
#195 = B_SPLINE_CURVE_WITH_KNOTS('',1,(#196,#197),.UNSPECIFIED.,.F.,.F.,
  (2,2),(0.,1.),.PIECEWISE_BEZIER_KNOTS.);
#196 = CARTESIAN_POINT('',(1.835171280765,2.217585640382,0.1));
#197 = CARTESIAN_POINT('',(1.95,2.275,0.825));
#198 = ORIENTED_EDGE('',*,*,#199,.F.);
#199 = EDGE_CURVE('',#101,#193,#200,.T.);
#200 = LINE('',#201,#202);
#201 = CARTESIAN_POINT('',(1.775,2.45,0.825));
#202 = VECTOR('',#203,1.);
#203 = DIRECTION('',(0.707106781187,-0.707106781187,0.));
#204 = ORIENTED_EDGE('',*,*,#100,.F.);
#205 = B_SPLINE_SURFACE_WITH_KNOTS('',1,1,(
    (#206,#207)
    ,(#208,#209
    )),.UNSPECIFIED.,.F.,.F.,.F.,(2,2),(2,2),(0.,0.247487373415),(0.,1.)
  ,.PIECEWISE_BEZIER_KNOTS.);
#206 = CARTESIAN_POINT('',(1.717585640382,2.335171280765,0.1));
#207 = CARTESIAN_POINT('',(1.775,2.45,0.825));
#208 = CARTESIAN_POINT('',(1.835171280765,2.217585640382,0.1));
#209 = CARTESIAN_POINT('',(1.95,2.275,0.825));
#210 = ADVANCED_FACE('',(#211),#234,.F.);
#211 = FACE_BOUND('',#212,.F.);
#212 = EDGE_LOOP('',(#213,#214,#221,#229));
#213 = ORIENTED_EDGE('',*,*,#107,.T.);
#214 = ORIENTED_EDGE('',*,*,#215,.T.);
#215 = EDGE_CURVE('',#101,#216,#218,.T.);
#216 = VERTEX_POINT('',#217);
#217 = CARTESIAN_POINT('',(1.775,2.45,1.025));
#218 = B_SPLINE_CURVE_WITH_KNOTS('',1,(#219,#220),.UNSPECIFIED.,.F.,.F.,
  (2,2),(0.,1.),.PIECEWISE_BEZIER_KNOTS.);
#219 = CARTESIAN_POINT('',(1.775,2.45,0.825));
#220 = CARTESIAN_POINT('',(1.775,2.45,1.025));
#221 = ORIENTED_EDGE('',*,*,#222,.F.);
#222 = EDGE_CURVE('',#223,#216,#225,.T.);
#223 = VERTEX_POINT('',#224);
#224 = CARTESIAN_POINT('',(-1.775,2.45,1.025));
#225 = LINE('',#226,#227);
#226 = CARTESIAN_POINT('',(-1.775,2.45,1.025));
#227 = VECTOR('',#228,1.);
#228 = DIRECTION('',(1.,1.110223024625E-16,0.));
#229 = ORIENTED_EDGE('',*,*,#230,.F.);
#230 = EDGE_CURVE('',#108,#223,#231,.T.);
#231 = B_SPLINE_CURVE_WITH_KNOTS('',1,(#232,#233),.UNSPECIFIED.,.F.,.F.,
  (2,2),(0.,1.),.PIECEWISE_BEZIER_KNOTS.);
#232 = CARTESIAN_POINT('',(-1.775,2.45,0.825));
#233 = CARTESIAN_POINT('',(-1.775,2.45,1.025));
#234 = PLANE('',#235);
#235 = AXIS2_PLACEMENT_3D('',#236,#237,#238);
#236 = CARTESIAN_POINT('',(-1.775,2.45,1.025));
#237 = DIRECTION('',(1.110223024625E-16,-1.,0.));
#238 = DIRECTION('',(1.,1.110223024625E-16,0.));
#239 = ADVANCED_FACE('',(#240),#257,.F.);
#240 = FACE_BOUND('',#241,.F.);
#241 = EDGE_LOOP('',(#242,#243,#244,#252));
#242 = ORIENTED_EDGE('',*,*,#177,.T.);
#243 = ORIENTED_EDGE('',*,*,#115,.T.);
#244 = ORIENTED_EDGE('',*,*,#245,.F.);
#245 = EDGE_CURVE('',#246,#108,#248,.T.);
#246 = VERTEX_POINT('',#247);
#247 = CARTESIAN_POINT('',(-1.95,2.275,0.825));
#248 = LINE('',#249,#250);
#249 = CARTESIAN_POINT('',(-1.95,2.275,0.825));
#250 = VECTOR('',#251,1.);
#251 = DIRECTION('',(0.707106781187,0.707106781187,0.));
#252 = ORIENTED_EDGE('',*,*,#253,.F.);
#253 = EDGE_CURVE('',#170,#246,#254,.T.);
#254 = B_SPLINE_CURVE_WITH_KNOTS('',1,(#255,#256),.UNSPECIFIED.,.F.,.F.,
  (2,2),(0.,1.),.PIECEWISE_BEZIER_KNOTS.);
#255 = CARTESIAN_POINT('',(-1.835171280765,2.217585640382,0.1));
#256 = CARTESIAN_POINT('',(-1.95,2.275,0.825));
#257 = B_SPLINE_SURFACE_WITH_KNOTS('',1,1,(
    (#258,#259)
    ,(#260,#261
    )),.UNSPECIFIED.,.F.,.F.,.F.,(2,2),(2,2),(0.,0.247487373415),(0.,1.)
  ,.PIECEWISE_BEZIER_KNOTS.);
#258 = CARTESIAN_POINT('',(-1.835171280765,2.217585640382,0.1));
#259 = CARTESIAN_POINT('',(-1.95,2.275,0.825));
#260 = CARTESIAN_POINT('',(-1.717585640382,2.335171280765,0.1));
#261 = CARTESIAN_POINT('',(-1.775,2.45,0.825));
#262 = ADVANCED_FACE('',(#263),#344,.F.);
#263 = FACE_BOUND('',#264,.F.);
#264 = EDGE_LOOP('',(#265,#266,#267,#275,#283,#291,#299,#307,#315,#323,
    #331,#339));
#265 = ORIENTED_EDGE('',*,*,#169,.T.);
#266 = ORIENTED_EDGE('',*,*,#253,.T.);
#267 = ORIENTED_EDGE('',*,*,#268,.F.);
#268 = EDGE_CURVE('',#269,#246,#271,.T.);
#269 = VERTEX_POINT('',#270);
#270 = CARTESIAN_POINT('',(-1.95,2.11,0.825));
#271 = LINE('',#272,#273);
#272 = CARTESIAN_POINT('',(-1.95,-2.275,0.825));
#273 = VECTOR('',#274,1.);
#274 = DIRECTION('',(-1.110223024625E-16,1.,0.));
#275 = ORIENTED_EDGE('',*,*,#276,.F.);
#276 = EDGE_CURVE('',#277,#269,#279,.T.);
#277 = VERTEX_POINT('',#278);
#278 = CARTESIAN_POINT('',(-1.95,1.7,0.825));
#279 = LINE('',#280,#281);
#280 = CARTESIAN_POINT('',(-1.95,-2.275,0.825));
#281 = VECTOR('',#282,1.);
#282 = DIRECTION('',(-1.110223024625E-16,1.,0.));
#283 = ORIENTED_EDGE('',*,*,#284,.F.);
#284 = EDGE_CURVE('',#285,#277,#287,.T.);
#285 = VERTEX_POINT('',#286);
#286 = CARTESIAN_POINT('',(-1.95,0.84,0.825));
#287 = LINE('',#288,#289);
#288 = CARTESIAN_POINT('',(-1.95,-2.275,0.825));
#289 = VECTOR('',#290,1.);
#290 = DIRECTION('',(-1.110223024625E-16,1.,0.));
#291 = ORIENTED_EDGE('',*,*,#292,.F.);
#292 = EDGE_CURVE('',#293,#285,#295,.T.);
#293 = VERTEX_POINT('',#294);
#294 = CARTESIAN_POINT('',(-1.95,0.43,0.825));
#295 = LINE('',#296,#297);
#296 = CARTESIAN_POINT('',(-1.95,-2.275,0.825));
#297 = VECTOR('',#298,1.);
#298 = DIRECTION('',(-1.110223024625E-16,1.,0.));
#299 = ORIENTED_EDGE('',*,*,#300,.F.);
#300 = EDGE_CURVE('',#301,#293,#303,.T.);
#301 = VERTEX_POINT('',#302);
#302 = CARTESIAN_POINT('',(-1.95,-0.43,0.825));
#303 = LINE('',#304,#305);
#304 = CARTESIAN_POINT('',(-1.95,-2.275,0.825));
#305 = VECTOR('',#306,1.);
#306 = DIRECTION('',(-1.110223024625E-16,1.,0.));
#307 = ORIENTED_EDGE('',*,*,#308,.F.);
#308 = EDGE_CURVE('',#309,#301,#311,.T.);
#309 = VERTEX_POINT('',#310);
#310 = CARTESIAN_POINT('',(-1.95,-0.84,0.825));
#311 = LINE('',#312,#313);
#312 = CARTESIAN_POINT('',(-1.95,-2.275,0.825));
#313 = VECTOR('',#314,1.);
#314 = DIRECTION('',(-1.110223024625E-16,1.,0.));
#315 = ORIENTED_EDGE('',*,*,#316,.F.);
#316 = EDGE_CURVE('',#317,#309,#319,.T.);
#317 = VERTEX_POINT('',#318);
#318 = CARTESIAN_POINT('',(-1.95,-1.7,0.825));
#319 = LINE('',#320,#321);
#320 = CARTESIAN_POINT('',(-1.95,-2.275,0.825));
#321 = VECTOR('',#322,1.);
#322 = DIRECTION('',(-1.110223024625E-16,1.,0.));
#323 = ORIENTED_EDGE('',*,*,#324,.F.);
#324 = EDGE_CURVE('',#325,#317,#327,.T.);
#325 = VERTEX_POINT('',#326);
#326 = CARTESIAN_POINT('',(-1.95,-2.11,0.825));
#327 = LINE('',#328,#329);
#328 = CARTESIAN_POINT('',(-1.95,-2.275,0.825));
#329 = VECTOR('',#330,1.);
#330 = DIRECTION('',(-1.110223024625E-16,1.,0.));
#331 = ORIENTED_EDGE('',*,*,#332,.F.);
#332 = EDGE_CURVE('',#333,#325,#335,.T.);
#333 = VERTEX_POINT('',#334);
#334 = CARTESIAN_POINT('',(-1.95,-2.275,0.825));
#335 = LINE('',#336,#337);
#336 = CARTESIAN_POINT('',(-1.95,-2.275,0.825));
#337 = VECTOR('',#338,1.);
#338 = DIRECTION('',(-1.110223024625E-16,1.,0.));
#339 = ORIENTED_EDGE('',*,*,#340,.F.);
#340 = EDGE_CURVE('',#162,#333,#341,.T.);
#341 = B_SPLINE_CURVE_WITH_KNOTS('',1,(#342,#343),.UNSPECIFIED.,.F.,.F.,
  (2,2),(0.,1.),.PIECEWISE_BEZIER_KNOTS.);
#342 = CARTESIAN_POINT('',(-1.835171280765,-2.217585640382,0.1));
#343 = CARTESIAN_POINT('',(-1.95,-2.275,0.825));
#344 = B_SPLINE_SURFACE_WITH_KNOTS('',1,1,(
    (#345,#346)
    ,(#347,#348
    )),.UNSPECIFIED.,.F.,.F.,.F.,(2,2),(2,2),(0.,4.55),(0.,1.),
  .PIECEWISE_BEZIER_KNOTS.);
#345 = CARTESIAN_POINT('',(-1.835171280765,-2.217585640382,0.1));
#346 = CARTESIAN_POINT('',(-1.95,-2.275,0.825));
#347 = CARTESIAN_POINT('',(-1.835171280765,2.217585640382,0.1));
#348 = CARTESIAN_POINT('',(-1.95,2.275,0.825));
#349 = ADVANCED_FACE('',(#350),#431,.F.);
#350 = FACE_BOUND('',#351,.F.);
#351 = EDGE_LOOP('',(#352,#353,#360,#368,#376,#384,#392,#400,#408,#416,
    #424,#430));
#352 = ORIENTED_EDGE('',*,*,#137,.T.);
#353 = ORIENTED_EDGE('',*,*,#354,.T.);
#354 = EDGE_CURVE('',#138,#355,#357,.T.);
#355 = VERTEX_POINT('',#356);
#356 = CARTESIAN_POINT('',(1.95,-2.275,0.825));
#357 = B_SPLINE_CURVE_WITH_KNOTS('',1,(#358,#359),.UNSPECIFIED.,.F.,.F.,
  (2,2),(0.,1.),.PIECEWISE_BEZIER_KNOTS.);
#358 = CARTESIAN_POINT('',(1.835171280765,-2.217585640382,0.1));
#359 = CARTESIAN_POINT('',(1.95,-2.275,0.825));
#360 = ORIENTED_EDGE('',*,*,#361,.F.);
#361 = EDGE_CURVE('',#362,#355,#364,.T.);
#362 = VERTEX_POINT('',#363);
#363 = CARTESIAN_POINT('',(1.95,-2.11,0.825));
#364 = LINE('',#365,#366);
#365 = CARTESIAN_POINT('',(1.95,2.275,0.825));
#366 = VECTOR('',#367,1.);
#367 = DIRECTION('',(1.110223024625E-16,-1.,0.));
#368 = ORIENTED_EDGE('',*,*,#369,.F.);
#369 = EDGE_CURVE('',#370,#362,#372,.T.);
#370 = VERTEX_POINT('',#371);
#371 = CARTESIAN_POINT('',(1.95,-1.7,0.825));
#372 = LINE('',#373,#374);
#373 = CARTESIAN_POINT('',(1.95,2.275,0.825));
#374 = VECTOR('',#375,1.);
#375 = DIRECTION('',(1.110223024625E-16,-1.,0.));
#376 = ORIENTED_EDGE('',*,*,#377,.F.);
#377 = EDGE_CURVE('',#378,#370,#380,.T.);
#378 = VERTEX_POINT('',#379);
#379 = CARTESIAN_POINT('',(1.95,-0.84,0.825));
#380 = LINE('',#381,#382);
#381 = CARTESIAN_POINT('',(1.95,2.275,0.825));
#382 = VECTOR('',#383,1.);
#383 = DIRECTION('',(1.110223024625E-16,-1.,0.));
#384 = ORIENTED_EDGE('',*,*,#385,.F.);
#385 = EDGE_CURVE('',#386,#378,#388,.T.);
#386 = VERTEX_POINT('',#387);
#387 = CARTESIAN_POINT('',(1.95,-0.43,0.825));
#388 = LINE('',#389,#390);
#389 = CARTESIAN_POINT('',(1.95,2.275,0.825));
#390 = VECTOR('',#391,1.);
#391 = DIRECTION('',(1.110223024625E-16,-1.,0.));
#392 = ORIENTED_EDGE('',*,*,#393,.F.);
#393 = EDGE_CURVE('',#394,#386,#396,.T.);
#394 = VERTEX_POINT('',#395);
#395 = CARTESIAN_POINT('',(1.95,0.43,0.825));
#396 = LINE('',#397,#398);
#397 = CARTESIAN_POINT('',(1.95,2.275,0.825));
#398 = VECTOR('',#399,1.);
#399 = DIRECTION('',(1.110223024625E-16,-1.,0.));
#400 = ORIENTED_EDGE('',*,*,#401,.F.);
#401 = EDGE_CURVE('',#402,#394,#404,.T.);
#402 = VERTEX_POINT('',#403);
#403 = CARTESIAN_POINT('',(1.95,0.84,0.825));
#404 = LINE('',#405,#406);
#405 = CARTESIAN_POINT('',(1.95,2.275,0.825));
#406 = VECTOR('',#407,1.);
#407 = DIRECTION('',(1.110223024625E-16,-1.,0.));
#408 = ORIENTED_EDGE('',*,*,#409,.F.);
#409 = EDGE_CURVE('',#410,#402,#412,.T.);
#410 = VERTEX_POINT('',#411);
#411 = CARTESIAN_POINT('',(1.95,1.7,0.825));
#412 = LINE('',#413,#414);
#413 = CARTESIAN_POINT('',(1.95,2.275,0.825));
#414 = VECTOR('',#415,1.);
#415 = DIRECTION('',(1.110223024625E-16,-1.,0.));
#416 = ORIENTED_EDGE('',*,*,#417,.F.);
#417 = EDGE_CURVE('',#418,#410,#420,.T.);
#418 = VERTEX_POINT('',#419);
#419 = CARTESIAN_POINT('',(1.95,2.11,0.825));
#420 = LINE('',#421,#422);
#421 = CARTESIAN_POINT('',(1.95,2.275,0.825));
#422 = VECTOR('',#423,1.);
#423 = DIRECTION('',(1.110223024625E-16,-1.,0.));
#424 = ORIENTED_EDGE('',*,*,#425,.F.);
#425 = EDGE_CURVE('',#193,#418,#426,.T.);
#426 = LINE('',#427,#428);
#427 = CARTESIAN_POINT('',(1.95,2.275,0.825));
#428 = VECTOR('',#429,1.);
#429 = DIRECTION('',(1.110223024625E-16,-1.,0.));
#430 = ORIENTED_EDGE('',*,*,#192,.F.);
#431 = B_SPLINE_SURFACE_WITH_KNOTS('',1,1,(
    (#432,#433)
    ,(#434,#435
    )),.UNSPECIFIED.,.F.,.F.,.F.,(2,2),(2,2),(0.,4.55),(0.,1.),
  .PIECEWISE_BEZIER_KNOTS.);
#432 = CARTESIAN_POINT('',(1.835171280765,2.217585640382,0.1));
#433 = CARTESIAN_POINT('',(1.95,2.275,0.825));
#434 = CARTESIAN_POINT('',(1.835171280765,-2.217585640382,0.1));
#435 = CARTESIAN_POINT('',(1.95,-2.275,0.825));
#436 = ADVANCED_FACE('',(#437),#454,.F.);
#437 = FACE_BOUND('',#438,.F.);
#438 = EDGE_LOOP('',(#439,#440,#441,#449));
#439 = ORIENTED_EDGE('',*,*,#161,.T.);
#440 = ORIENTED_EDGE('',*,*,#340,.T.);
#441 = ORIENTED_EDGE('',*,*,#442,.F.);
#442 = EDGE_CURVE('',#443,#333,#445,.T.);
#443 = VERTEX_POINT('',#444);
#444 = CARTESIAN_POINT('',(-1.775,-2.45,0.825));
#445 = LINE('',#446,#447);
#446 = CARTESIAN_POINT('',(-1.775,-2.45,0.825));
#447 = VECTOR('',#448,1.);
#448 = DIRECTION('',(-0.707106781187,0.707106781187,0.));
#449 = ORIENTED_EDGE('',*,*,#450,.F.);
#450 = EDGE_CURVE('',#154,#443,#451,.T.);
#451 = B_SPLINE_CURVE_WITH_KNOTS('',1,(#452,#453),.UNSPECIFIED.,.F.,.F.,
  (2,2),(0.,1.),.PIECEWISE_BEZIER_KNOTS.);
#452 = CARTESIAN_POINT('',(-1.717585640382,-2.335171280765,0.1));
#453 = CARTESIAN_POINT('',(-1.775,-2.45,0.825));
#454 = B_SPLINE_SURFACE_WITH_KNOTS('',1,1,(
    (#455,#456)
    ,(#457,#458
    )),.UNSPECIFIED.,.F.,.F.,.F.,(2,2),(2,2),(0.,0.247487373415),(0.,1.)
  ,.PIECEWISE_BEZIER_KNOTS.);
#455 = CARTESIAN_POINT('',(-1.717585640382,-2.335171280765,0.1));
#456 = CARTESIAN_POINT('',(-1.775,-2.45,0.825));
#457 = CARTESIAN_POINT('',(-1.835171280765,-2.217585640382,0.1));
#458 = CARTESIAN_POINT('',(-1.95,-2.275,0.825));
#459 = ADVANCED_FACE('',(#460),#477,.F.);
#460 = FACE_BOUND('',#461,.F.);
#461 = EDGE_LOOP('',(#462,#463,#470,#476));
#462 = ORIENTED_EDGE('',*,*,#145,.T.);
#463 = ORIENTED_EDGE('',*,*,#464,.T.);
#464 = EDGE_CURVE('',#146,#465,#467,.T.);
#465 = VERTEX_POINT('',#466);
#466 = CARTESIAN_POINT('',(1.775,-2.45,0.825));
#467 = B_SPLINE_CURVE_WITH_KNOTS('',1,(#468,#469),.UNSPECIFIED.,.F.,.F.,
  (2,2),(0.,1.),.PIECEWISE_BEZIER_KNOTS.);
#468 = CARTESIAN_POINT('',(1.717585640382,-2.335171280765,0.1));
#469 = CARTESIAN_POINT('',(1.775,-2.45,0.825));
#470 = ORIENTED_EDGE('',*,*,#471,.F.);
#471 = EDGE_CURVE('',#355,#465,#472,.T.);
#472 = LINE('',#473,#474);
#473 = CARTESIAN_POINT('',(1.95,-2.275,0.825));
#474 = VECTOR('',#475,1.);
#475 = DIRECTION('',(-0.707106781187,-0.707106781187,0.));
#476 = ORIENTED_EDGE('',*,*,#354,.F.);
#477 = B_SPLINE_SURFACE_WITH_KNOTS('',1,1,(
    (#478,#479)
    ,(#480,#481
    )),.UNSPECIFIED.,.F.,.F.,.F.,(2,2),(2,2),(0.,0.247487373415),(0.,1.)
  ,.PIECEWISE_BEZIER_KNOTS.);
#478 = CARTESIAN_POINT('',(1.835171280765,-2.217585640382,0.1));
#479 = CARTESIAN_POINT('',(1.95,-2.275,0.825));
#480 = CARTESIAN_POINT('',(1.717585640382,-2.335171280765,0.1));
#481 = CARTESIAN_POINT('',(1.775,-2.45,0.825));
#482 = ADVANCED_FACE('',(#483),#494,.F.);
#483 = FACE_BOUND('',#484,.F.);
#484 = EDGE_LOOP('',(#485,#486,#487,#493));
#485 = ORIENTED_EDGE('',*,*,#153,.T.);
#486 = ORIENTED_EDGE('',*,*,#450,.T.);
#487 = ORIENTED_EDGE('',*,*,#488,.F.);
#488 = EDGE_CURVE('',#465,#443,#489,.T.);
#489 = LINE('',#490,#491);
#490 = CARTESIAN_POINT('',(1.775,-2.45,0.825));
#491 = VECTOR('',#492,1.);
#492 = DIRECTION('',(-1.,-1.110223024625E-16,0.));
#493 = ORIENTED_EDGE('',*,*,#464,.F.);
#494 = B_SPLINE_SURFACE_WITH_KNOTS('',1,1,(
    (#495,#496)
    ,(#497,#498
    )),.UNSPECIFIED.,.F.,.F.,.F.,(2,2),(2,2),(0.,3.55),(0.,1.),
  .PIECEWISE_BEZIER_KNOTS.);
#495 = CARTESIAN_POINT('',(1.717585640382,-2.335171280765,0.1));
#496 = CARTESIAN_POINT('',(1.775,-2.45,0.825));
#497 = CARTESIAN_POINT('',(-1.717585640382,-2.335171280765,0.1));
#498 = CARTESIAN_POINT('',(-1.775,-2.45,0.825));
#499 = ADVANCED_FACE('',(#500),#517,.F.);
#500 = FACE_BOUND('',#501,.F.);
#501 = EDGE_LOOP('',(#502,#503,#510,#516));
#502 = ORIENTED_EDGE('',*,*,#199,.T.);
#503 = ORIENTED_EDGE('',*,*,#504,.T.);
#504 = EDGE_CURVE('',#193,#505,#507,.T.);
#505 = VERTEX_POINT('',#506);
#506 = CARTESIAN_POINT('',(1.95,2.275,1.025));
#507 = B_SPLINE_CURVE_WITH_KNOTS('',1,(#508,#509),.UNSPECIFIED.,.F.,.F.,
  (2,2),(0.,1.),.PIECEWISE_BEZIER_KNOTS.);
#508 = CARTESIAN_POINT('',(1.95,2.275,0.825));
#509 = CARTESIAN_POINT('',(1.95,2.275,1.025));
#510 = ORIENTED_EDGE('',*,*,#511,.F.);
#511 = EDGE_CURVE('',#216,#505,#512,.T.);
#512 = LINE('',#513,#514);
#513 = CARTESIAN_POINT('',(1.775,2.45,1.025));
#514 = VECTOR('',#515,1.);
#515 = DIRECTION('',(0.707106781187,-0.707106781187,0.));
#516 = ORIENTED_EDGE('',*,*,#215,.F.);
#517 = PLANE('',#518);
#518 = AXIS2_PLACEMENT_3D('',#519,#520,#521);
#519 = CARTESIAN_POINT('',(1.775,2.45,1.025));
#520 = DIRECTION('',(-0.707106781187,-0.707106781187,0.));
#521 = DIRECTION('',(0.707106781187,-0.707106781187,0.));
#522 = ADVANCED_FACE('',(#523),#605,.F.);
#523 = FACE_BOUND('',#524,.F.);
#524 = EDGE_LOOP('',(#525,#533,#534,#535,#543,#551,#559,#567,#575,#583,
    #591,#599));
#525 = ORIENTED_EDGE('',*,*,#526,.T.);
#526 = EDGE_CURVE('',#527,#223,#529,.T.);
#527 = VERTEX_POINT('',#528);
#528 = CARTESIAN_POINT('',(-1.95,2.275,1.025));
#529 = LINE('',#530,#531);
#530 = CARTESIAN_POINT('',(-1.95,2.275,1.025));
#531 = VECTOR('',#532,1.);
#532 = DIRECTION('',(0.707106781187,0.707106781187,0.));
#533 = ORIENTED_EDGE('',*,*,#222,.T.);
#534 = ORIENTED_EDGE('',*,*,#511,.T.);
#535 = ORIENTED_EDGE('',*,*,#536,.T.);
#536 = EDGE_CURVE('',#505,#537,#539,.T.);
#537 = VERTEX_POINT('',#538);
#538 = CARTESIAN_POINT('',(1.95,2.11,1.025));
#539 = LINE('',#540,#541);
#540 = CARTESIAN_POINT('',(1.95,2.275,1.025));
#541 = VECTOR('',#542,1.);
#542 = DIRECTION('',(1.110223024625E-16,-1.,0.));
#543 = ORIENTED_EDGE('',*,*,#544,.T.);
#544 = EDGE_CURVE('',#537,#545,#547,.T.);
#545 = VERTEX_POINT('',#546);
#546 = CARTESIAN_POINT('',(1.875,2.11,1.025));
#547 = LINE('',#548,#549);
#548 = CARTESIAN_POINT('',(2.25,2.11,1.025));
#549 = VECTOR('',#550,1.);
#550 = DIRECTION('',(-1.,-1.110223024625E-16,0.));
#551 = ORIENTED_EDGE('',*,*,#552,.F.);
#552 = EDGE_CURVE('',#553,#545,#555,.T.);
#553 = VERTEX_POINT('',#554);
#554 = CARTESIAN_POINT('',(1.875,2.2375,1.025));
#555 = LINE('',#556,#557);
#556 = CARTESIAN_POINT('',(1.875,2.2375,1.025));
#557 = VECTOR('',#558,1.);
#558 = DIRECTION('',(1.110223024625E-16,-1.,0.));
#559 = ORIENTED_EDGE('',*,*,#560,.F.);
#560 = EDGE_CURVE('',#561,#553,#563,.T.);
#561 = VERTEX_POINT('',#562);
#562 = CARTESIAN_POINT('',(1.7375,2.375,1.025));
#563 = LINE('',#564,#565);
#564 = CARTESIAN_POINT('',(1.7375,2.375,1.025));
#565 = VECTOR('',#566,1.);
#566 = DIRECTION('',(0.707106781187,-0.707106781187,0.));
#567 = ORIENTED_EDGE('',*,*,#568,.F.);
#568 = EDGE_CURVE('',#569,#561,#571,.T.);
#569 = VERTEX_POINT('',#570);
#570 = CARTESIAN_POINT('',(-1.7375,2.375,1.025));
#571 = LINE('',#572,#573);
#572 = CARTESIAN_POINT('',(-1.7375,2.375,1.025));
#573 = VECTOR('',#574,1.);
#574 = DIRECTION('',(1.,1.110223024625E-16,0.));
#575 = ORIENTED_EDGE('',*,*,#576,.F.);
#576 = EDGE_CURVE('',#577,#569,#579,.T.);
#577 = VERTEX_POINT('',#578);
#578 = CARTESIAN_POINT('',(-1.875,2.2375,1.025));
#579 = LINE('',#580,#581);
#580 = CARTESIAN_POINT('',(-1.875,2.2375,1.025));
#581 = VECTOR('',#582,1.);
#582 = DIRECTION('',(0.707106781187,0.707106781187,0.));
#583 = ORIENTED_EDGE('',*,*,#584,.F.);
#584 = EDGE_CURVE('',#585,#577,#587,.T.);
#585 = VERTEX_POINT('',#586);
#586 = CARTESIAN_POINT('',(-1.875,2.11,1.025));
#587 = LINE('',#588,#589);
#588 = CARTESIAN_POINT('',(-1.875,-2.2375,1.025));
#589 = VECTOR('',#590,1.);
#590 = DIRECTION('',(-1.110223024625E-16,1.,0.));
#591 = ORIENTED_EDGE('',*,*,#592,.F.);
#592 = EDGE_CURVE('',#593,#585,#595,.T.);
#593 = VERTEX_POINT('',#594);
#594 = CARTESIAN_POINT('',(-1.95,2.11,1.025));
#595 = LINE('',#596,#597);
#596 = CARTESIAN_POINT('',(-2.25,2.11,1.025));
#597 = VECTOR('',#598,1.);
#598 = DIRECTION('',(1.,-1.144237745222E-17,0.));
#599 = ORIENTED_EDGE('',*,*,#600,.T.);
#600 = EDGE_CURVE('',#593,#527,#601,.T.);
#601 = LINE('',#602,#603);
#602 = CARTESIAN_POINT('',(-1.95,-2.275,1.025));
#603 = VECTOR('',#604,1.);
#604 = DIRECTION('',(-1.110223024625E-16,1.,0.));
#605 = PLANE('',#606);
#606 = AXIS2_PLACEMENT_3D('',#607,#608,#609);
#607 = CARTESIAN_POINT('',(-3.027078129022E-16,2.4125,1.025));
#608 = DIRECTION('',(2.007919022429E-31,-7.713306628828E-27,-1.));
#609 = DIRECTION('',(1.,1.112083013911E-16,2.00791902242E-31));
#610 = ADVANCED_FACE('',(#611),#621,.F.);
#611 = FACE_BOUND('',#612,.F.);
#612 = EDGE_LOOP('',(#613,#614,#615,#616));
#613 = ORIENTED_EDGE('',*,*,#245,.T.);
#614 = ORIENTED_EDGE('',*,*,#230,.T.);
#615 = ORIENTED_EDGE('',*,*,#526,.F.);
#616 = ORIENTED_EDGE('',*,*,#617,.F.);
#617 = EDGE_CURVE('',#246,#527,#618,.T.);
#618 = B_SPLINE_CURVE_WITH_KNOTS('',1,(#619,#620),.UNSPECIFIED.,.F.,.F.,
  (2,2),(0.,1.),.PIECEWISE_BEZIER_KNOTS.);
#619 = CARTESIAN_POINT('',(-1.95,2.275,0.825));
#620 = CARTESIAN_POINT('',(-1.95,2.275,1.025));
#621 = PLANE('',#622);
#622 = AXIS2_PLACEMENT_3D('',#623,#624,#625);
#623 = CARTESIAN_POINT('',(-1.95,2.275,1.025));
#624 = DIRECTION('',(0.707106781187,-0.707106781187,0.));
#625 = DIRECTION('',(0.707106781187,0.707106781187,0.));
#626 = ADVANCED_FACE('',(#627),#651,.F.);
#627 = FACE_BOUND('',#628,.F.);
#628 = EDGE_LOOP('',(#629,#636,#637,#645));
#629 = ORIENTED_EDGE('',*,*,#630,.F.);
#630 = EDGE_CURVE('',#333,#631,#633,.T.);
#631 = VERTEX_POINT('',#632);
#632 = CARTESIAN_POINT('',(-1.95,-2.275,1.025));
#633 = B_SPLINE_CURVE_WITH_KNOTS('',1,(#634,#635),.UNSPECIFIED.,.F.,.F.,
  (2,2),(0.,1.),.PIECEWISE_BEZIER_KNOTS.);
#634 = CARTESIAN_POINT('',(-1.95,-2.275,0.825));
#635 = CARTESIAN_POINT('',(-1.95,-2.275,1.025));
#636 = ORIENTED_EDGE('',*,*,#332,.T.);
#637 = ORIENTED_EDGE('',*,*,#638,.T.);
#638 = EDGE_CURVE('',#325,#639,#641,.T.);
#639 = VERTEX_POINT('',#640);
#640 = CARTESIAN_POINT('',(-1.95,-2.11,1.025));
#641 = LINE('',#642,#643);
#642 = CARTESIAN_POINT('',(-1.95,-2.11,0.786976568901));
#643 = VECTOR('',#644,1.);
#644 = DIRECTION('',(0.,0.,1.));
#645 = ORIENTED_EDGE('',*,*,#646,.F.);
#646 = EDGE_CURVE('',#631,#639,#647,.T.);
#647 = LINE('',#648,#649);
#648 = CARTESIAN_POINT('',(-1.95,-2.275,1.025));
#649 = VECTOR('',#650,1.);
#650 = DIRECTION('',(-1.110223024625E-16,1.,0.));
#651 = PLANE('',#652);
#652 = AXIS2_PLACEMENT_3D('',#653,#654,#655);
#653 = CARTESIAN_POINT('',(-1.95,-2.275,1.025));
#654 = DIRECTION('',(1.,1.110223024625E-16,0.));
#655 = DIRECTION('',(-1.110223024625E-16,1.,0.));
#656 = ADVANCED_FACE('',(#657),#682,.F.);
#657 = FACE_BOUND('',#658,.F.);
#658 = EDGE_LOOP('',(#659,#667,#668,#676));
#659 = ORIENTED_EDGE('',*,*,#660,.F.);
#660 = EDGE_CURVE('',#325,#661,#663,.T.);
#661 = VERTEX_POINT('',#662);
#662 = CARTESIAN_POINT('',(-2.25,-2.11,0.825));
#663 = LINE('',#664,#665);
#664 = CARTESIAN_POINT('',(-1.8,-2.11,0.825));
#665 = VECTOR('',#666,1.);
#666 = DIRECTION('',(-1.,1.144237745222E-17,0.));
#667 = ORIENTED_EDGE('',*,*,#324,.T.);
#668 = ORIENTED_EDGE('',*,*,#669,.T.);
#669 = EDGE_CURVE('',#317,#670,#672,.T.);
#670 = VERTEX_POINT('',#671);
#671 = CARTESIAN_POINT('',(-2.25,-1.7,0.825));
#672 = LINE('',#673,#674);
#673 = CARTESIAN_POINT('',(-1.8,-1.7,0.825));
#674 = VECTOR('',#675,1.);
#675 = DIRECTION('',(-1.,1.144237745222E-17,0.));
#676 = ORIENTED_EDGE('',*,*,#677,.F.);
#677 = EDGE_CURVE('',#661,#670,#678,.T.);
#678 = LINE('',#679,#680);
#679 = CARTESIAN_POINT('',(-2.25,-2.11,0.825));
#680 = VECTOR('',#681,1.);
#681 = DIRECTION('',(1.144237745222E-17,1.,0.));
#682 = PLANE('',#683);
#683 = AXIS2_PLACEMENT_3D('',#684,#685,#686);
#684 = CARTESIAN_POINT('',(-1.8,-2.11,0.825));
#685 = DIRECTION('',(0.,0.,1.));
#686 = DIRECTION('',(-1.,1.144237745222E-17,0.));
#687 = ADVANCED_FACE('',(#688),#713,.F.);
#688 = FACE_BOUND('',#689,.F.);
#689 = EDGE_LOOP('',(#690,#698,#699,#707));
#690 = ORIENTED_EDGE('',*,*,#691,.F.);
#691 = EDGE_CURVE('',#317,#692,#694,.T.);
#692 = VERTEX_POINT('',#693);
#693 = CARTESIAN_POINT('',(-1.95,-1.7,1.025));
#694 = LINE('',#695,#696);
#695 = CARTESIAN_POINT('',(-1.95,-1.7,0.786976568901));
#696 = VECTOR('',#697,1.);
#697 = DIRECTION('',(0.,0.,1.));
#698 = ORIENTED_EDGE('',*,*,#316,.T.);
#699 = ORIENTED_EDGE('',*,*,#700,.T.);
#700 = EDGE_CURVE('',#309,#701,#703,.T.);
#701 = VERTEX_POINT('',#702);
#702 = CARTESIAN_POINT('',(-1.95,-0.84,1.025));
#703 = LINE('',#704,#705);
#704 = CARTESIAN_POINT('',(-1.95,-0.84,0.786976568901));
#705 = VECTOR('',#706,1.);
#706 = DIRECTION('',(0.,0.,1.));
#707 = ORIENTED_EDGE('',*,*,#708,.F.);
#708 = EDGE_CURVE('',#692,#701,#709,.T.);
#709 = LINE('',#710,#711);
#710 = CARTESIAN_POINT('',(-1.95,-2.275,1.025));
#711 = VECTOR('',#712,1.);
#712 = DIRECTION('',(-1.110223024625E-16,1.,0.));
#713 = PLANE('',#714);
#714 = AXIS2_PLACEMENT_3D('',#715,#716,#717);
#715 = CARTESIAN_POINT('',(-1.95,-2.275,1.025));
#716 = DIRECTION('',(1.,1.110223024625E-16,0.));
#717 = DIRECTION('',(-1.110223024625E-16,1.,0.));
#718 = ADVANCED_FACE('',(#719),#744,.F.);
#719 = FACE_BOUND('',#720,.F.);
#720 = EDGE_LOOP('',(#721,#729,#730,#738));
#721 = ORIENTED_EDGE('',*,*,#722,.F.);
#722 = EDGE_CURVE('',#309,#723,#725,.T.);
#723 = VERTEX_POINT('',#724);
#724 = CARTESIAN_POINT('',(-2.25,-0.84,0.825));
#725 = LINE('',#726,#727);
#726 = CARTESIAN_POINT('',(-1.8,-0.84,0.825));
#727 = VECTOR('',#728,1.);
#728 = DIRECTION('',(-1.,1.144237745222E-17,0.));
#729 = ORIENTED_EDGE('',*,*,#308,.T.);
#730 = ORIENTED_EDGE('',*,*,#731,.T.);
#731 = EDGE_CURVE('',#301,#732,#734,.T.);
#732 = VERTEX_POINT('',#733);
#733 = CARTESIAN_POINT('',(-2.25,-0.43,0.825));
#734 = LINE('',#735,#736);
#735 = CARTESIAN_POINT('',(-1.8,-0.43,0.825));
#736 = VECTOR('',#737,1.);
#737 = DIRECTION('',(-1.,1.144237745222E-17,0.));
#738 = ORIENTED_EDGE('',*,*,#739,.F.);
#739 = EDGE_CURVE('',#723,#732,#740,.T.);
#740 = LINE('',#741,#742);
#741 = CARTESIAN_POINT('',(-2.25,-0.84,0.825));
#742 = VECTOR('',#743,1.);
#743 = DIRECTION('',(1.144237745222E-17,1.,0.));
#744 = PLANE('',#745);
#745 = AXIS2_PLACEMENT_3D('',#746,#747,#748);
#746 = CARTESIAN_POINT('',(-1.8,-0.84,0.825));
#747 = DIRECTION('',(0.,0.,1.));
#748 = DIRECTION('',(-1.,1.144237745222E-17,0.));
#749 = ADVANCED_FACE('',(#750),#775,.F.);
#750 = FACE_BOUND('',#751,.F.);
#751 = EDGE_LOOP('',(#752,#760,#761,#769));
#752 = ORIENTED_EDGE('',*,*,#753,.F.);
#753 = EDGE_CURVE('',#301,#754,#756,.T.);
#754 = VERTEX_POINT('',#755);
#755 = CARTESIAN_POINT('',(-1.95,-0.43,1.025));
#756 = LINE('',#757,#758);
#757 = CARTESIAN_POINT('',(-1.95,-0.43,0.786976568901));
#758 = VECTOR('',#759,1.);
#759 = DIRECTION('',(0.,0.,1.));
#760 = ORIENTED_EDGE('',*,*,#300,.T.);
#761 = ORIENTED_EDGE('',*,*,#762,.T.);
#762 = EDGE_CURVE('',#293,#763,#765,.T.);
#763 = VERTEX_POINT('',#764);
#764 = CARTESIAN_POINT('',(-1.95,0.43,1.025));
#765 = LINE('',#766,#767);
#766 = CARTESIAN_POINT('',(-1.95,0.43,0.786976568901));
#767 = VECTOR('',#768,1.);
#768 = DIRECTION('',(0.,0.,1.));
#769 = ORIENTED_EDGE('',*,*,#770,.F.);
#770 = EDGE_CURVE('',#754,#763,#771,.T.);
#771 = LINE('',#772,#773);
#772 = CARTESIAN_POINT('',(-1.95,-2.275,1.025));
#773 = VECTOR('',#774,1.);
#774 = DIRECTION('',(-1.110223024625E-16,1.,0.));
#775 = PLANE('',#776);
#776 = AXIS2_PLACEMENT_3D('',#777,#778,#779);
#777 = CARTESIAN_POINT('',(-1.95,-2.275,1.025));
#778 = DIRECTION('',(1.,1.110223024625E-16,0.));
#779 = DIRECTION('',(-1.110223024625E-16,1.,0.));
#780 = ADVANCED_FACE('',(#781),#806,.F.);
#781 = FACE_BOUND('',#782,.F.);
#782 = EDGE_LOOP('',(#783,#791,#792,#800));
#783 = ORIENTED_EDGE('',*,*,#784,.F.);
#784 = EDGE_CURVE('',#293,#785,#787,.T.);
#785 = VERTEX_POINT('',#786);
#786 = CARTESIAN_POINT('',(-2.25,0.43,0.825));
#787 = LINE('',#788,#789);
#788 = CARTESIAN_POINT('',(-1.8,0.43,0.825));
#789 = VECTOR('',#790,1.);
#790 = DIRECTION('',(-1.,1.144237745222E-17,0.));
#791 = ORIENTED_EDGE('',*,*,#292,.T.);
#792 = ORIENTED_EDGE('',*,*,#793,.T.);
#793 = EDGE_CURVE('',#285,#794,#796,.T.);
#794 = VERTEX_POINT('',#795);
#795 = CARTESIAN_POINT('',(-2.25,0.84,0.825));
#796 = LINE('',#797,#798);
#797 = CARTESIAN_POINT('',(-1.8,0.84,0.825));
#798 = VECTOR('',#799,1.);
#799 = DIRECTION('',(-1.,1.144237745222E-17,0.));
#800 = ORIENTED_EDGE('',*,*,#801,.F.);
#801 = EDGE_CURVE('',#785,#794,#802,.T.);
#802 = LINE('',#803,#804);
#803 = CARTESIAN_POINT('',(-2.25,0.43,0.825));
#804 = VECTOR('',#805,1.);
#805 = DIRECTION('',(1.144237745222E-17,1.,0.));
#806 = PLANE('',#807);
#807 = AXIS2_PLACEMENT_3D('',#808,#809,#810);
#808 = CARTESIAN_POINT('',(-1.8,0.43,0.825));
#809 = DIRECTION('',(0.,0.,1.));
#810 = DIRECTION('',(-1.,1.144237745222E-17,0.));
#811 = ADVANCED_FACE('',(#812),#837,.F.);
#812 = FACE_BOUND('',#813,.F.);
#813 = EDGE_LOOP('',(#814,#822,#823,#831));
#814 = ORIENTED_EDGE('',*,*,#815,.F.);
#815 = EDGE_CURVE('',#285,#816,#818,.T.);
#816 = VERTEX_POINT('',#817);
#817 = CARTESIAN_POINT('',(-1.95,0.84,1.025));
#818 = LINE('',#819,#820);
#819 = CARTESIAN_POINT('',(-1.95,0.84,0.786976568901));
#820 = VECTOR('',#821,1.);
#821 = DIRECTION('',(0.,0.,1.));
#822 = ORIENTED_EDGE('',*,*,#284,.T.);
#823 = ORIENTED_EDGE('',*,*,#824,.T.);
#824 = EDGE_CURVE('',#277,#825,#827,.T.);
#825 = VERTEX_POINT('',#826);
#826 = CARTESIAN_POINT('',(-1.95,1.7,1.025));
#827 = LINE('',#828,#829);
#828 = CARTESIAN_POINT('',(-1.95,1.7,0.786976568901));
#829 = VECTOR('',#830,1.);
#830 = DIRECTION('',(0.,0.,1.));
#831 = ORIENTED_EDGE('',*,*,#832,.F.);
#832 = EDGE_CURVE('',#816,#825,#833,.T.);
#833 = LINE('',#834,#835);
#834 = CARTESIAN_POINT('',(-1.95,-2.275,1.025));
#835 = VECTOR('',#836,1.);
#836 = DIRECTION('',(-1.110223024625E-16,1.,0.));
#837 = PLANE('',#838);
#838 = AXIS2_PLACEMENT_3D('',#839,#840,#841);
#839 = CARTESIAN_POINT('',(-1.95,-2.275,1.025));
#840 = DIRECTION('',(1.,1.110223024625E-16,0.));
#841 = DIRECTION('',(-1.110223024625E-16,1.,0.));
#842 = ADVANCED_FACE('',(#843),#868,.F.);
#843 = FACE_BOUND('',#844,.F.);
#844 = EDGE_LOOP('',(#845,#853,#854,#862));
#845 = ORIENTED_EDGE('',*,*,#846,.F.);
#846 = EDGE_CURVE('',#277,#847,#849,.T.);
#847 = VERTEX_POINT('',#848);
#848 = CARTESIAN_POINT('',(-2.25,1.7,0.825));
#849 = LINE('',#850,#851);
#850 = CARTESIAN_POINT('',(-1.8,1.7,0.825));
#851 = VECTOR('',#852,1.);
#852 = DIRECTION('',(-1.,1.144237745222E-17,0.));
#853 = ORIENTED_EDGE('',*,*,#276,.T.);
#854 = ORIENTED_EDGE('',*,*,#855,.T.);
#855 = EDGE_CURVE('',#269,#856,#858,.T.);
#856 = VERTEX_POINT('',#857);
#857 = CARTESIAN_POINT('',(-2.25,2.11,0.825));
#858 = LINE('',#859,#860);
#859 = CARTESIAN_POINT('',(-1.8,2.11,0.825));
#860 = VECTOR('',#861,1.);
#861 = DIRECTION('',(-1.,1.144237745222E-17,0.));
#862 = ORIENTED_EDGE('',*,*,#863,.F.);
#863 = EDGE_CURVE('',#847,#856,#864,.T.);
#864 = LINE('',#865,#866);
#865 = CARTESIAN_POINT('',(-2.25,1.7,0.825));
#866 = VECTOR('',#867,1.);
#867 = DIRECTION('',(1.144237745222E-17,1.,0.));
#868 = PLANE('',#869);
#869 = AXIS2_PLACEMENT_3D('',#870,#871,#872);
#870 = CARTESIAN_POINT('',(-1.8,1.7,0.825));
#871 = DIRECTION('',(0.,0.,1.));
#872 = DIRECTION('',(-1.,1.144237745222E-17,0.));
#873 = ADVANCED_FACE('',(#874),#885,.F.);
#874 = FACE_BOUND('',#875,.F.);
#875 = EDGE_LOOP('',(#876,#882,#883,#884));
#876 = ORIENTED_EDGE('',*,*,#877,.F.);
#877 = EDGE_CURVE('',#269,#593,#878,.T.);
#878 = LINE('',#879,#880);
#879 = CARTESIAN_POINT('',(-1.95,2.11,0.786976568901));
#880 = VECTOR('',#881,1.);
#881 = DIRECTION('',(0.,0.,1.));
#882 = ORIENTED_EDGE('',*,*,#268,.T.);
#883 = ORIENTED_EDGE('',*,*,#617,.T.);
#884 = ORIENTED_EDGE('',*,*,#600,.F.);
#885 = PLANE('',#886);
#886 = AXIS2_PLACEMENT_3D('',#887,#888,#889);
#887 = CARTESIAN_POINT('',(-1.95,-2.275,1.025));
#888 = DIRECTION('',(1.,1.110223024625E-16,0.));
#889 = DIRECTION('',(-1.110223024625E-16,1.,0.));
#890 = ADVANCED_FACE('',(#891),#902,.F.);
#891 = FACE_BOUND('',#892,.F.);
#892 = EDGE_LOOP('',(#893,#894,#895,#901));
#893 = ORIENTED_EDGE('',*,*,#504,.F.);
#894 = ORIENTED_EDGE('',*,*,#425,.T.);
#895 = ORIENTED_EDGE('',*,*,#896,.T.);
#896 = EDGE_CURVE('',#418,#537,#897,.T.);
#897 = LINE('',#898,#899);
#898 = CARTESIAN_POINT('',(1.95,2.11,0.786976568901));
#899 = VECTOR('',#900,1.);
#900 = DIRECTION('',(0.,0.,1.));
#901 = ORIENTED_EDGE('',*,*,#536,.F.);
#902 = PLANE('',#903);
#903 = AXIS2_PLACEMENT_3D('',#904,#905,#906);
#904 = CARTESIAN_POINT('',(1.95,2.275,1.025));
#905 = DIRECTION('',(-1.,-1.110223024625E-16,0.));
#906 = DIRECTION('',(1.110223024625E-16,-1.,0.));
#907 = ADVANCED_FACE('',(#908),#933,.F.);
#908 = FACE_BOUND('',#909,.F.);
#909 = EDGE_LOOP('',(#910,#918,#919,#927));
#910 = ORIENTED_EDGE('',*,*,#911,.F.);
#911 = EDGE_CURVE('',#418,#912,#914,.T.);
#912 = VERTEX_POINT('',#913);
#913 = CARTESIAN_POINT('',(2.25,2.11,0.825));
#914 = LINE('',#915,#916);
#915 = CARTESIAN_POINT('',(1.8,2.11,0.825));
#916 = VECTOR('',#917,1.);
#917 = DIRECTION('',(1.,1.110223024625E-16,0.));
#918 = ORIENTED_EDGE('',*,*,#417,.T.);
#919 = ORIENTED_EDGE('',*,*,#920,.T.);
#920 = EDGE_CURVE('',#410,#921,#923,.T.);
#921 = VERTEX_POINT('',#922);
#922 = CARTESIAN_POINT('',(2.25,1.7,0.825));
#923 = LINE('',#924,#925);
#924 = CARTESIAN_POINT('',(1.8,1.7,0.825));
#925 = VECTOR('',#926,1.);
#926 = DIRECTION('',(1.,1.110223024625E-16,0.));
#927 = ORIENTED_EDGE('',*,*,#928,.F.);
#928 = EDGE_CURVE('',#912,#921,#929,.T.);
#929 = LINE('',#930,#931);
#930 = CARTESIAN_POINT('',(2.25,2.11,0.825));
#931 = VECTOR('',#932,1.);
#932 = DIRECTION('',(1.110223024625E-16,-1.,0.));
#933 = PLANE('',#934);
#934 = AXIS2_PLACEMENT_3D('',#935,#936,#937);
#935 = CARTESIAN_POINT('',(1.8,2.11,0.825));
#936 = DIRECTION('',(0.,0.,1.));
#937 = DIRECTION('',(1.,1.110223024625E-16,-0.));
#938 = ADVANCED_FACE('',(#939),#964,.F.);
#939 = FACE_BOUND('',#940,.F.);
#940 = EDGE_LOOP('',(#941,#949,#950,#958));
#941 = ORIENTED_EDGE('',*,*,#942,.F.);
#942 = EDGE_CURVE('',#410,#943,#945,.T.);
#943 = VERTEX_POINT('',#944);
#944 = CARTESIAN_POINT('',(1.95,1.7,1.025));
#945 = LINE('',#946,#947);
#946 = CARTESIAN_POINT('',(1.95,1.7,0.786976568901));
#947 = VECTOR('',#948,1.);
#948 = DIRECTION('',(0.,0.,1.));
#949 = ORIENTED_EDGE('',*,*,#409,.T.);
#950 = ORIENTED_EDGE('',*,*,#951,.T.);
#951 = EDGE_CURVE('',#402,#952,#954,.T.);
#952 = VERTEX_POINT('',#953);
#953 = CARTESIAN_POINT('',(1.95,0.84,1.025));
#954 = LINE('',#955,#956);
#955 = CARTESIAN_POINT('',(1.95,0.84,0.786976568901));
#956 = VECTOR('',#957,1.);
#957 = DIRECTION('',(0.,0.,1.));
#958 = ORIENTED_EDGE('',*,*,#959,.F.);
#959 = EDGE_CURVE('',#943,#952,#960,.T.);
#960 = LINE('',#961,#962);
#961 = CARTESIAN_POINT('',(1.95,2.275,1.025));
#962 = VECTOR('',#963,1.);
#963 = DIRECTION('',(1.110223024625E-16,-1.,0.));
#964 = PLANE('',#965);
#965 = AXIS2_PLACEMENT_3D('',#966,#967,#968);
#966 = CARTESIAN_POINT('',(1.95,2.275,1.025));
#967 = DIRECTION('',(-1.,-1.110223024625E-16,0.));
#968 = DIRECTION('',(1.110223024625E-16,-1.,0.));
#969 = ADVANCED_FACE('',(#970),#995,.F.);
#970 = FACE_BOUND('',#971,.F.);
#971 = EDGE_LOOP('',(#972,#980,#981,#989));
#972 = ORIENTED_EDGE('',*,*,#973,.F.);
#973 = EDGE_CURVE('',#402,#974,#976,.T.);
#974 = VERTEX_POINT('',#975);
#975 = CARTESIAN_POINT('',(2.25,0.84,0.825));
#976 = LINE('',#977,#978);
#977 = CARTESIAN_POINT('',(1.8,0.84,0.825));
#978 = VECTOR('',#979,1.);
#979 = DIRECTION('',(1.,1.110223024625E-16,0.));
#980 = ORIENTED_EDGE('',*,*,#401,.T.);
#981 = ORIENTED_EDGE('',*,*,#982,.T.);
#982 = EDGE_CURVE('',#394,#983,#985,.T.);
#983 = VERTEX_POINT('',#984);
#984 = CARTESIAN_POINT('',(2.25,0.43,0.825));
#985 = LINE('',#986,#987);
#986 = CARTESIAN_POINT('',(1.8,0.43,0.825));
#987 = VECTOR('',#988,1.);
#988 = DIRECTION('',(1.,1.110223024625E-16,0.));
#989 = ORIENTED_EDGE('',*,*,#990,.F.);
#990 = EDGE_CURVE('',#974,#983,#991,.T.);
#991 = LINE('',#992,#993);
#992 = CARTESIAN_POINT('',(2.25,0.84,0.825));
#993 = VECTOR('',#994,1.);
#994 = DIRECTION('',(1.110223024625E-16,-1.,0.));
#995 = PLANE('',#996);
#996 = AXIS2_PLACEMENT_3D('',#997,#998,#999);
#997 = CARTESIAN_POINT('',(1.8,0.84,0.825));
#998 = DIRECTION('',(0.,0.,1.));
#999 = DIRECTION('',(1.,1.110223024625E-16,-0.));
#1000 = ADVANCED_FACE('',(#1001),#1026,.F.);
#1001 = FACE_BOUND('',#1002,.F.);
#1002 = EDGE_LOOP('',(#1003,#1011,#1012,#1020));
#1003 = ORIENTED_EDGE('',*,*,#1004,.F.);
#1004 = EDGE_CURVE('',#394,#1005,#1007,.T.);
#1005 = VERTEX_POINT('',#1006);
#1006 = CARTESIAN_POINT('',(1.95,0.43,1.025));
#1007 = LINE('',#1008,#1009);
#1008 = CARTESIAN_POINT('',(1.95,0.43,0.786976568901));
#1009 = VECTOR('',#1010,1.);
#1010 = DIRECTION('',(0.,0.,1.));
#1011 = ORIENTED_EDGE('',*,*,#393,.T.);
#1012 = ORIENTED_EDGE('',*,*,#1013,.T.);
#1013 = EDGE_CURVE('',#386,#1014,#1016,.T.);
#1014 = VERTEX_POINT('',#1015);
#1015 = CARTESIAN_POINT('',(1.95,-0.43,1.025));
#1016 = LINE('',#1017,#1018);
#1017 = CARTESIAN_POINT('',(1.95,-0.43,0.786976568901));
#1018 = VECTOR('',#1019,1.);
#1019 = DIRECTION('',(0.,0.,1.));
#1020 = ORIENTED_EDGE('',*,*,#1021,.F.);
#1021 = EDGE_CURVE('',#1005,#1014,#1022,.T.);
#1022 = LINE('',#1023,#1024);
#1023 = CARTESIAN_POINT('',(1.95,2.275,1.025));
#1024 = VECTOR('',#1025,1.);
#1025 = DIRECTION('',(1.110223024625E-16,-1.,0.));
#1026 = PLANE('',#1027);
#1027 = AXIS2_PLACEMENT_3D('',#1028,#1029,#1030);
#1028 = CARTESIAN_POINT('',(1.95,2.275,1.025));
#1029 = DIRECTION('',(-1.,-1.110223024625E-16,0.));
#1030 = DIRECTION('',(1.110223024625E-16,-1.,0.));
#1031 = ADVANCED_FACE('',(#1032),#1057,.F.);
#1032 = FACE_BOUND('',#1033,.F.);
#1033 = EDGE_LOOP('',(#1034,#1042,#1043,#1051));
#1034 = ORIENTED_EDGE('',*,*,#1035,.F.);
#1035 = EDGE_CURVE('',#386,#1036,#1038,.T.);
#1036 = VERTEX_POINT('',#1037);
#1037 = CARTESIAN_POINT('',(2.25,-0.43,0.825));
#1038 = LINE('',#1039,#1040);
#1039 = CARTESIAN_POINT('',(1.8,-0.43,0.825));
#1040 = VECTOR('',#1041,1.);
#1041 = DIRECTION('',(1.,1.110223024625E-16,0.));
#1042 = ORIENTED_EDGE('',*,*,#385,.T.);
#1043 = ORIENTED_EDGE('',*,*,#1044,.T.);
#1044 = EDGE_CURVE('',#378,#1045,#1047,.T.);
#1045 = VERTEX_POINT('',#1046);
#1046 = CARTESIAN_POINT('',(2.25,-0.84,0.825));
#1047 = LINE('',#1048,#1049);
#1048 = CARTESIAN_POINT('',(1.8,-0.84,0.825));
#1049 = VECTOR('',#1050,1.);
#1050 = DIRECTION('',(1.,1.110223024625E-16,0.));
#1051 = ORIENTED_EDGE('',*,*,#1052,.F.);
#1052 = EDGE_CURVE('',#1036,#1045,#1053,.T.);
#1053 = LINE('',#1054,#1055);
#1054 = CARTESIAN_POINT('',(2.25,-0.43,0.825));
#1055 = VECTOR('',#1056,1.);
#1056 = DIRECTION('',(1.110223024625E-16,-1.,0.));
#1057 = PLANE('',#1058);
#1058 = AXIS2_PLACEMENT_3D('',#1059,#1060,#1061);
#1059 = CARTESIAN_POINT('',(1.8,-0.43,0.825));
#1060 = DIRECTION('',(0.,0.,1.));
#1061 = DIRECTION('',(1.,1.110223024625E-16,-0.));
#1062 = ADVANCED_FACE('',(#1063),#1088,.F.);
#1063 = FACE_BOUND('',#1064,.F.);
#1064 = EDGE_LOOP('',(#1065,#1073,#1074,#1082));
#1065 = ORIENTED_EDGE('',*,*,#1066,.F.);
#1066 = EDGE_CURVE('',#378,#1067,#1069,.T.);
#1067 = VERTEX_POINT('',#1068);
#1068 = CARTESIAN_POINT('',(1.95,-0.84,1.025));
#1069 = LINE('',#1070,#1071);
#1070 = CARTESIAN_POINT('',(1.95,-0.84,0.786976568901));
#1071 = VECTOR('',#1072,1.);
#1072 = DIRECTION('',(0.,0.,1.));
#1073 = ORIENTED_EDGE('',*,*,#377,.T.);
#1074 = ORIENTED_EDGE('',*,*,#1075,.T.);
#1075 = EDGE_CURVE('',#370,#1076,#1078,.T.);
#1076 = VERTEX_POINT('',#1077);
#1077 = CARTESIAN_POINT('',(1.95,-1.7,1.025));
#1078 = LINE('',#1079,#1080);
#1079 = CARTESIAN_POINT('',(1.95,-1.7,0.786976568901));
#1080 = VECTOR('',#1081,1.);
#1081 = DIRECTION('',(0.,0.,1.));
#1082 = ORIENTED_EDGE('',*,*,#1083,.F.);
#1083 = EDGE_CURVE('',#1067,#1076,#1084,.T.);
#1084 = LINE('',#1085,#1086);
#1085 = CARTESIAN_POINT('',(1.95,2.275,1.025));
#1086 = VECTOR('',#1087,1.);
#1087 = DIRECTION('',(1.110223024625E-16,-1.,0.));
#1088 = PLANE('',#1089);
#1089 = AXIS2_PLACEMENT_3D('',#1090,#1091,#1092);
#1090 = CARTESIAN_POINT('',(1.95,2.275,1.025));
#1091 = DIRECTION('',(-1.,-1.110223024625E-16,0.));
#1092 = DIRECTION('',(1.110223024625E-16,-1.,0.));
#1093 = ADVANCED_FACE('',(#1094),#1119,.F.);
#1094 = FACE_BOUND('',#1095,.F.);
#1095 = EDGE_LOOP('',(#1096,#1104,#1105,#1113));
#1096 = ORIENTED_EDGE('',*,*,#1097,.F.);
#1097 = EDGE_CURVE('',#370,#1098,#1100,.T.);
#1098 = VERTEX_POINT('',#1099);
#1099 = CARTESIAN_POINT('',(2.25,-1.7,0.825));
#1100 = LINE('',#1101,#1102);
#1101 = CARTESIAN_POINT('',(1.8,-1.7,0.825));
#1102 = VECTOR('',#1103,1.);
#1103 = DIRECTION('',(1.,1.110223024625E-16,0.));
#1104 = ORIENTED_EDGE('',*,*,#369,.T.);
#1105 = ORIENTED_EDGE('',*,*,#1106,.T.);
#1106 = EDGE_CURVE('',#362,#1107,#1109,.T.);
#1107 = VERTEX_POINT('',#1108);
#1108 = CARTESIAN_POINT('',(2.25,-2.11,0.825));
#1109 = LINE('',#1110,#1111);
#1110 = CARTESIAN_POINT('',(1.8,-2.11,0.825));
#1111 = VECTOR('',#1112,1.);
#1112 = DIRECTION('',(1.,1.110223024625E-16,0.));
#1113 = ORIENTED_EDGE('',*,*,#1114,.F.);
#1114 = EDGE_CURVE('',#1098,#1107,#1115,.T.);
#1115 = LINE('',#1116,#1117);
#1116 = CARTESIAN_POINT('',(2.25,-1.7,0.825));
#1117 = VECTOR('',#1118,1.);
#1118 = DIRECTION('',(1.110223024625E-16,-1.,0.));
#1119 = PLANE('',#1120);
#1120 = AXIS2_PLACEMENT_3D('',#1121,#1122,#1123);
#1121 = CARTESIAN_POINT('',(1.8,-1.7,0.825));
#1122 = DIRECTION('',(0.,0.,1.));
#1123 = DIRECTION('',(1.,1.110223024625E-16,-0.));
#1124 = ADVANCED_FACE('',(#1125),#1149,.F.);
#1125 = FACE_BOUND('',#1126,.F.);
#1126 = EDGE_LOOP('',(#1127,#1135,#1136,#1143));
#1127 = ORIENTED_EDGE('',*,*,#1128,.F.);
#1128 = EDGE_CURVE('',#362,#1129,#1131,.T.);
#1129 = VERTEX_POINT('',#1130);
#1130 = CARTESIAN_POINT('',(1.95,-2.11,1.025));
#1131 = LINE('',#1132,#1133);
#1132 = CARTESIAN_POINT('',(1.95,-2.11,0.786976568901));
#1133 = VECTOR('',#1134,1.);
#1134 = DIRECTION('',(0.,0.,1.));
#1135 = ORIENTED_EDGE('',*,*,#361,.T.);
#1136 = ORIENTED_EDGE('',*,*,#1137,.T.);
#1137 = EDGE_CURVE('',#355,#1138,#1140,.T.);
#1138 = VERTEX_POINT('',#1139);
#1139 = CARTESIAN_POINT('',(1.95,-2.275,1.025));
#1140 = B_SPLINE_CURVE_WITH_KNOTS('',1,(#1141,#1142),.UNSPECIFIED.,.F.,
  .F.,(2,2),(0.,1.),.PIECEWISE_BEZIER_KNOTS.);
#1141 = CARTESIAN_POINT('',(1.95,-2.275,0.825));
#1142 = CARTESIAN_POINT('',(1.95,-2.275,1.025));
#1143 = ORIENTED_EDGE('',*,*,#1144,.F.);
#1144 = EDGE_CURVE('',#1129,#1138,#1145,.T.);
#1145 = LINE('',#1146,#1147);
#1146 = CARTESIAN_POINT('',(1.95,2.275,1.025));
#1147 = VECTOR('',#1148,1.);
#1148 = DIRECTION('',(1.110223024625E-16,-1.,0.));
#1149 = PLANE('',#1150);
#1150 = AXIS2_PLACEMENT_3D('',#1151,#1152,#1153);
#1151 = CARTESIAN_POINT('',(1.95,2.275,1.025));
#1152 = DIRECTION('',(-1.,-1.110223024625E-16,0.));
#1153 = DIRECTION('',(1.110223024625E-16,-1.,0.));
#1154 = ADVANCED_FACE('',(#1155),#1172,.F.);
#1155 = FACE_BOUND('',#1156,.F.);
#1156 = EDGE_LOOP('',(#1157,#1158,#1159,#1167));
#1157 = ORIENTED_EDGE('',*,*,#442,.T.);
#1158 = ORIENTED_EDGE('',*,*,#630,.T.);
#1159 = ORIENTED_EDGE('',*,*,#1160,.F.);
#1160 = EDGE_CURVE('',#1161,#631,#1163,.T.);
#1161 = VERTEX_POINT('',#1162);
#1162 = CARTESIAN_POINT('',(-1.775,-2.45,1.025));
#1163 = LINE('',#1164,#1165);
#1164 = CARTESIAN_POINT('',(-1.775,-2.45,1.025));
#1165 = VECTOR('',#1166,1.);
#1166 = DIRECTION('',(-0.707106781187,0.707106781187,0.));
#1167 = ORIENTED_EDGE('',*,*,#1168,.F.);
#1168 = EDGE_CURVE('',#443,#1161,#1169,.T.);
#1169 = B_SPLINE_CURVE_WITH_KNOTS('',1,(#1170,#1171),.UNSPECIFIED.,.F.,
  .F.,(2,2),(0.,1.),.PIECEWISE_BEZIER_KNOTS.);
#1170 = CARTESIAN_POINT('',(-1.775,-2.45,0.825));
#1171 = CARTESIAN_POINT('',(-1.775,-2.45,1.025));
#1172 = PLANE('',#1173);
#1173 = AXIS2_PLACEMENT_3D('',#1174,#1175,#1176);
#1174 = CARTESIAN_POINT('',(-1.775,-2.45,1.025));
#1175 = DIRECTION('',(0.707106781187,0.707106781187,0.));
#1176 = DIRECTION('',(-0.707106781187,0.707106781187,0.));
#1177 = ADVANCED_FACE('',(#1178),#1195,.F.);
#1178 = FACE_BOUND('',#1179,.F.);
#1179 = EDGE_LOOP('',(#1180,#1181,#1188,#1194));
#1180 = ORIENTED_EDGE('',*,*,#471,.T.);
#1181 = ORIENTED_EDGE('',*,*,#1182,.T.);
#1182 = EDGE_CURVE('',#465,#1183,#1185,.T.);
#1183 = VERTEX_POINT('',#1184);
#1184 = CARTESIAN_POINT('',(1.775,-2.45,1.025));
#1185 = B_SPLINE_CURVE_WITH_KNOTS('',1,(#1186,#1187),.UNSPECIFIED.,.F.,
  .F.,(2,2),(0.,1.),.PIECEWISE_BEZIER_KNOTS.);
#1186 = CARTESIAN_POINT('',(1.775,-2.45,0.825));
#1187 = CARTESIAN_POINT('',(1.775,-2.45,1.025));
#1188 = ORIENTED_EDGE('',*,*,#1189,.F.);
#1189 = EDGE_CURVE('',#1138,#1183,#1190,.T.);
#1190 = LINE('',#1191,#1192);
#1191 = CARTESIAN_POINT('',(1.95,-2.275,1.025));
#1192 = VECTOR('',#1193,1.);
#1193 = DIRECTION('',(-0.707106781187,-0.707106781187,0.));
#1194 = ORIENTED_EDGE('',*,*,#1137,.F.);
#1195 = PLANE('',#1196);
#1196 = AXIS2_PLACEMENT_3D('',#1197,#1198,#1199);
#1197 = CARTESIAN_POINT('',(1.95,-2.275,1.025));
#1198 = DIRECTION('',(-0.707106781187,0.707106781187,0.));
#1199 = DIRECTION('',(-0.707106781187,-0.707106781187,0.));
#1200 = ADVANCED_FACE('',(#1201),#1212,.F.);
#1201 = FACE_BOUND('',#1202,.F.);
#1202 = EDGE_LOOP('',(#1203,#1204,#1205,#1211));
#1203 = ORIENTED_EDGE('',*,*,#488,.T.);
#1204 = ORIENTED_EDGE('',*,*,#1168,.T.);
#1205 = ORIENTED_EDGE('',*,*,#1206,.F.);
#1206 = EDGE_CURVE('',#1183,#1161,#1207,.T.);
#1207 = LINE('',#1208,#1209);
#1208 = CARTESIAN_POINT('',(1.775,-2.45,1.025));
#1209 = VECTOR('',#1210,1.);
#1210 = DIRECTION('',(-1.,-1.110223024625E-16,0.));
#1211 = ORIENTED_EDGE('',*,*,#1182,.F.);
#1212 = PLANE('',#1213);
#1213 = AXIS2_PLACEMENT_3D('',#1214,#1215,#1216);
#1214 = CARTESIAN_POINT('',(1.775,-2.45,1.025));
#1215 = DIRECTION('',(-1.110223024625E-16,1.,0.));
#1216 = DIRECTION('',(-1.,-1.110223024625E-16,0.));
#1217 = ADVANCED_FACE('',(#1218),#1257,.F.);
#1218 = FACE_BOUND('',#1219,.F.);
#1219 = EDGE_LOOP('',(#1220,#1228,#1236,#1242,#1243,#1251));
#1220 = ORIENTED_EDGE('',*,*,#1221,.F.);
#1221 = EDGE_CURVE('',#1222,#825,#1224,.T.);
#1222 = VERTEX_POINT('',#1223);
#1223 = CARTESIAN_POINT('',(-2.25,1.7,1.025));
#1224 = LINE('',#1225,#1226);
#1225 = CARTESIAN_POINT('',(-2.25,1.7,1.025));
#1226 = VECTOR('',#1227,1.);
#1227 = DIRECTION('',(1.,-1.144237745222E-17,0.));
#1228 = ORIENTED_EDGE('',*,*,#1229,.T.);
#1229 = EDGE_CURVE('',#1222,#1230,#1232,.T.);
#1230 = VERTEX_POINT('',#1231);
#1231 = CARTESIAN_POINT('',(-2.25,2.11,1.025));
#1232 = LINE('',#1233,#1234);
#1233 = CARTESIAN_POINT('',(-2.25,1.7,1.025));
#1234 = VECTOR('',#1235,1.);
#1235 = DIRECTION('',(1.144237745222E-17,1.,0.));
#1236 = ORIENTED_EDGE('',*,*,#1237,.T.);
#1237 = EDGE_CURVE('',#1230,#593,#1238,.T.);
#1238 = LINE('',#1239,#1240);
#1239 = CARTESIAN_POINT('',(-2.25,2.11,1.025));
#1240 = VECTOR('',#1241,1.);
#1241 = DIRECTION('',(1.,-1.144237745222E-17,0.));
#1242 = ORIENTED_EDGE('',*,*,#592,.T.);
#1243 = ORIENTED_EDGE('',*,*,#1244,.F.);
#1244 = EDGE_CURVE('',#1245,#585,#1247,.T.);
#1245 = VERTEX_POINT('',#1246);
#1246 = CARTESIAN_POINT('',(-1.875,1.7,1.025));
#1247 = LINE('',#1248,#1249);
#1248 = CARTESIAN_POINT('',(-1.875,-2.2375,1.025));
#1249 = VECTOR('',#1250,1.);
#1250 = DIRECTION('',(-1.110223024625E-16,1.,0.));
#1251 = ORIENTED_EDGE('',*,*,#1252,.F.);
#1252 = EDGE_CURVE('',#825,#1245,#1253,.T.);
#1253 = LINE('',#1254,#1255);
#1254 = CARTESIAN_POINT('',(-2.25,1.7,1.025));
#1255 = VECTOR('',#1256,1.);
#1256 = DIRECTION('',(1.,-1.144237745222E-17,0.));
#1257 = PLANE('',#1258);
#1258 = AXIS2_PLACEMENT_3D('',#1259,#1260,#1261);
#1259 = CARTESIAN_POINT('',(-2.25,1.7,1.025));
#1260 = DIRECTION('',(0.,0.,-1.));
#1261 = DIRECTION('',(1.,-1.144237745222E-17,0.));
#1262 = ADVANCED_FACE('',(#1263),#1343,.F.);
#1263 = FACE_BOUND('',#1264,.F.);
#1264 = EDGE_LOOP('',(#1265,#1275,#1283,#1291,#1299,#1307,#1315,#1321,
    #1322,#1323,#1330,#1338));
#1265 = ORIENTED_EDGE('',*,*,#1266,.T.);
#1266 = EDGE_CURVE('',#1267,#1269,#1271,.T.);
#1267 = VERTEX_POINT('',#1268);
#1268 = CARTESIAN_POINT('',(-1.875,-2.2375,1.025));
#1269 = VERTEX_POINT('',#1270);
#1270 = CARTESIAN_POINT('',(-1.875,-2.11,1.025));
#1271 = LINE('',#1272,#1273);
#1272 = CARTESIAN_POINT('',(-1.875,-2.2375,1.025));
#1273 = VECTOR('',#1274,1.);
#1274 = DIRECTION('',(-1.110223024625E-16,1.,0.));
#1275 = ORIENTED_EDGE('',*,*,#1276,.T.);
#1276 = EDGE_CURVE('',#1269,#1277,#1279,.T.);
#1277 = VERTEX_POINT('',#1278);
#1278 = CARTESIAN_POINT('',(-1.875,-1.7,1.025));
#1279 = LINE('',#1280,#1281);
#1280 = CARTESIAN_POINT('',(-1.875,-2.2375,1.025));
#1281 = VECTOR('',#1282,1.);
#1282 = DIRECTION('',(-1.110223024625E-16,1.,0.));
#1283 = ORIENTED_EDGE('',*,*,#1284,.T.);
#1284 = EDGE_CURVE('',#1277,#1285,#1287,.T.);
#1285 = VERTEX_POINT('',#1286);
#1286 = CARTESIAN_POINT('',(-1.875,-0.84,1.025));
#1287 = LINE('',#1288,#1289);
#1288 = CARTESIAN_POINT('',(-1.875,-2.2375,1.025));
#1289 = VECTOR('',#1290,1.);
#1290 = DIRECTION('',(-1.110223024625E-16,1.,0.));
#1291 = ORIENTED_EDGE('',*,*,#1292,.T.);
#1292 = EDGE_CURVE('',#1285,#1293,#1295,.T.);
#1293 = VERTEX_POINT('',#1294);
#1294 = CARTESIAN_POINT('',(-1.875,-0.43,1.025));
#1295 = LINE('',#1296,#1297);
#1296 = CARTESIAN_POINT('',(-1.875,-2.2375,1.025));
#1297 = VECTOR('',#1298,1.);
#1298 = DIRECTION('',(-1.110223024625E-16,1.,0.));
#1299 = ORIENTED_EDGE('',*,*,#1300,.T.);
#1300 = EDGE_CURVE('',#1293,#1301,#1303,.T.);
#1301 = VERTEX_POINT('',#1302);
#1302 = CARTESIAN_POINT('',(-1.875,0.43,1.025));
#1303 = LINE('',#1304,#1305);
#1304 = CARTESIAN_POINT('',(-1.875,-2.2375,1.025));
#1305 = VECTOR('',#1306,1.);
#1306 = DIRECTION('',(-1.110223024625E-16,1.,0.));
#1307 = ORIENTED_EDGE('',*,*,#1308,.T.);
#1308 = EDGE_CURVE('',#1301,#1309,#1311,.T.);
#1309 = VERTEX_POINT('',#1310);
#1310 = CARTESIAN_POINT('',(-1.875,0.84,1.025));
#1311 = LINE('',#1312,#1313);
#1312 = CARTESIAN_POINT('',(-1.875,-2.2375,1.025));
#1313 = VECTOR('',#1314,1.);
#1314 = DIRECTION('',(-1.110223024625E-16,1.,0.));
#1315 = ORIENTED_EDGE('',*,*,#1316,.T.);
#1316 = EDGE_CURVE('',#1309,#1245,#1317,.T.);
#1317 = LINE('',#1318,#1319);
#1318 = CARTESIAN_POINT('',(-1.875,-2.2375,1.025));
#1319 = VECTOR('',#1320,1.);
#1320 = DIRECTION('',(-1.110223024625E-16,1.,0.));
#1321 = ORIENTED_EDGE('',*,*,#1244,.T.);
#1322 = ORIENTED_EDGE('',*,*,#584,.T.);
#1323 = ORIENTED_EDGE('',*,*,#1324,.T.);
#1324 = EDGE_CURVE('',#577,#1325,#1327,.T.);
#1325 = VERTEX_POINT('',#1326);
#1326 = CARTESIAN_POINT('',(-1.760171280765,2.180085640382,1.75));
#1327 = B_SPLINE_CURVE_WITH_KNOTS('',1,(#1328,#1329),.UNSPECIFIED.,.F.,
  .F.,(2,2),(0.,1.),.PIECEWISE_BEZIER_KNOTS.);
#1328 = CARTESIAN_POINT('',(-1.875,2.2375,1.025));
#1329 = CARTESIAN_POINT('',(-1.760171280765,2.180085640382,1.75));
#1330 = ORIENTED_EDGE('',*,*,#1331,.F.);
#1331 = EDGE_CURVE('',#1332,#1325,#1334,.T.);
#1332 = VERTEX_POINT('',#1333);
#1333 = CARTESIAN_POINT('',(-1.760171280765,-2.180085640382,1.75));
#1334 = LINE('',#1335,#1336);
#1335 = CARTESIAN_POINT('',(-1.760171280765,-2.180085640382,1.75));
#1336 = VECTOR('',#1337,1.);
#1337 = DIRECTION('',(-1.110223024625E-16,1.,0.));
#1338 = ORIENTED_EDGE('',*,*,#1339,.F.);
#1339 = EDGE_CURVE('',#1267,#1332,#1340,.T.);
#1340 = B_SPLINE_CURVE_WITH_KNOTS('',1,(#1341,#1342),.UNSPECIFIED.,.F.,
  .F.,(2,2),(0.,1.),.PIECEWISE_BEZIER_KNOTS.);
#1341 = CARTESIAN_POINT('',(-1.875,-2.2375,1.025));
#1342 = CARTESIAN_POINT('',(-1.760171280765,-2.180085640382,1.75));
#1343 = B_SPLINE_SURFACE_WITH_KNOTS('',1,1,(
    (#1344,#1345)
    ,(#1346,#1347
    )),.UNSPECIFIED.,.F.,.F.,.F.,(2,2),(2,2),(0.,4.475),(0.,1.),
  .PIECEWISE_BEZIER_KNOTS.);
#1344 = CARTESIAN_POINT('',(-1.875,-2.2375,1.025));
#1345 = CARTESIAN_POINT('',(-1.760171280765,-2.180085640382,1.75));
#1346 = CARTESIAN_POINT('',(-1.875,2.2375,1.025));
#1347 = CARTESIAN_POINT('',(-1.760171280765,2.180085640382,1.75));
#1348 = ADVANCED_FACE('',(#1349),#1366,.F.);
#1349 = FACE_BOUND('',#1350,.F.);
#1350 = EDGE_LOOP('',(#1351,#1352,#1359,#1365));
#1351 = ORIENTED_EDGE('',*,*,#576,.T.);
#1352 = ORIENTED_EDGE('',*,*,#1353,.T.);
#1353 = EDGE_CURVE('',#569,#1354,#1356,.T.);
#1354 = VERTEX_POINT('',#1355);
#1355 = CARTESIAN_POINT('',(-1.680085640382,2.260171280765,1.75));
#1356 = B_SPLINE_CURVE_WITH_KNOTS('',1,(#1357,#1358),.UNSPECIFIED.,.F.,
  .F.,(2,2),(0.,1.),.PIECEWISE_BEZIER_KNOTS.);
#1357 = CARTESIAN_POINT('',(-1.7375,2.375,1.025));
#1358 = CARTESIAN_POINT('',(-1.680085640382,2.260171280765,1.75));
#1359 = ORIENTED_EDGE('',*,*,#1360,.F.);
#1360 = EDGE_CURVE('',#1325,#1354,#1361,.T.);
#1361 = LINE('',#1362,#1363);
#1362 = CARTESIAN_POINT('',(-1.760171280765,2.180085640382,1.75));
#1363 = VECTOR('',#1364,1.);
#1364 = DIRECTION('',(0.707106781187,0.707106781187,0.));
#1365 = ORIENTED_EDGE('',*,*,#1324,.F.);
#1366 = B_SPLINE_SURFACE_WITH_KNOTS('',1,1,(
    (#1367,#1368)
    ,(#1369,#1370
    )),.UNSPECIFIED.,.F.,.F.,.F.,(2,2),(2,2),(0.,0.194454364826),(0.,1.)
  ,.PIECEWISE_BEZIER_KNOTS.);
#1367 = CARTESIAN_POINT('',(-1.875,2.2375,1.025));
#1368 = CARTESIAN_POINT('',(-1.760171280765,2.180085640382,1.75));
#1369 = CARTESIAN_POINT('',(-1.7375,2.375,1.025));
#1370 = CARTESIAN_POINT('',(-1.680085640382,2.260171280765,1.75));
#1371 = ADVANCED_FACE('',(#1372),#1389,.F.);
#1372 = FACE_BOUND('',#1373,.F.);
#1373 = EDGE_LOOP('',(#1374,#1375,#1382,#1388));
#1374 = ORIENTED_EDGE('',*,*,#568,.T.);
#1375 = ORIENTED_EDGE('',*,*,#1376,.T.);
#1376 = EDGE_CURVE('',#561,#1377,#1379,.T.);
#1377 = VERTEX_POINT('',#1378);
#1378 = CARTESIAN_POINT('',(1.680085640382,2.260171280765,1.75));
#1379 = B_SPLINE_CURVE_WITH_KNOTS('',1,(#1380,#1381),.UNSPECIFIED.,.F.,
  .F.,(2,2),(0.,1.),.PIECEWISE_BEZIER_KNOTS.);
#1380 = CARTESIAN_POINT('',(1.7375,2.375,1.025));
#1381 = CARTESIAN_POINT('',(1.680085640382,2.260171280765,1.75));
#1382 = ORIENTED_EDGE('',*,*,#1383,.F.);
#1383 = EDGE_CURVE('',#1354,#1377,#1384,.T.);
#1384 = LINE('',#1385,#1386);
#1385 = CARTESIAN_POINT('',(-1.680085640382,2.260171280765,1.75));
#1386 = VECTOR('',#1387,1.);
#1387 = DIRECTION('',(1.,1.110223024625E-16,0.));
#1388 = ORIENTED_EDGE('',*,*,#1353,.F.);
#1389 = B_SPLINE_SURFACE_WITH_KNOTS('',1,1,(
    (#1390,#1391)
    ,(#1392,#1393
    )),.UNSPECIFIED.,.F.,.F.,.F.,(2,2),(2,2),(0.,3.475),(0.,1.),
  .PIECEWISE_BEZIER_KNOTS.);
#1390 = CARTESIAN_POINT('',(-1.7375,2.375,1.025));
#1391 = CARTESIAN_POINT('',(-1.680085640382,2.260171280765,1.75));
#1392 = CARTESIAN_POINT('',(1.7375,2.375,1.025));
#1393 = CARTESIAN_POINT('',(1.680085640382,2.260171280765,1.75));
#1394 = ADVANCED_FACE('',(#1395),#1412,.F.);
#1395 = FACE_BOUND('',#1396,.F.);
#1396 = EDGE_LOOP('',(#1397,#1398,#1405,#1411));
#1397 = ORIENTED_EDGE('',*,*,#560,.T.);
#1398 = ORIENTED_EDGE('',*,*,#1399,.T.);
#1399 = EDGE_CURVE('',#553,#1400,#1402,.T.);
#1400 = VERTEX_POINT('',#1401);
#1401 = CARTESIAN_POINT('',(1.760171280765,2.180085640382,1.75));
#1402 = B_SPLINE_CURVE_WITH_KNOTS('',1,(#1403,#1404),.UNSPECIFIED.,.F.,
  .F.,(2,2),(0.,1.),.PIECEWISE_BEZIER_KNOTS.);
#1403 = CARTESIAN_POINT('',(1.875,2.2375,1.025));
#1404 = CARTESIAN_POINT('',(1.760171280765,2.180085640382,1.75));
#1405 = ORIENTED_EDGE('',*,*,#1406,.F.);
#1406 = EDGE_CURVE('',#1377,#1400,#1407,.T.);
#1407 = LINE('',#1408,#1409);
#1408 = CARTESIAN_POINT('',(1.680085640382,2.260171280765,1.75));
#1409 = VECTOR('',#1410,1.);
#1410 = DIRECTION('',(0.707106781187,-0.707106781187,0.));
#1411 = ORIENTED_EDGE('',*,*,#1376,.F.);
#1412 = B_SPLINE_SURFACE_WITH_KNOTS('',1,1,(
    (#1413,#1414)
    ,(#1415,#1416
    )),.UNSPECIFIED.,.F.,.F.,.F.,(2,2),(2,2),(0.,0.194454364826),(0.,1.)
  ,.PIECEWISE_BEZIER_KNOTS.);
#1413 = CARTESIAN_POINT('',(1.7375,2.375,1.025));
#1414 = CARTESIAN_POINT('',(1.680085640382,2.260171280765,1.75));
#1415 = CARTESIAN_POINT('',(1.875,2.2375,1.025));
#1416 = CARTESIAN_POINT('',(1.760171280765,2.180085640382,1.75));
#1417 = ADVANCED_FACE('',(#1418),#1499,.F.);
#1418 = FACE_BOUND('',#1419,.F.);
#1419 = EDGE_LOOP('',(#1420,#1421,#1429,#1437,#1445,#1453,#1461,#1469,
    #1477,#1485,#1492,#1498));
#1420 = ORIENTED_EDGE('',*,*,#552,.T.);
#1421 = ORIENTED_EDGE('',*,*,#1422,.T.);
#1422 = EDGE_CURVE('',#545,#1423,#1425,.T.);
#1423 = VERTEX_POINT('',#1424);
#1424 = CARTESIAN_POINT('',(1.875,1.7,1.025));
#1425 = LINE('',#1426,#1427);
#1426 = CARTESIAN_POINT('',(1.875,2.2375,1.025));
#1427 = VECTOR('',#1428,1.);
#1428 = DIRECTION('',(1.110223024625E-16,-1.,0.));
#1429 = ORIENTED_EDGE('',*,*,#1430,.T.);
#1430 = EDGE_CURVE('',#1423,#1431,#1433,.T.);
#1431 = VERTEX_POINT('',#1432);
#1432 = CARTESIAN_POINT('',(1.875,0.84,1.025));
#1433 = LINE('',#1434,#1435);
#1434 = CARTESIAN_POINT('',(1.875,2.2375,1.025));
#1435 = VECTOR('',#1436,1.);
#1436 = DIRECTION('',(1.110223024625E-16,-1.,0.));
#1437 = ORIENTED_EDGE('',*,*,#1438,.T.);
#1438 = EDGE_CURVE('',#1431,#1439,#1441,.T.);
#1439 = VERTEX_POINT('',#1440);
#1440 = CARTESIAN_POINT('',(1.875,0.43,1.025));
#1441 = LINE('',#1442,#1443);
#1442 = CARTESIAN_POINT('',(1.875,2.2375,1.025));
#1443 = VECTOR('',#1444,1.);
#1444 = DIRECTION('',(1.110223024625E-16,-1.,0.));
#1445 = ORIENTED_EDGE('',*,*,#1446,.T.);
#1446 = EDGE_CURVE('',#1439,#1447,#1449,.T.);
#1447 = VERTEX_POINT('',#1448);
#1448 = CARTESIAN_POINT('',(1.875,-0.43,1.025));
#1449 = LINE('',#1450,#1451);
#1450 = CARTESIAN_POINT('',(1.875,2.2375,1.025));
#1451 = VECTOR('',#1452,1.);
#1452 = DIRECTION('',(1.110223024625E-16,-1.,0.));
#1453 = ORIENTED_EDGE('',*,*,#1454,.T.);
#1454 = EDGE_CURVE('',#1447,#1455,#1457,.T.);
#1455 = VERTEX_POINT('',#1456);
#1456 = CARTESIAN_POINT('',(1.875,-0.84,1.025));
#1457 = LINE('',#1458,#1459);
#1458 = CARTESIAN_POINT('',(1.875,2.2375,1.025));
#1459 = VECTOR('',#1460,1.);
#1460 = DIRECTION('',(1.110223024625E-16,-1.,0.));
#1461 = ORIENTED_EDGE('',*,*,#1462,.T.);
#1462 = EDGE_CURVE('',#1455,#1463,#1465,.T.);
#1463 = VERTEX_POINT('',#1464);
#1464 = CARTESIAN_POINT('',(1.875,-1.7,1.025));
#1465 = LINE('',#1466,#1467);
#1466 = CARTESIAN_POINT('',(1.875,2.2375,1.025));
#1467 = VECTOR('',#1468,1.);
#1468 = DIRECTION('',(1.110223024625E-16,-1.,0.));
#1469 = ORIENTED_EDGE('',*,*,#1470,.T.);
#1470 = EDGE_CURVE('',#1463,#1471,#1473,.T.);
#1471 = VERTEX_POINT('',#1472);
#1472 = CARTESIAN_POINT('',(1.875,-2.11,1.025));
#1473 = LINE('',#1474,#1475);
#1474 = CARTESIAN_POINT('',(1.875,2.2375,1.025));
#1475 = VECTOR('',#1476,1.);
#1476 = DIRECTION('',(1.110223024625E-16,-1.,0.));
#1477 = ORIENTED_EDGE('',*,*,#1478,.T.);
#1478 = EDGE_CURVE('',#1471,#1479,#1481,.T.);
#1479 = VERTEX_POINT('',#1480);
#1480 = CARTESIAN_POINT('',(1.875,-2.2375,1.025));
#1481 = LINE('',#1482,#1483);
#1482 = CARTESIAN_POINT('',(1.875,2.2375,1.025));
#1483 = VECTOR('',#1484,1.);
#1484 = DIRECTION('',(1.110223024625E-16,-1.,0.));
#1485 = ORIENTED_EDGE('',*,*,#1486,.T.);
#1486 = EDGE_CURVE('',#1479,#1487,#1489,.T.);
#1487 = VERTEX_POINT('',#1488);
#1488 = CARTESIAN_POINT('',(1.760171280765,-2.180085640382,1.75));
#1489 = B_SPLINE_CURVE_WITH_KNOTS('',1,(#1490,#1491),.UNSPECIFIED.,.F.,
  .F.,(2,2),(0.,1.),.PIECEWISE_BEZIER_KNOTS.);
#1490 = CARTESIAN_POINT('',(1.875,-2.2375,1.025));
#1491 = CARTESIAN_POINT('',(1.760171280765,-2.180085640382,1.75));
#1492 = ORIENTED_EDGE('',*,*,#1493,.F.);
#1493 = EDGE_CURVE('',#1400,#1487,#1494,.T.);
#1494 = LINE('',#1495,#1496);
#1495 = CARTESIAN_POINT('',(1.760171280765,2.180085640382,1.75));
#1496 = VECTOR('',#1497,1.);
#1497 = DIRECTION('',(1.110223024625E-16,-1.,0.));
#1498 = ORIENTED_EDGE('',*,*,#1399,.F.);
#1499 = B_SPLINE_SURFACE_WITH_KNOTS('',1,1,(
    (#1500,#1501)
    ,(#1502,#1503
    )),.UNSPECIFIED.,.F.,.F.,.F.,(2,2),(2,2),(0.,4.475),(0.,1.),
  .PIECEWISE_BEZIER_KNOTS.);
#1500 = CARTESIAN_POINT('',(1.875,2.2375,1.025));
#1501 = CARTESIAN_POINT('',(1.760171280765,2.180085640382,1.75));
#1502 = CARTESIAN_POINT('',(1.875,-2.2375,1.025));
#1503 = CARTESIAN_POINT('',(1.760171280765,-2.180085640382,1.75));
#1504 = ADVANCED_FACE('',(#1505),#1537,.F.);
#1505 = FACE_BOUND('',#1506,.F.);
#1506 = EDGE_LOOP('',(#1507,#1515,#1523,#1529,#1535,#1536));
#1507 = ORIENTED_EDGE('',*,*,#1508,.F.);
#1508 = EDGE_CURVE('',#1509,#537,#1511,.T.);
#1509 = VERTEX_POINT('',#1510);
#1510 = CARTESIAN_POINT('',(2.25,2.11,1.025));
#1511 = LINE('',#1512,#1513);
#1512 = CARTESIAN_POINT('',(2.25,2.11,1.025));
#1513 = VECTOR('',#1514,1.);
#1514 = DIRECTION('',(-1.,-1.110223024625E-16,0.));
#1515 = ORIENTED_EDGE('',*,*,#1516,.T.);
#1516 = EDGE_CURVE('',#1509,#1517,#1519,.T.);
#1517 = VERTEX_POINT('',#1518);
#1518 = CARTESIAN_POINT('',(2.25,1.7,1.025));
#1519 = LINE('',#1520,#1521);
#1520 = CARTESIAN_POINT('',(2.25,2.11,1.025));
#1521 = VECTOR('',#1522,1.);
#1522 = DIRECTION('',(1.110223024625E-16,-1.,0.));
#1523 = ORIENTED_EDGE('',*,*,#1524,.T.);
#1524 = EDGE_CURVE('',#1517,#943,#1525,.T.);
#1525 = LINE('',#1526,#1527);
#1526 = CARTESIAN_POINT('',(2.25,1.7,1.025));
#1527 = VECTOR('',#1528,1.);
#1528 = DIRECTION('',(-1.,-1.110223024625E-16,0.));
#1529 = ORIENTED_EDGE('',*,*,#1530,.T.);
#1530 = EDGE_CURVE('',#943,#1423,#1531,.T.);
#1531 = LINE('',#1532,#1533);
#1532 = CARTESIAN_POINT('',(2.25,1.7,1.025));
#1533 = VECTOR('',#1534,1.);
#1534 = DIRECTION('',(-1.,-1.110223024625E-16,0.));
#1535 = ORIENTED_EDGE('',*,*,#1422,.F.);
#1536 = ORIENTED_EDGE('',*,*,#544,.F.);
#1537 = PLANE('',#1538);
#1538 = AXIS2_PLACEMENT_3D('',#1539,#1540,#1541);
#1539 = CARTESIAN_POINT('',(2.25,2.11,1.025));
#1540 = DIRECTION('',(0.,0.,-1.));
#1541 = DIRECTION('',(-1.,-1.110223024625E-16,-0.));
#1542 = ADVANCED_FACE('',(#1543),#1586,.F.);
#1543 = FACE_BOUND('',#1544,.F.);
#1544 = EDGE_LOOP('',(#1545,#1546,#1552,#1553,#1561,#1569,#1575,#1576,
    #1582,#1583,#1584,#1585));
#1545 = ORIENTED_EDGE('',*,*,#646,.T.);
#1546 = ORIENTED_EDGE('',*,*,#1547,.T.);
#1547 = EDGE_CURVE('',#639,#1269,#1548,.T.);
#1548 = LINE('',#1549,#1550);
#1549 = CARTESIAN_POINT('',(-2.25,-2.11,1.025));
#1550 = VECTOR('',#1551,1.);
#1551 = DIRECTION('',(1.,-1.144237745222E-17,0.));
#1552 = ORIENTED_EDGE('',*,*,#1266,.F.);
#1553 = ORIENTED_EDGE('',*,*,#1554,.F.);
#1554 = EDGE_CURVE('',#1555,#1267,#1557,.T.);
#1555 = VERTEX_POINT('',#1556);
#1556 = CARTESIAN_POINT('',(-1.7375,-2.375,1.025));
#1557 = LINE('',#1558,#1559);
#1558 = CARTESIAN_POINT('',(-1.7375,-2.375,1.025));
#1559 = VECTOR('',#1560,1.);
#1560 = DIRECTION('',(-0.707106781187,0.707106781187,0.));
#1561 = ORIENTED_EDGE('',*,*,#1562,.F.);
#1562 = EDGE_CURVE('',#1563,#1555,#1565,.T.);
#1563 = VERTEX_POINT('',#1564);
#1564 = CARTESIAN_POINT('',(1.7375,-2.375,1.025));
#1565 = LINE('',#1566,#1567);
#1566 = CARTESIAN_POINT('',(1.7375,-2.375,1.025));
#1567 = VECTOR('',#1568,1.);
#1568 = DIRECTION('',(-1.,-1.110223024625E-16,0.));
#1569 = ORIENTED_EDGE('',*,*,#1570,.F.);
#1570 = EDGE_CURVE('',#1479,#1563,#1571,.T.);
#1571 = LINE('',#1572,#1573);
#1572 = CARTESIAN_POINT('',(1.875,-2.2375,1.025));
#1573 = VECTOR('',#1574,1.);
#1574 = DIRECTION('',(-0.707106781187,-0.707106781187,0.));
#1575 = ORIENTED_EDGE('',*,*,#1478,.F.);
#1576 = ORIENTED_EDGE('',*,*,#1577,.F.);
#1577 = EDGE_CURVE('',#1129,#1471,#1578,.T.);
#1578 = LINE('',#1579,#1580);
#1579 = CARTESIAN_POINT('',(2.25,-2.11,1.025));
#1580 = VECTOR('',#1581,1.);
#1581 = DIRECTION('',(-1.,-1.110223024625E-16,0.));
#1582 = ORIENTED_EDGE('',*,*,#1144,.T.);
#1583 = ORIENTED_EDGE('',*,*,#1189,.T.);
#1584 = ORIENTED_EDGE('',*,*,#1206,.T.);
#1585 = ORIENTED_EDGE('',*,*,#1160,.T.);
#1586 = PLANE('',#1587);
#1587 = AXIS2_PLACEMENT_3D('',#1588,#1589,#1590);
#1588 = CARTESIAN_POINT('',(-3.027078129022E-16,2.4125,1.025));
#1589 = DIRECTION('',(2.007919022429E-31,-7.713306628828E-27,-1.));
#1590 = DIRECTION('',(1.,1.112083013911E-16,2.00791902242E-31));
#1591 = ADVANCED_FACE('',(#1592),#1678,.F.);
#1592 = FACE_BOUND('',#1593,.F.);
#1593 = EDGE_LOOP('',(#1594,#1595,#1596,#1605,#1613,#1622,#1630,#1638,
    #1646,#1655,#1663,#1672));
#1594 = ORIENTED_EDGE('',*,*,#638,.F.);
#1595 = ORIENTED_EDGE('',*,*,#660,.T.);
#1596 = ORIENTED_EDGE('',*,*,#1597,.T.);
#1597 = EDGE_CURVE('',#661,#1598,#1600,.T.);
#1598 = VERTEX_POINT('',#1599);
#1599 = CARTESIAN_POINT('',(-2.348480775301,-2.11,0.742364817767));
#1600 = CIRCLE('',#1601,0.1);
#1601 = AXIS2_PLACEMENT_3D('',#1602,#1603,#1604);
#1602 = CARTESIAN_POINT('',(-2.25,-2.11,0.725));
#1603 = DIRECTION('',(-1.144237745222E-17,-1.,3.483726818625E-47));
#1604 = DIRECTION('',(-4.440892098501E-15,5.081436361563E-32,1.));
#1605 = ORIENTED_EDGE('',*,*,#1606,.T.);
#1606 = EDGE_CURVE('',#1598,#1607,#1609,.T.);
#1607 = VERTEX_POINT('',#1608);
#1608 = CARTESIAN_POINT('',(-2.429496640897,-2.11,0.2479055467));
#1609 = LINE('',#1610,#1611);
#1610 = CARTESIAN_POINT('',(-2.348480775301,-2.11,0.742364817767));
#1611 = VECTOR('',#1612,1.);
#1612 = DIRECTION('',(-0.161691392282,1.85013394127E-18,-0.986841372087)
  );
#1613 = ORIENTED_EDGE('',*,*,#1614,.T.);
#1614 = EDGE_CURVE('',#1607,#1615,#1617,.T.);
#1615 = VERTEX_POINT('',#1616);
#1616 = CARTESIAN_POINT('',(-2.724938966801,-2.11,-1.665334536938E-16));
#1617 = CIRCLE('',#1618,0.3);
#1618 = AXIS2_PLACEMENT_3D('',#1619,#1620,#1621);
#1619 = CARTESIAN_POINT('',(-2.724938966801,-2.11,0.3));
#1620 = DIRECTION('',(1.144237745222E-17,1.,8.679168028915E-34));
#1621 = DIRECTION('',(0.984807753012,-1.126854202784E-17,-0.173648177667
    ));
#1622 = ORIENTED_EDGE('',*,*,#1623,.T.);
#1623 = EDGE_CURVE('',#1615,#1624,#1626,.T.);
#1624 = VERTEX_POINT('',#1625);
#1625 = CARTESIAN_POINT('',(-3.,-2.11,-1.665334536938E-16));
#1626 = LINE('',#1627,#1628);
#1627 = CARTESIAN_POINT('',(-2.724938966801,-2.11,-1.665334536938E-16));
#1628 = VECTOR('',#1629,1.);
#1629 = DIRECTION('',(-1.,1.144237745222E-17,0.));
#1630 = ORIENTED_EDGE('',*,*,#1631,.T.);
#1631 = EDGE_CURVE('',#1624,#1632,#1634,.T.);
#1632 = VERTEX_POINT('',#1633);
#1633 = CARTESIAN_POINT('',(-3.,-2.11,0.2));
#1634 = LINE('',#1635,#1636);
#1635 = CARTESIAN_POINT('',(-3.,-2.11,-1.665334536938E-16));
#1636 = VECTOR('',#1637,1.);
#1637 = DIRECTION('',(0.,0.,1.));
#1638 = ORIENTED_EDGE('',*,*,#1639,.T.);
#1639 = EDGE_CURVE('',#1632,#1640,#1642,.T.);
#1640 = VERTEX_POINT('',#1641);
#1641 = CARTESIAN_POINT('',(-2.724938966801,-2.11,0.2));
#1642 = LINE('',#1643,#1644);
#1643 = CARTESIAN_POINT('',(-3.,-2.11,0.2));
#1644 = VECTOR('',#1645,1.);
#1645 = DIRECTION('',(1.,-1.144237745222E-17,0.));
#1646 = ORIENTED_EDGE('',*,*,#1647,.T.);
#1647 = EDGE_CURVE('',#1640,#1648,#1650,.T.);
#1648 = VERTEX_POINT('',#1649);
#1649 = CARTESIAN_POINT('',(-2.6264581915,-2.11,0.282635182233));
#1650 = CIRCLE('',#1651,0.1);
#1651 = AXIS2_PLACEMENT_3D('',#1652,#1653,#1654);
#1652 = CARTESIAN_POINT('',(-2.724938966801,-2.11,0.3));
#1653 = DIRECTION('',(-1.144237745222E-17,-1.,-0.));
#1654 = DIRECTION('',(0.,0.,-1.));
#1655 = ORIENTED_EDGE('',*,*,#1656,.T.);
#1656 = EDGE_CURVE('',#1648,#1657,#1659,.T.);
#1657 = VERTEX_POINT('',#1658);
#1658 = CARTESIAN_POINT('',(-2.545442325904,-2.11,0.7770944533));
#1659 = LINE('',#1660,#1661);
#1660 = CARTESIAN_POINT('',(-2.6264581915,-2.11,0.282635182233));
#1661 = VECTOR('',#1662,1.);
#1662 = DIRECTION('',(0.161691392282,-1.85013394127E-18,0.986841372087)
  );
#1663 = ORIENTED_EDGE('',*,*,#1664,.T.);
#1664 = EDGE_CURVE('',#1657,#1665,#1667,.T.);
#1665 = VERTEX_POINT('',#1666);
#1666 = CARTESIAN_POINT('',(-2.25,-2.11,1.025));
#1667 = CIRCLE('',#1668,0.3);
#1668 = AXIS2_PLACEMENT_3D('',#1669,#1670,#1671);
#1669 = CARTESIAN_POINT('',(-2.25,-2.11,0.725));
#1670 = DIRECTION('',(1.144237745222E-17,1.,8.679168028915E-34));
#1671 = DIRECTION('',(-0.984807753012,1.126854202784E-17,0.173648177667)
  );
#1672 = ORIENTED_EDGE('',*,*,#1673,.T.);
#1673 = EDGE_CURVE('',#1665,#639,#1674,.T.);
#1674 = LINE('',#1675,#1676);
#1675 = CARTESIAN_POINT('',(-2.25,-2.11,1.025));
#1676 = VECTOR('',#1677,1.);
#1677 = DIRECTION('',(1.,-1.144237745222E-17,0.));
#1678 = PLANE('',#1679);
#1679 = AXIS2_PLACEMENT_3D('',#1680,#1681,#1682);
#1680 = CARTESIAN_POINT('',(-2.42560961319,-2.11,0.548953137803));
#1681 = DIRECTION('',(1.144237745222E-17,1.,0.));
#1682 = DIRECTION('',(0.,-0.,1.));
#1683 = ADVANCED_FACE('',(#1684),#1703,.F.);
#1684 = FACE_BOUND('',#1685,.F.);
#1685 = EDGE_LOOP('',(#1686,#1687,#1696,#1702));
#1686 = ORIENTED_EDGE('',*,*,#677,.T.);
#1687 = ORIENTED_EDGE('',*,*,#1688,.T.);
#1688 = EDGE_CURVE('',#670,#1689,#1691,.T.);
#1689 = VERTEX_POINT('',#1690);
#1690 = CARTESIAN_POINT('',(-2.348480775301,-1.7,0.742364817767));
#1691 = CIRCLE('',#1692,0.1);
#1692 = AXIS2_PLACEMENT_3D('',#1693,#1694,#1695);
#1693 = CARTESIAN_POINT('',(-2.25,-1.7,0.725));
#1694 = DIRECTION('',(-1.144237745222E-17,-1.,3.483726818625E-47));
#1695 = DIRECTION('',(-4.440892098501E-15,5.081436361563E-32,1.));
#1696 = ORIENTED_EDGE('',*,*,#1697,.F.);
#1697 = EDGE_CURVE('',#1598,#1689,#1698,.T.);
#1698 = LINE('',#1699,#1700);
#1699 = CARTESIAN_POINT('',(-2.348480775301,-2.11,0.742364817767));
#1700 = VECTOR('',#1701,1.);
#1701 = DIRECTION('',(1.144237745222E-17,1.,0.));
#1702 = ORIENTED_EDGE('',*,*,#1597,.F.);
#1703 = CYLINDRICAL_SURFACE('',#1704,0.1);
#1704 = AXIS2_PLACEMENT_3D('',#1705,#1706,#1707);
#1705 = CARTESIAN_POINT('',(-2.25,-2.11,0.725));
#1706 = DIRECTION('',(-1.144237745222E-17,-1.,0.));
#1707 = DIRECTION('',(-4.440892098501E-15,5.081436361563E-32,1.));
#1708 = ADVANCED_FACE('',(#1709),#1787,.T.);
#1709 = FACE_BOUND('',#1710,.T.);
#1710 = EDGE_LOOP('',(#1711,#1712,#1713,#1714,#1722,#1731,#1739,#1747,
    #1755,#1764,#1772,#1781));
#1711 = ORIENTED_EDGE('',*,*,#691,.F.);
#1712 = ORIENTED_EDGE('',*,*,#669,.T.);
#1713 = ORIENTED_EDGE('',*,*,#1688,.T.);
#1714 = ORIENTED_EDGE('',*,*,#1715,.T.);
#1715 = EDGE_CURVE('',#1689,#1716,#1718,.T.);
#1716 = VERTEX_POINT('',#1717);
#1717 = CARTESIAN_POINT('',(-2.429496640897,-1.7,0.2479055467));
#1718 = LINE('',#1719,#1720);
#1719 = CARTESIAN_POINT('',(-2.348480775301,-1.7,0.742364817767));
#1720 = VECTOR('',#1721,1.);
#1721 = DIRECTION('',(-0.161691392282,1.85013394127E-18,-0.986841372087)
  );
#1722 = ORIENTED_EDGE('',*,*,#1723,.T.);
#1723 = EDGE_CURVE('',#1716,#1724,#1726,.T.);
#1724 = VERTEX_POINT('',#1725);
#1725 = CARTESIAN_POINT('',(-2.724938966801,-1.7,-1.665334536938E-16));
#1726 = CIRCLE('',#1727,0.3);
#1727 = AXIS2_PLACEMENT_3D('',#1728,#1729,#1730);
#1728 = CARTESIAN_POINT('',(-2.724938966801,-1.7,0.3));
#1729 = DIRECTION('',(1.144237745222E-17,1.,8.679168028915E-34));
#1730 = DIRECTION('',(0.984807753012,-1.126854202784E-17,-0.173648177667
    ));
#1731 = ORIENTED_EDGE('',*,*,#1732,.T.);
#1732 = EDGE_CURVE('',#1724,#1733,#1735,.T.);
#1733 = VERTEX_POINT('',#1734);
#1734 = CARTESIAN_POINT('',(-3.,-1.7,-1.665334536938E-16));
#1735 = LINE('',#1736,#1737);
#1736 = CARTESIAN_POINT('',(-2.724938966801,-1.7,-1.665334536938E-16));
#1737 = VECTOR('',#1738,1.);
#1738 = DIRECTION('',(-1.,1.144237745222E-17,0.));
#1739 = ORIENTED_EDGE('',*,*,#1740,.T.);
#1740 = EDGE_CURVE('',#1733,#1741,#1743,.T.);
#1741 = VERTEX_POINT('',#1742);
#1742 = CARTESIAN_POINT('',(-3.,-1.7,0.2));
#1743 = LINE('',#1744,#1745);
#1744 = CARTESIAN_POINT('',(-3.,-1.7,-1.665334536938E-16));
#1745 = VECTOR('',#1746,1.);
#1746 = DIRECTION('',(0.,0.,1.));
#1747 = ORIENTED_EDGE('',*,*,#1748,.T.);
#1748 = EDGE_CURVE('',#1741,#1749,#1751,.T.);
#1749 = VERTEX_POINT('',#1750);
#1750 = CARTESIAN_POINT('',(-2.724938966801,-1.7,0.2));
#1751 = LINE('',#1752,#1753);
#1752 = CARTESIAN_POINT('',(-3.,-1.7,0.2));
#1753 = VECTOR('',#1754,1.);
#1754 = DIRECTION('',(1.,-1.144237745222E-17,0.));
#1755 = ORIENTED_EDGE('',*,*,#1756,.T.);
#1756 = EDGE_CURVE('',#1749,#1757,#1759,.T.);
#1757 = VERTEX_POINT('',#1758);
#1758 = CARTESIAN_POINT('',(-2.6264581915,-1.7,0.282635182233));
#1759 = CIRCLE('',#1760,0.1);
#1760 = AXIS2_PLACEMENT_3D('',#1761,#1762,#1763);
#1761 = CARTESIAN_POINT('',(-2.724938966801,-1.7,0.3));
#1762 = DIRECTION('',(-1.144237745222E-17,-1.,-0.));
#1763 = DIRECTION('',(0.,0.,-1.));
#1764 = ORIENTED_EDGE('',*,*,#1765,.T.);
#1765 = EDGE_CURVE('',#1757,#1766,#1768,.T.);
#1766 = VERTEX_POINT('',#1767);
#1767 = CARTESIAN_POINT('',(-2.545442325904,-1.7,0.7770944533));
#1768 = LINE('',#1769,#1770);
#1769 = CARTESIAN_POINT('',(-2.6264581915,-1.7,0.282635182233));
#1770 = VECTOR('',#1771,1.);
#1771 = DIRECTION('',(0.161691392282,-1.85013394127E-18,0.986841372087)
  );
#1772 = ORIENTED_EDGE('',*,*,#1773,.T.);
#1773 = EDGE_CURVE('',#1766,#1774,#1776,.T.);
#1774 = VERTEX_POINT('',#1775);
#1775 = CARTESIAN_POINT('',(-2.25,-1.7,1.025));
#1776 = CIRCLE('',#1777,0.3);
#1777 = AXIS2_PLACEMENT_3D('',#1778,#1779,#1780);
#1778 = CARTESIAN_POINT('',(-2.25,-1.7,0.725));
#1779 = DIRECTION('',(1.144237745222E-17,1.,8.679168028915E-34));
#1780 = DIRECTION('',(-0.984807753012,1.126854202784E-17,0.173648177667)
  );
#1781 = ORIENTED_EDGE('',*,*,#1782,.T.);
#1782 = EDGE_CURVE('',#1774,#692,#1783,.T.);
#1783 = LINE('',#1784,#1785);
#1784 = CARTESIAN_POINT('',(-2.25,-1.7,1.025));
#1785 = VECTOR('',#1786,1.);
#1786 = DIRECTION('',(1.,-1.144237745222E-17,0.));
#1787 = PLANE('',#1788);
#1788 = AXIS2_PLACEMENT_3D('',#1789,#1790,#1791);
#1789 = CARTESIAN_POINT('',(-2.42560961319,-1.7,0.548953137803));
#1790 = DIRECTION('',(1.144237745222E-17,1.,0.));
#1791 = DIRECTION('',(0.,-0.,1.));
#1792 = ADVANCED_FACE('',(#1793),#1809,.F.);
#1793 = FACE_BOUND('',#1794,.F.);
#1794 = EDGE_LOOP('',(#1795,#1796,#1802,#1803));
#1795 = ORIENTED_EDGE('',*,*,#708,.T.);
#1796 = ORIENTED_EDGE('',*,*,#1797,.T.);
#1797 = EDGE_CURVE('',#701,#1285,#1798,.T.);
#1798 = LINE('',#1799,#1800);
#1799 = CARTESIAN_POINT('',(-2.25,-0.84,1.025));
#1800 = VECTOR('',#1801,1.);
#1801 = DIRECTION('',(1.,-1.144237745222E-17,0.));
#1802 = ORIENTED_EDGE('',*,*,#1284,.F.);
#1803 = ORIENTED_EDGE('',*,*,#1804,.F.);
#1804 = EDGE_CURVE('',#692,#1277,#1805,.T.);
#1805 = LINE('',#1806,#1807);
#1806 = CARTESIAN_POINT('',(-2.25,-1.7,1.025));
#1807 = VECTOR('',#1808,1.);
#1808 = DIRECTION('',(1.,-1.144237745222E-17,0.));
#1809 = PLANE('',#1810);
#1810 = AXIS2_PLACEMENT_3D('',#1811,#1812,#1813);
#1811 = CARTESIAN_POINT('',(-3.027078129022E-16,2.4125,1.025));
#1812 = DIRECTION('',(2.007919022429E-31,-7.713306628828E-27,-1.));
#1813 = DIRECTION('',(1.,1.112083013911E-16,2.00791902242E-31));
#1814 = ADVANCED_FACE('',(#1815),#1901,.F.);
#1815 = FACE_BOUND('',#1816,.F.);
#1816 = EDGE_LOOP('',(#1817,#1818,#1819,#1828,#1836,#1845,#1853,#1861,
    #1869,#1878,#1886,#1895));
#1817 = ORIENTED_EDGE('',*,*,#700,.F.);
#1818 = ORIENTED_EDGE('',*,*,#722,.T.);
#1819 = ORIENTED_EDGE('',*,*,#1820,.T.);
#1820 = EDGE_CURVE('',#723,#1821,#1823,.T.);
#1821 = VERTEX_POINT('',#1822);
#1822 = CARTESIAN_POINT('',(-2.348480775301,-0.84,0.742364817767));
#1823 = CIRCLE('',#1824,0.1);
#1824 = AXIS2_PLACEMENT_3D('',#1825,#1826,#1827);
#1825 = CARTESIAN_POINT('',(-2.25,-0.84,0.725));
#1826 = DIRECTION('',(-1.144237745222E-17,-1.,3.483726818625E-47));
#1827 = DIRECTION('',(-4.440892098501E-15,5.081436361563E-32,1.));
#1828 = ORIENTED_EDGE('',*,*,#1829,.T.);
#1829 = EDGE_CURVE('',#1821,#1830,#1832,.T.);
#1830 = VERTEX_POINT('',#1831);
#1831 = CARTESIAN_POINT('',(-2.429496640897,-0.84,0.2479055467));
#1832 = LINE('',#1833,#1834);
#1833 = CARTESIAN_POINT('',(-2.348480775301,-0.84,0.742364817767));
#1834 = VECTOR('',#1835,1.);
#1835 = DIRECTION('',(-0.161691392282,1.85013394127E-18,-0.986841372087)
  );
#1836 = ORIENTED_EDGE('',*,*,#1837,.T.);
#1837 = EDGE_CURVE('',#1830,#1838,#1840,.T.);
#1838 = VERTEX_POINT('',#1839);
#1839 = CARTESIAN_POINT('',(-2.724938966801,-0.84,-1.665334536938E-16));
#1840 = CIRCLE('',#1841,0.3);
#1841 = AXIS2_PLACEMENT_3D('',#1842,#1843,#1844);
#1842 = CARTESIAN_POINT('',(-2.724938966801,-0.84,0.3));
#1843 = DIRECTION('',(1.144237745222E-17,1.,8.679168028915E-34));
#1844 = DIRECTION('',(0.984807753012,-1.126854202784E-17,-0.173648177667
    ));
#1845 = ORIENTED_EDGE('',*,*,#1846,.T.);
#1846 = EDGE_CURVE('',#1838,#1847,#1849,.T.);
#1847 = VERTEX_POINT('',#1848);
#1848 = CARTESIAN_POINT('',(-3.,-0.84,-1.665334536938E-16));
#1849 = LINE('',#1850,#1851);
#1850 = CARTESIAN_POINT('',(-2.724938966801,-0.84,-1.665334536938E-16));
#1851 = VECTOR('',#1852,1.);
#1852 = DIRECTION('',(-1.,1.144237745222E-17,0.));
#1853 = ORIENTED_EDGE('',*,*,#1854,.T.);
#1854 = EDGE_CURVE('',#1847,#1855,#1857,.T.);
#1855 = VERTEX_POINT('',#1856);
#1856 = CARTESIAN_POINT('',(-3.,-0.84,0.2));
#1857 = LINE('',#1858,#1859);
#1858 = CARTESIAN_POINT('',(-3.,-0.84,-1.665334536938E-16));
#1859 = VECTOR('',#1860,1.);
#1860 = DIRECTION('',(0.,0.,1.));
#1861 = ORIENTED_EDGE('',*,*,#1862,.T.);
#1862 = EDGE_CURVE('',#1855,#1863,#1865,.T.);
#1863 = VERTEX_POINT('',#1864);
#1864 = CARTESIAN_POINT('',(-2.724938966801,-0.84,0.2));
#1865 = LINE('',#1866,#1867);
#1866 = CARTESIAN_POINT('',(-3.,-0.84,0.2));
#1867 = VECTOR('',#1868,1.);
#1868 = DIRECTION('',(1.,-1.144237745222E-17,0.));
#1869 = ORIENTED_EDGE('',*,*,#1870,.T.);
#1870 = EDGE_CURVE('',#1863,#1871,#1873,.T.);
#1871 = VERTEX_POINT('',#1872);
#1872 = CARTESIAN_POINT('',(-2.6264581915,-0.84,0.282635182233));
#1873 = CIRCLE('',#1874,0.1);
#1874 = AXIS2_PLACEMENT_3D('',#1875,#1876,#1877);
#1875 = CARTESIAN_POINT('',(-2.724938966801,-0.84,0.3));
#1876 = DIRECTION('',(-1.144237745222E-17,-1.,-0.));
#1877 = DIRECTION('',(0.,0.,-1.));
#1878 = ORIENTED_EDGE('',*,*,#1879,.T.);
#1879 = EDGE_CURVE('',#1871,#1880,#1882,.T.);
#1880 = VERTEX_POINT('',#1881);
#1881 = CARTESIAN_POINT('',(-2.545442325904,-0.84,0.7770944533));
#1882 = LINE('',#1883,#1884);
#1883 = CARTESIAN_POINT('',(-2.6264581915,-0.84,0.282635182233));
#1884 = VECTOR('',#1885,1.);
#1885 = DIRECTION('',(0.161691392282,-1.85013394127E-18,0.986841372087)
  );
#1886 = ORIENTED_EDGE('',*,*,#1887,.T.);
#1887 = EDGE_CURVE('',#1880,#1888,#1890,.T.);
#1888 = VERTEX_POINT('',#1889);
#1889 = CARTESIAN_POINT('',(-2.25,-0.84,1.025));
#1890 = CIRCLE('',#1891,0.3);
#1891 = AXIS2_PLACEMENT_3D('',#1892,#1893,#1894);
#1892 = CARTESIAN_POINT('',(-2.25,-0.84,0.725));
#1893 = DIRECTION('',(1.144237745222E-17,1.,8.679168028915E-34));
#1894 = DIRECTION('',(-0.984807753012,1.126854202784E-17,0.173648177667)
  );
#1895 = ORIENTED_EDGE('',*,*,#1896,.T.);
#1896 = EDGE_CURVE('',#1888,#701,#1897,.T.);
#1897 = LINE('',#1898,#1899);
#1898 = CARTESIAN_POINT('',(-2.25,-0.84,1.025));
#1899 = VECTOR('',#1900,1.);
#1900 = DIRECTION('',(1.,-1.144237745222E-17,0.));
#1901 = PLANE('',#1902);
#1902 = AXIS2_PLACEMENT_3D('',#1903,#1904,#1905);
#1903 = CARTESIAN_POINT('',(-2.42560961319,-0.84,0.548953137803));
#1904 = DIRECTION('',(1.144237745222E-17,1.,0.));
#1905 = DIRECTION('',(0.,-0.,1.));
#1906 = ADVANCED_FACE('',(#1907),#1926,.F.);
#1907 = FACE_BOUND('',#1908,.F.);
#1908 = EDGE_LOOP('',(#1909,#1910,#1919,#1925));
#1909 = ORIENTED_EDGE('',*,*,#739,.T.);
#1910 = ORIENTED_EDGE('',*,*,#1911,.T.);
#1911 = EDGE_CURVE('',#732,#1912,#1914,.T.);
#1912 = VERTEX_POINT('',#1913);
#1913 = CARTESIAN_POINT('',(-2.348480775301,-0.43,0.742364817767));
#1914 = CIRCLE('',#1915,0.1);
#1915 = AXIS2_PLACEMENT_3D('',#1916,#1917,#1918);
#1916 = CARTESIAN_POINT('',(-2.25,-0.43,0.725));
#1917 = DIRECTION('',(-1.144237745222E-17,-1.,3.483726818625E-47));
#1918 = DIRECTION('',(-4.440892098501E-15,5.081436361563E-32,1.));
#1919 = ORIENTED_EDGE('',*,*,#1920,.F.);
#1920 = EDGE_CURVE('',#1821,#1912,#1921,.T.);
#1921 = LINE('',#1922,#1923);
#1922 = CARTESIAN_POINT('',(-2.348480775301,-0.84,0.742364817767));
#1923 = VECTOR('',#1924,1.);
#1924 = DIRECTION('',(1.144237745222E-17,1.,0.));
#1925 = ORIENTED_EDGE('',*,*,#1820,.F.);
#1926 = CYLINDRICAL_SURFACE('',#1927,0.1);
#1927 = AXIS2_PLACEMENT_3D('',#1928,#1929,#1930);
#1928 = CARTESIAN_POINT('',(-2.25,-0.84,0.725));
#1929 = DIRECTION('',(-1.144237745222E-17,-1.,0.));
#1930 = DIRECTION('',(-4.440892098501E-15,5.081436361563E-32,1.));
#1931 = ADVANCED_FACE('',(#1932),#2010,.T.);
#1932 = FACE_BOUND('',#1933,.T.);
#1933 = EDGE_LOOP('',(#1934,#1935,#1936,#1937,#1945,#1954,#1962,#1970,
    #1978,#1987,#1995,#2004));
#1934 = ORIENTED_EDGE('',*,*,#753,.F.);
#1935 = ORIENTED_EDGE('',*,*,#731,.T.);
#1936 = ORIENTED_EDGE('',*,*,#1911,.T.);
#1937 = ORIENTED_EDGE('',*,*,#1938,.T.);
#1938 = EDGE_CURVE('',#1912,#1939,#1941,.T.);
#1939 = VERTEX_POINT('',#1940);
#1940 = CARTESIAN_POINT('',(-2.429496640897,-0.43,0.2479055467));
#1941 = LINE('',#1942,#1943);
#1942 = CARTESIAN_POINT('',(-2.348480775301,-0.43,0.742364817767));
#1943 = VECTOR('',#1944,1.);
#1944 = DIRECTION('',(-0.161691392282,1.85013394127E-18,-0.986841372087)
  );
#1945 = ORIENTED_EDGE('',*,*,#1946,.T.);
#1946 = EDGE_CURVE('',#1939,#1947,#1949,.T.);
#1947 = VERTEX_POINT('',#1948);
#1948 = CARTESIAN_POINT('',(-2.724938966801,-0.43,-1.665334536938E-16));
#1949 = CIRCLE('',#1950,0.3);
#1950 = AXIS2_PLACEMENT_3D('',#1951,#1952,#1953);
#1951 = CARTESIAN_POINT('',(-2.724938966801,-0.43,0.3));
#1952 = DIRECTION('',(1.144237745222E-17,1.,8.679168028915E-34));
#1953 = DIRECTION('',(0.984807753012,-1.126854202784E-17,-0.173648177667
    ));
#1954 = ORIENTED_EDGE('',*,*,#1955,.T.);
#1955 = EDGE_CURVE('',#1947,#1956,#1958,.T.);
#1956 = VERTEX_POINT('',#1957);
#1957 = CARTESIAN_POINT('',(-3.,-0.43,-1.665334536938E-16));
#1958 = LINE('',#1959,#1960);
#1959 = CARTESIAN_POINT('',(-2.724938966801,-0.43,-1.665334536938E-16));
#1960 = VECTOR('',#1961,1.);
#1961 = DIRECTION('',(-1.,1.144237745222E-17,0.));
#1962 = ORIENTED_EDGE('',*,*,#1963,.T.);
#1963 = EDGE_CURVE('',#1956,#1964,#1966,.T.);
#1964 = VERTEX_POINT('',#1965);
#1965 = CARTESIAN_POINT('',(-3.,-0.43,0.2));
#1966 = LINE('',#1967,#1968);
#1967 = CARTESIAN_POINT('',(-3.,-0.43,-1.665334536938E-16));
#1968 = VECTOR('',#1969,1.);
#1969 = DIRECTION('',(0.,0.,1.));
#1970 = ORIENTED_EDGE('',*,*,#1971,.T.);
#1971 = EDGE_CURVE('',#1964,#1972,#1974,.T.);
#1972 = VERTEX_POINT('',#1973);
#1973 = CARTESIAN_POINT('',(-2.724938966801,-0.43,0.2));
#1974 = LINE('',#1975,#1976);
#1975 = CARTESIAN_POINT('',(-3.,-0.43,0.2));
#1976 = VECTOR('',#1977,1.);
#1977 = DIRECTION('',(1.,-1.144237745222E-17,0.));
#1978 = ORIENTED_EDGE('',*,*,#1979,.T.);
#1979 = EDGE_CURVE('',#1972,#1980,#1982,.T.);
#1980 = VERTEX_POINT('',#1981);
#1981 = CARTESIAN_POINT('',(-2.6264581915,-0.43,0.282635182233));
#1982 = CIRCLE('',#1983,0.1);
#1983 = AXIS2_PLACEMENT_3D('',#1984,#1985,#1986);
#1984 = CARTESIAN_POINT('',(-2.724938966801,-0.43,0.3));
#1985 = DIRECTION('',(-1.144237745222E-17,-1.,-0.));
#1986 = DIRECTION('',(0.,0.,-1.));
#1987 = ORIENTED_EDGE('',*,*,#1988,.T.);
#1988 = EDGE_CURVE('',#1980,#1989,#1991,.T.);
#1989 = VERTEX_POINT('',#1990);
#1990 = CARTESIAN_POINT('',(-2.545442325904,-0.43,0.7770944533));
#1991 = LINE('',#1992,#1993);
#1992 = CARTESIAN_POINT('',(-2.6264581915,-0.43,0.282635182233));
#1993 = VECTOR('',#1994,1.);
#1994 = DIRECTION('',(0.161691392282,-1.85013394127E-18,0.986841372087)
  );
#1995 = ORIENTED_EDGE('',*,*,#1996,.T.);
#1996 = EDGE_CURVE('',#1989,#1997,#1999,.T.);
#1997 = VERTEX_POINT('',#1998);
#1998 = CARTESIAN_POINT('',(-2.25,-0.43,1.025));
#1999 = CIRCLE('',#2000,0.3);
#2000 = AXIS2_PLACEMENT_3D('',#2001,#2002,#2003);
#2001 = CARTESIAN_POINT('',(-2.25,-0.43,0.725));
#2002 = DIRECTION('',(1.144237745222E-17,1.,8.679168028915E-34));
#2003 = DIRECTION('',(-0.984807753012,1.126854202784E-17,0.173648177667)
  );
#2004 = ORIENTED_EDGE('',*,*,#2005,.T.);
#2005 = EDGE_CURVE('',#1997,#754,#2006,.T.);
#2006 = LINE('',#2007,#2008);
#2007 = CARTESIAN_POINT('',(-2.25,-0.43,1.025));
#2008 = VECTOR('',#2009,1.);
#2009 = DIRECTION('',(1.,-1.144237745222E-17,0.));
#2010 = PLANE('',#2011);
#2011 = AXIS2_PLACEMENT_3D('',#2012,#2013,#2014);
#2012 = CARTESIAN_POINT('',(-2.42560961319,-0.43,0.548953137803));
#2013 = DIRECTION('',(1.144237745222E-17,1.,0.));
#2014 = DIRECTION('',(0.,-0.,1.));
#2015 = ADVANCED_FACE('',(#2016),#2032,.F.);
#2016 = FACE_BOUND('',#2017,.F.);
#2017 = EDGE_LOOP('',(#2018,#2019,#2025,#2026));
#2018 = ORIENTED_EDGE('',*,*,#770,.T.);
#2019 = ORIENTED_EDGE('',*,*,#2020,.T.);
#2020 = EDGE_CURVE('',#763,#1301,#2021,.T.);
#2021 = LINE('',#2022,#2023);
#2022 = CARTESIAN_POINT('',(-2.25,0.43,1.025));
#2023 = VECTOR('',#2024,1.);
#2024 = DIRECTION('',(1.,-1.144237745222E-17,0.));
#2025 = ORIENTED_EDGE('',*,*,#1300,.F.);
#2026 = ORIENTED_EDGE('',*,*,#2027,.F.);
#2027 = EDGE_CURVE('',#754,#1293,#2028,.T.);
#2028 = LINE('',#2029,#2030);
#2029 = CARTESIAN_POINT('',(-2.25,-0.43,1.025));
#2030 = VECTOR('',#2031,1.);
#2031 = DIRECTION('',(1.,-1.144237745222E-17,0.));
#2032 = PLANE('',#2033);
#2033 = AXIS2_PLACEMENT_3D('',#2034,#2035,#2036);
#2034 = CARTESIAN_POINT('',(-3.027078129022E-16,2.4125,1.025));
#2035 = DIRECTION('',(2.007919022429E-31,-7.713306628828E-27,-1.));
#2036 = DIRECTION('',(1.,1.112083013911E-16,2.00791902242E-31));
#2037 = ADVANCED_FACE('',(#2038),#2124,.F.);
#2038 = FACE_BOUND('',#2039,.F.);
#2039 = EDGE_LOOP('',(#2040,#2041,#2042,#2051,#2059,#2068,#2076,#2084,
    #2092,#2101,#2109,#2118));
#2040 = ORIENTED_EDGE('',*,*,#762,.F.);
#2041 = ORIENTED_EDGE('',*,*,#784,.T.);
#2042 = ORIENTED_EDGE('',*,*,#2043,.T.);
#2043 = EDGE_CURVE('',#785,#2044,#2046,.T.);
#2044 = VERTEX_POINT('',#2045);
#2045 = CARTESIAN_POINT('',(-2.348480775301,0.43,0.742364817767));
#2046 = CIRCLE('',#2047,0.1);
#2047 = AXIS2_PLACEMENT_3D('',#2048,#2049,#2050);
#2048 = CARTESIAN_POINT('',(-2.25,0.43,0.725));
#2049 = DIRECTION('',(-1.144237745222E-17,-1.,3.483726818625E-47));
#2050 = DIRECTION('',(-4.440892098501E-15,5.081436361563E-32,1.));
#2051 = ORIENTED_EDGE('',*,*,#2052,.T.);
#2052 = EDGE_CURVE('',#2044,#2053,#2055,.T.);
#2053 = VERTEX_POINT('',#2054);
#2054 = CARTESIAN_POINT('',(-2.429496640897,0.43,0.2479055467));
#2055 = LINE('',#2056,#2057);
#2056 = CARTESIAN_POINT('',(-2.348480775301,0.43,0.742364817767));
#2057 = VECTOR('',#2058,1.);
#2058 = DIRECTION('',(-0.161691392282,1.85013394127E-18,-0.986841372087)
  );
#2059 = ORIENTED_EDGE('',*,*,#2060,.T.);
#2060 = EDGE_CURVE('',#2053,#2061,#2063,.T.);
#2061 = VERTEX_POINT('',#2062);
#2062 = CARTESIAN_POINT('',(-2.724938966801,0.43,-1.665334536938E-16));
#2063 = CIRCLE('',#2064,0.3);
#2064 = AXIS2_PLACEMENT_3D('',#2065,#2066,#2067);
#2065 = CARTESIAN_POINT('',(-2.724938966801,0.43,0.3));
#2066 = DIRECTION('',(1.144237745222E-17,1.,8.679168028915E-34));
#2067 = DIRECTION('',(0.984807753012,-1.126854202784E-17,-0.173648177667
    ));
#2068 = ORIENTED_EDGE('',*,*,#2069,.T.);
#2069 = EDGE_CURVE('',#2061,#2070,#2072,.T.);
#2070 = VERTEX_POINT('',#2071);
#2071 = CARTESIAN_POINT('',(-3.,0.43,-1.665334536938E-16));
#2072 = LINE('',#2073,#2074);
#2073 = CARTESIAN_POINT('',(-2.724938966801,0.43,-1.665334536938E-16));
#2074 = VECTOR('',#2075,1.);
#2075 = DIRECTION('',(-1.,1.144237745222E-17,0.));
#2076 = ORIENTED_EDGE('',*,*,#2077,.T.);
#2077 = EDGE_CURVE('',#2070,#2078,#2080,.T.);
#2078 = VERTEX_POINT('',#2079);
#2079 = CARTESIAN_POINT('',(-3.,0.43,0.2));
#2080 = LINE('',#2081,#2082);
#2081 = CARTESIAN_POINT('',(-3.,0.43,-1.665334536938E-16));
#2082 = VECTOR('',#2083,1.);
#2083 = DIRECTION('',(0.,0.,1.));
#2084 = ORIENTED_EDGE('',*,*,#2085,.T.);
#2085 = EDGE_CURVE('',#2078,#2086,#2088,.T.);
#2086 = VERTEX_POINT('',#2087);
#2087 = CARTESIAN_POINT('',(-2.724938966801,0.43,0.2));
#2088 = LINE('',#2089,#2090);
#2089 = CARTESIAN_POINT('',(-3.,0.43,0.2));
#2090 = VECTOR('',#2091,1.);
#2091 = DIRECTION('',(1.,-1.144237745222E-17,0.));
#2092 = ORIENTED_EDGE('',*,*,#2093,.T.);
#2093 = EDGE_CURVE('',#2086,#2094,#2096,.T.);
#2094 = VERTEX_POINT('',#2095);
#2095 = CARTESIAN_POINT('',(-2.6264581915,0.43,0.282635182233));
#2096 = CIRCLE('',#2097,0.1);
#2097 = AXIS2_PLACEMENT_3D('',#2098,#2099,#2100);
#2098 = CARTESIAN_POINT('',(-2.724938966801,0.43,0.3));
#2099 = DIRECTION('',(-1.144237745222E-17,-1.,-0.));
#2100 = DIRECTION('',(0.,0.,-1.));
#2101 = ORIENTED_EDGE('',*,*,#2102,.T.);
#2102 = EDGE_CURVE('',#2094,#2103,#2105,.T.);
#2103 = VERTEX_POINT('',#2104);
#2104 = CARTESIAN_POINT('',(-2.545442325904,0.43,0.7770944533));
#2105 = LINE('',#2106,#2107);
#2106 = CARTESIAN_POINT('',(-2.6264581915,0.43,0.282635182233));
#2107 = VECTOR('',#2108,1.);
#2108 = DIRECTION('',(0.161691392282,-1.85013394127E-18,0.986841372087)
  );
#2109 = ORIENTED_EDGE('',*,*,#2110,.T.);
#2110 = EDGE_CURVE('',#2103,#2111,#2113,.T.);
#2111 = VERTEX_POINT('',#2112);
#2112 = CARTESIAN_POINT('',(-2.25,0.43,1.025));
#2113 = CIRCLE('',#2114,0.3);
#2114 = AXIS2_PLACEMENT_3D('',#2115,#2116,#2117);
#2115 = CARTESIAN_POINT('',(-2.25,0.43,0.725));
#2116 = DIRECTION('',(1.144237745222E-17,1.,8.679168028915E-34));
#2117 = DIRECTION('',(-0.984807753012,1.126854202784E-17,0.173648177667)
  );
#2118 = ORIENTED_EDGE('',*,*,#2119,.T.);
#2119 = EDGE_CURVE('',#2111,#763,#2120,.T.);
#2120 = LINE('',#2121,#2122);
#2121 = CARTESIAN_POINT('',(-2.25,0.43,1.025));
#2122 = VECTOR('',#2123,1.);
#2123 = DIRECTION('',(1.,-1.144237745222E-17,0.));
#2124 = PLANE('',#2125);
#2125 = AXIS2_PLACEMENT_3D('',#2126,#2127,#2128);
#2126 = CARTESIAN_POINT('',(-2.42560961319,0.43,0.548953137803));
#2127 = DIRECTION('',(1.144237745222E-17,1.,0.));
#2128 = DIRECTION('',(0.,-0.,1.));
#2129 = ADVANCED_FACE('',(#2130),#2149,.F.);
#2130 = FACE_BOUND('',#2131,.F.);
#2131 = EDGE_LOOP('',(#2132,#2133,#2142,#2148));
#2132 = ORIENTED_EDGE('',*,*,#801,.T.);
#2133 = ORIENTED_EDGE('',*,*,#2134,.T.);
#2134 = EDGE_CURVE('',#794,#2135,#2137,.T.);
#2135 = VERTEX_POINT('',#2136);
#2136 = CARTESIAN_POINT('',(-2.348480775301,0.84,0.742364817767));
#2137 = CIRCLE('',#2138,0.1);
#2138 = AXIS2_PLACEMENT_3D('',#2139,#2140,#2141);
#2139 = CARTESIAN_POINT('',(-2.25,0.84,0.725));
#2140 = DIRECTION('',(-1.144237745222E-17,-1.,3.483726818625E-47));
#2141 = DIRECTION('',(-4.440892098501E-15,5.081436361563E-32,1.));
#2142 = ORIENTED_EDGE('',*,*,#2143,.F.);
#2143 = EDGE_CURVE('',#2044,#2135,#2144,.T.);
#2144 = LINE('',#2145,#2146);
#2145 = CARTESIAN_POINT('',(-2.348480775301,0.43,0.742364817767));
#2146 = VECTOR('',#2147,1.);
#2147 = DIRECTION('',(1.144237745222E-17,1.,0.));
#2148 = ORIENTED_EDGE('',*,*,#2043,.F.);
#2149 = CYLINDRICAL_SURFACE('',#2150,0.1);
#2150 = AXIS2_PLACEMENT_3D('',#2151,#2152,#2153);
#2151 = CARTESIAN_POINT('',(-2.25,0.43,0.725));
#2152 = DIRECTION('',(-1.144237745222E-17,-1.,0.));
#2153 = DIRECTION('',(-4.440892098501E-15,5.081436361563E-32,1.));
#2154 = ADVANCED_FACE('',(#2155),#2233,.T.);
#2155 = FACE_BOUND('',#2156,.T.);
#2156 = EDGE_LOOP('',(#2157,#2158,#2159,#2160,#2168,#2177,#2185,#2193,
    #2201,#2210,#2218,#2227));
#2157 = ORIENTED_EDGE('',*,*,#815,.F.);
#2158 = ORIENTED_EDGE('',*,*,#793,.T.);
#2159 = ORIENTED_EDGE('',*,*,#2134,.T.);
#2160 = ORIENTED_EDGE('',*,*,#2161,.T.);
#2161 = EDGE_CURVE('',#2135,#2162,#2164,.T.);
#2162 = VERTEX_POINT('',#2163);
#2163 = CARTESIAN_POINT('',(-2.429496640897,0.84,0.2479055467));
#2164 = LINE('',#2165,#2166);
#2165 = CARTESIAN_POINT('',(-2.348480775301,0.84,0.742364817767));
#2166 = VECTOR('',#2167,1.);
#2167 = DIRECTION('',(-0.161691392282,1.85013394127E-18,-0.986841372087)
  );
#2168 = ORIENTED_EDGE('',*,*,#2169,.T.);
#2169 = EDGE_CURVE('',#2162,#2170,#2172,.T.);
#2170 = VERTEX_POINT('',#2171);
#2171 = CARTESIAN_POINT('',(-2.724938966801,0.84,-1.665334536938E-16));
#2172 = CIRCLE('',#2173,0.3);
#2173 = AXIS2_PLACEMENT_3D('',#2174,#2175,#2176);
#2174 = CARTESIAN_POINT('',(-2.724938966801,0.84,0.3));
#2175 = DIRECTION('',(1.144237745222E-17,1.,8.679168028915E-34));
#2176 = DIRECTION('',(0.984807753012,-1.126854202784E-17,-0.173648177667
    ));
#2177 = ORIENTED_EDGE('',*,*,#2178,.T.);
#2178 = EDGE_CURVE('',#2170,#2179,#2181,.T.);
#2179 = VERTEX_POINT('',#2180);
#2180 = CARTESIAN_POINT('',(-3.,0.84,-1.665334536938E-16));
#2181 = LINE('',#2182,#2183);
#2182 = CARTESIAN_POINT('',(-2.724938966801,0.84,-1.665334536938E-16));
#2183 = VECTOR('',#2184,1.);
#2184 = DIRECTION('',(-1.,1.144237745222E-17,0.));
#2185 = ORIENTED_EDGE('',*,*,#2186,.T.);
#2186 = EDGE_CURVE('',#2179,#2187,#2189,.T.);
#2187 = VERTEX_POINT('',#2188);
#2188 = CARTESIAN_POINT('',(-3.,0.84,0.2));
#2189 = LINE('',#2190,#2191);
#2190 = CARTESIAN_POINT('',(-3.,0.84,-1.665334536938E-16));
#2191 = VECTOR('',#2192,1.);
#2192 = DIRECTION('',(0.,0.,1.));
#2193 = ORIENTED_EDGE('',*,*,#2194,.T.);
#2194 = EDGE_CURVE('',#2187,#2195,#2197,.T.);
#2195 = VERTEX_POINT('',#2196);
#2196 = CARTESIAN_POINT('',(-2.724938966801,0.84,0.2));
#2197 = LINE('',#2198,#2199);
#2198 = CARTESIAN_POINT('',(-3.,0.84,0.2));
#2199 = VECTOR('',#2200,1.);
#2200 = DIRECTION('',(1.,-1.144237745222E-17,0.));
#2201 = ORIENTED_EDGE('',*,*,#2202,.T.);
#2202 = EDGE_CURVE('',#2195,#2203,#2205,.T.);
#2203 = VERTEX_POINT('',#2204);
#2204 = CARTESIAN_POINT('',(-2.6264581915,0.84,0.282635182233));
#2205 = CIRCLE('',#2206,0.1);
#2206 = AXIS2_PLACEMENT_3D('',#2207,#2208,#2209);
#2207 = CARTESIAN_POINT('',(-2.724938966801,0.84,0.3));
#2208 = DIRECTION('',(-1.144237745222E-17,-1.,-0.));
#2209 = DIRECTION('',(0.,0.,-1.));
#2210 = ORIENTED_EDGE('',*,*,#2211,.T.);
#2211 = EDGE_CURVE('',#2203,#2212,#2214,.T.);
#2212 = VERTEX_POINT('',#2213);
#2213 = CARTESIAN_POINT('',(-2.545442325904,0.84,0.7770944533));
#2214 = LINE('',#2215,#2216);
#2215 = CARTESIAN_POINT('',(-2.6264581915,0.84,0.282635182233));
#2216 = VECTOR('',#2217,1.);
#2217 = DIRECTION('',(0.161691392282,-1.85013394127E-18,0.986841372087)
  );
#2218 = ORIENTED_EDGE('',*,*,#2219,.T.);
#2219 = EDGE_CURVE('',#2212,#2220,#2222,.T.);
#2220 = VERTEX_POINT('',#2221);
#2221 = CARTESIAN_POINT('',(-2.25,0.84,1.025));
#2222 = CIRCLE('',#2223,0.3);
#2223 = AXIS2_PLACEMENT_3D('',#2224,#2225,#2226);
#2224 = CARTESIAN_POINT('',(-2.25,0.84,0.725));
#2225 = DIRECTION('',(1.144237745222E-17,1.,8.679168028915E-34));
#2226 = DIRECTION('',(-0.984807753012,1.126854202784E-17,0.173648177667)
  );
#2227 = ORIENTED_EDGE('',*,*,#2228,.T.);
#2228 = EDGE_CURVE('',#2220,#816,#2229,.T.);
#2229 = LINE('',#2230,#2231);
#2230 = CARTESIAN_POINT('',(-2.25,0.84,1.025));
#2231 = VECTOR('',#2232,1.);
#2232 = DIRECTION('',(1.,-1.144237745222E-17,0.));
#2233 = PLANE('',#2234);
#2234 = AXIS2_PLACEMENT_3D('',#2235,#2236,#2237);
#2235 = CARTESIAN_POINT('',(-2.42560961319,0.84,0.548953137803));
#2236 = DIRECTION('',(1.144237745222E-17,1.,0.));
#2237 = DIRECTION('',(0.,-0.,1.));
#2238 = ADVANCED_FACE('',(#2239),#2250,.F.);
#2239 = FACE_BOUND('',#2240,.F.);
#2240 = EDGE_LOOP('',(#2241,#2242,#2243,#2244));
#2241 = ORIENTED_EDGE('',*,*,#832,.T.);
#2242 = ORIENTED_EDGE('',*,*,#1252,.T.);
#2243 = ORIENTED_EDGE('',*,*,#1316,.F.);
#2244 = ORIENTED_EDGE('',*,*,#2245,.F.);
#2245 = EDGE_CURVE('',#816,#1309,#2246,.T.);
#2246 = LINE('',#2247,#2248);
#2247 = CARTESIAN_POINT('',(-2.25,0.84,1.025));
#2248 = VECTOR('',#2249,1.);
#2249 = DIRECTION('',(1.,-1.144237745222E-17,0.));
#2250 = PLANE('',#2251);
#2251 = AXIS2_PLACEMENT_3D('',#2252,#2253,#2254);
#2252 = CARTESIAN_POINT('',(-3.027078129022E-16,2.4125,1.025));
#2253 = DIRECTION('',(2.007919022429E-31,-7.713306628828E-27,-1.));
#2254 = DIRECTION('',(1.,1.112083013911E-16,2.00791902242E-31));
#2255 = ADVANCED_FACE('',(#2256),#2335,.F.);
#2256 = FACE_BOUND('',#2257,.F.);
#2257 = EDGE_LOOP('',(#2258,#2259,#2260,#2269,#2277,#2286,#2294,#2302,
    #2310,#2319,#2327,#2334));
#2258 = ORIENTED_EDGE('',*,*,#824,.F.);
#2259 = ORIENTED_EDGE('',*,*,#846,.T.);
#2260 = ORIENTED_EDGE('',*,*,#2261,.T.);
#2261 = EDGE_CURVE('',#847,#2262,#2264,.T.);
#2262 = VERTEX_POINT('',#2263);
#2263 = CARTESIAN_POINT('',(-2.348480775301,1.7,0.742364817767));
#2264 = CIRCLE('',#2265,0.1);
#2265 = AXIS2_PLACEMENT_3D('',#2266,#2267,#2268);
#2266 = CARTESIAN_POINT('',(-2.25,1.7,0.725));
#2267 = DIRECTION('',(-1.144237745222E-17,-1.,3.483726818625E-47));
#2268 = DIRECTION('',(-4.440892098501E-15,5.081436361563E-32,1.));
#2269 = ORIENTED_EDGE('',*,*,#2270,.T.);
#2270 = EDGE_CURVE('',#2262,#2271,#2273,.T.);
#2271 = VERTEX_POINT('',#2272);
#2272 = CARTESIAN_POINT('',(-2.429496640897,1.7,0.2479055467));
#2273 = LINE('',#2274,#2275);
#2274 = CARTESIAN_POINT('',(-2.348480775301,1.7,0.742364817767));
#2275 = VECTOR('',#2276,1.);
#2276 = DIRECTION('',(-0.161691392282,1.85013394127E-18,-0.986841372087)
  );
#2277 = ORIENTED_EDGE('',*,*,#2278,.T.);
#2278 = EDGE_CURVE('',#2271,#2279,#2281,.T.);
#2279 = VERTEX_POINT('',#2280);
#2280 = CARTESIAN_POINT('',(-2.724938966801,1.7,-1.665334536938E-16));
#2281 = CIRCLE('',#2282,0.3);
#2282 = AXIS2_PLACEMENT_3D('',#2283,#2284,#2285);
#2283 = CARTESIAN_POINT('',(-2.724938966801,1.7,0.3));
#2284 = DIRECTION('',(1.144237745222E-17,1.,8.679168028915E-34));
#2285 = DIRECTION('',(0.984807753012,-1.126854202784E-17,-0.173648177667
    ));
#2286 = ORIENTED_EDGE('',*,*,#2287,.T.);
#2287 = EDGE_CURVE('',#2279,#2288,#2290,.T.);
#2288 = VERTEX_POINT('',#2289);
#2289 = CARTESIAN_POINT('',(-3.,1.7,-1.665334536938E-16));
#2290 = LINE('',#2291,#2292);
#2291 = CARTESIAN_POINT('',(-2.724938966801,1.7,-1.665334536938E-16));
#2292 = VECTOR('',#2293,1.);
#2293 = DIRECTION('',(-1.,1.144237745222E-17,0.));
#2294 = ORIENTED_EDGE('',*,*,#2295,.T.);
#2295 = EDGE_CURVE('',#2288,#2296,#2298,.T.);
#2296 = VERTEX_POINT('',#2297);
#2297 = CARTESIAN_POINT('',(-3.,1.7,0.2));
#2298 = LINE('',#2299,#2300);
#2299 = CARTESIAN_POINT('',(-3.,1.7,-1.665334536938E-16));
#2300 = VECTOR('',#2301,1.);
#2301 = DIRECTION('',(0.,0.,1.));
#2302 = ORIENTED_EDGE('',*,*,#2303,.T.);
#2303 = EDGE_CURVE('',#2296,#2304,#2306,.T.);
#2304 = VERTEX_POINT('',#2305);
#2305 = CARTESIAN_POINT('',(-2.724938966801,1.7,0.2));
#2306 = LINE('',#2307,#2308);
#2307 = CARTESIAN_POINT('',(-3.,1.7,0.2));
#2308 = VECTOR('',#2309,1.);
#2309 = DIRECTION('',(1.,-1.144237745222E-17,0.));
#2310 = ORIENTED_EDGE('',*,*,#2311,.T.);
#2311 = EDGE_CURVE('',#2304,#2312,#2314,.T.);
#2312 = VERTEX_POINT('',#2313);
#2313 = CARTESIAN_POINT('',(-2.6264581915,1.7,0.282635182233));
#2314 = CIRCLE('',#2315,0.1);
#2315 = AXIS2_PLACEMENT_3D('',#2316,#2317,#2318);
#2316 = CARTESIAN_POINT('',(-2.724938966801,1.7,0.3));
#2317 = DIRECTION('',(-1.144237745222E-17,-1.,-0.));
#2318 = DIRECTION('',(0.,0.,-1.));
#2319 = ORIENTED_EDGE('',*,*,#2320,.T.);
#2320 = EDGE_CURVE('',#2312,#2321,#2323,.T.);
#2321 = VERTEX_POINT('',#2322);
#2322 = CARTESIAN_POINT('',(-2.545442325904,1.7,0.7770944533));
#2323 = LINE('',#2324,#2325);
#2324 = CARTESIAN_POINT('',(-2.6264581915,1.7,0.282635182233));
#2325 = VECTOR('',#2326,1.);
#2326 = DIRECTION('',(0.161691392282,-1.85013394127E-18,0.986841372087)
  );
#2327 = ORIENTED_EDGE('',*,*,#2328,.T.);
#2328 = EDGE_CURVE('',#2321,#1222,#2329,.T.);
#2329 = CIRCLE('',#2330,0.3);
#2330 = AXIS2_PLACEMENT_3D('',#2331,#2332,#2333);
#2331 = CARTESIAN_POINT('',(-2.25,1.7,0.725));
#2332 = DIRECTION('',(1.144237745222E-17,1.,8.679168028915E-34));
#2333 = DIRECTION('',(-0.984807753012,1.126854202784E-17,0.173648177667)
  );
#2334 = ORIENTED_EDGE('',*,*,#1221,.T.);
#2335 = PLANE('',#2336);
#2336 = AXIS2_PLACEMENT_3D('',#2337,#2338,#2339);
#2337 = CARTESIAN_POINT('',(-2.42560961319,1.7,0.548953137803));
#2338 = DIRECTION('',(1.144237745222E-17,1.,0.));
#2339 = DIRECTION('',(0.,-0.,1.));
#2340 = ADVANCED_FACE('',(#2341),#2360,.F.);
#2341 = FACE_BOUND('',#2342,.F.);
#2342 = EDGE_LOOP('',(#2343,#2344,#2353,#2359));
#2343 = ORIENTED_EDGE('',*,*,#863,.T.);
#2344 = ORIENTED_EDGE('',*,*,#2345,.T.);
#2345 = EDGE_CURVE('',#856,#2346,#2348,.T.);
#2346 = VERTEX_POINT('',#2347);
#2347 = CARTESIAN_POINT('',(-2.348480775301,2.11,0.742364817767));
#2348 = CIRCLE('',#2349,0.1);
#2349 = AXIS2_PLACEMENT_3D('',#2350,#2351,#2352);
#2350 = CARTESIAN_POINT('',(-2.25,2.11,0.725));
#2351 = DIRECTION('',(-1.144237745222E-17,-1.,3.483726818625E-47));
#2352 = DIRECTION('',(-4.440892098501E-15,5.081436361563E-32,1.));
#2353 = ORIENTED_EDGE('',*,*,#2354,.F.);
#2354 = EDGE_CURVE('',#2262,#2346,#2355,.T.);
#2355 = LINE('',#2356,#2357);
#2356 = CARTESIAN_POINT('',(-2.348480775301,1.7,0.742364817767));
#2357 = VECTOR('',#2358,1.);
#2358 = DIRECTION('',(1.144237745222E-17,1.,0.));
#2359 = ORIENTED_EDGE('',*,*,#2261,.F.);
#2360 = CYLINDRICAL_SURFACE('',#2361,0.1);
#2361 = AXIS2_PLACEMENT_3D('',#2362,#2363,#2364);
#2362 = CARTESIAN_POINT('',(-2.25,1.7,0.725));
#2363 = DIRECTION('',(-1.144237745222E-17,-1.,0.));
#2364 = DIRECTION('',(-4.440892098501E-15,5.081436361563E-32,1.));
#2365 = ADVANCED_FACE('',(#2366),#2437,.T.);
#2366 = FACE_BOUND('',#2367,.T.);
#2367 = EDGE_LOOP('',(#2368,#2369,#2370,#2371,#2379,#2388,#2396,#2404,
    #2412,#2421,#2429,#2436));
#2368 = ORIENTED_EDGE('',*,*,#877,.F.);
#2369 = ORIENTED_EDGE('',*,*,#855,.T.);
#2370 = ORIENTED_EDGE('',*,*,#2345,.T.);
#2371 = ORIENTED_EDGE('',*,*,#2372,.T.);
#2372 = EDGE_CURVE('',#2346,#2373,#2375,.T.);
#2373 = VERTEX_POINT('',#2374);
#2374 = CARTESIAN_POINT('',(-2.429496640897,2.11,0.2479055467));
#2375 = LINE('',#2376,#2377);
#2376 = CARTESIAN_POINT('',(-2.348480775301,2.11,0.742364817767));
#2377 = VECTOR('',#2378,1.);
#2378 = DIRECTION('',(-0.161691392282,1.85013394127E-18,-0.986841372087)
  );
#2379 = ORIENTED_EDGE('',*,*,#2380,.T.);
#2380 = EDGE_CURVE('',#2373,#2381,#2383,.T.);
#2381 = VERTEX_POINT('',#2382);
#2382 = CARTESIAN_POINT('',(-2.724938966801,2.11,-1.665334536938E-16));
#2383 = CIRCLE('',#2384,0.3);
#2384 = AXIS2_PLACEMENT_3D('',#2385,#2386,#2387);
#2385 = CARTESIAN_POINT('',(-2.724938966801,2.11,0.3));
#2386 = DIRECTION('',(1.144237745222E-17,1.,8.679168028915E-34));
#2387 = DIRECTION('',(0.984807753012,-1.126854202784E-17,-0.173648177667
    ));
#2388 = ORIENTED_EDGE('',*,*,#2389,.T.);
#2389 = EDGE_CURVE('',#2381,#2390,#2392,.T.);
#2390 = VERTEX_POINT('',#2391);
#2391 = CARTESIAN_POINT('',(-3.,2.11,-1.665334536938E-16));
#2392 = LINE('',#2393,#2394);
#2393 = CARTESIAN_POINT('',(-2.724938966801,2.11,-1.665334536938E-16));
#2394 = VECTOR('',#2395,1.);
#2395 = DIRECTION('',(-1.,1.144237745222E-17,0.));
#2396 = ORIENTED_EDGE('',*,*,#2397,.T.);
#2397 = EDGE_CURVE('',#2390,#2398,#2400,.T.);
#2398 = VERTEX_POINT('',#2399);
#2399 = CARTESIAN_POINT('',(-3.,2.11,0.2));
#2400 = LINE('',#2401,#2402);
#2401 = CARTESIAN_POINT('',(-3.,2.11,-1.665334536938E-16));
#2402 = VECTOR('',#2403,1.);
#2403 = DIRECTION('',(0.,0.,1.));
#2404 = ORIENTED_EDGE('',*,*,#2405,.T.);
#2405 = EDGE_CURVE('',#2398,#2406,#2408,.T.);
#2406 = VERTEX_POINT('',#2407);
#2407 = CARTESIAN_POINT('',(-2.724938966801,2.11,0.2));
#2408 = LINE('',#2409,#2410);
#2409 = CARTESIAN_POINT('',(-3.,2.11,0.2));
#2410 = VECTOR('',#2411,1.);
#2411 = DIRECTION('',(1.,-1.144237745222E-17,0.));
#2412 = ORIENTED_EDGE('',*,*,#2413,.T.);
#2413 = EDGE_CURVE('',#2406,#2414,#2416,.T.);
#2414 = VERTEX_POINT('',#2415);
#2415 = CARTESIAN_POINT('',(-2.6264581915,2.11,0.282635182233));
#2416 = CIRCLE('',#2417,0.1);
#2417 = AXIS2_PLACEMENT_3D('',#2418,#2419,#2420);
#2418 = CARTESIAN_POINT('',(-2.724938966801,2.11,0.3));
#2419 = DIRECTION('',(-1.144237745222E-17,-1.,-0.));
#2420 = DIRECTION('',(0.,0.,-1.));
#2421 = ORIENTED_EDGE('',*,*,#2422,.T.);
#2422 = EDGE_CURVE('',#2414,#2423,#2425,.T.);
#2423 = VERTEX_POINT('',#2424);
#2424 = CARTESIAN_POINT('',(-2.545442325904,2.11,0.7770944533));
#2425 = LINE('',#2426,#2427);
#2426 = CARTESIAN_POINT('',(-2.6264581915,2.11,0.282635182233));
#2427 = VECTOR('',#2428,1.);
#2428 = DIRECTION('',(0.161691392282,-1.85013394127E-18,0.986841372087)
  );
#2429 = ORIENTED_EDGE('',*,*,#2430,.T.);
#2430 = EDGE_CURVE('',#2423,#1230,#2431,.T.);
#2431 = CIRCLE('',#2432,0.3);
#2432 = AXIS2_PLACEMENT_3D('',#2433,#2434,#2435);
#2433 = CARTESIAN_POINT('',(-2.25,2.11,0.725));
#2434 = DIRECTION('',(1.144237745222E-17,1.,8.679168028915E-34));
#2435 = DIRECTION('',(-0.984807753012,1.126854202784E-17,0.173648177667)
  );
#2436 = ORIENTED_EDGE('',*,*,#1237,.T.);
#2437 = PLANE('',#2438);
#2438 = AXIS2_PLACEMENT_3D('',#2439,#2440,#2441);
#2439 = CARTESIAN_POINT('',(-2.42560961319,2.11,0.548953137803));
#2440 = DIRECTION('',(1.144237745222E-17,1.,0.));
#2441 = DIRECTION('',(0.,-0.,1.));
#2442 = ADVANCED_FACE('',(#2443),#2522,.F.);
#2443 = FACE_BOUND('',#2444,.F.);
#2444 = EDGE_LOOP('',(#2445,#2446,#2447,#2456,#2464,#2473,#2481,#2489,
    #2497,#2506,#2514,#2521));
#2445 = ORIENTED_EDGE('',*,*,#896,.F.);
#2446 = ORIENTED_EDGE('',*,*,#911,.T.);
#2447 = ORIENTED_EDGE('',*,*,#2448,.T.);
#2448 = EDGE_CURVE('',#912,#2449,#2451,.T.);
#2449 = VERTEX_POINT('',#2450);
#2450 = CARTESIAN_POINT('',(2.348480775301,2.11,0.742364817767));
#2451 = CIRCLE('',#2452,0.1);
#2452 = AXIS2_PLACEMENT_3D('',#2453,#2454,#2455);
#2453 = CARTESIAN_POINT('',(2.25,2.11,0.725));
#2454 = DIRECTION('',(-1.110223024625E-16,1.,2.189528849922E-47));
#2455 = DIRECTION('',(4.440892098501E-15,4.930380657631E-31,1.));
#2456 = ORIENTED_EDGE('',*,*,#2457,.T.);
#2457 = EDGE_CURVE('',#2449,#2458,#2460,.T.);
#2458 = VERTEX_POINT('',#2459);
#2459 = CARTESIAN_POINT('',(2.429496640897,2.11,0.2479055467));
#2460 = LINE('',#2461,#2462);
#2461 = CARTESIAN_POINT('',(2.348480775301,2.11,0.742364817767));
#2462 = VECTOR('',#2463,1.);
#2463 = DIRECTION('',(0.161691392282,1.795135065956E-17,-0.986841372087)
  );
#2464 = ORIENTED_EDGE('',*,*,#2465,.T.);
#2465 = EDGE_CURVE('',#2458,#2466,#2468,.T.);
#2466 = VERTEX_POINT('',#2467);
#2467 = CARTESIAN_POINT('',(2.724938966801,2.11,-1.665334536938E-16));
#2468 = CIRCLE('',#2469,0.3);
#2469 = AXIS2_PLACEMENT_3D('',#2470,#2471,#2472);
#2470 = CARTESIAN_POINT('',(2.724938966801,2.11,0.3));
#2471 = DIRECTION('',(1.110223024625E-16,-1.,-6.255634725081E-34));
#2472 = DIRECTION('',(-0.984807753012,-1.093356242223E-16,
    -0.173648177667));
#2473 = ORIENTED_EDGE('',*,*,#2474,.T.);
#2474 = EDGE_CURVE('',#2466,#2475,#2477,.T.);
#2475 = VERTEX_POINT('',#2476);
#2476 = CARTESIAN_POINT('',(3.,2.11,-1.665334536938E-16));
#2477 = LINE('',#2478,#2479);
#2478 = CARTESIAN_POINT('',(2.724938966801,2.11,-1.665334536938E-16));
#2479 = VECTOR('',#2480,1.);
#2480 = DIRECTION('',(1.,1.110223024625E-16,0.));
#2481 = ORIENTED_EDGE('',*,*,#2482,.T.);
#2482 = EDGE_CURVE('',#2475,#2483,#2485,.T.);
#2483 = VERTEX_POINT('',#2484);
#2484 = CARTESIAN_POINT('',(3.,2.11,0.2));
#2485 = LINE('',#2486,#2487);
#2486 = CARTESIAN_POINT('',(3.,2.11,-1.665334536938E-16));
#2487 = VECTOR('',#2488,1.);
#2488 = DIRECTION('',(0.,0.,1.));
#2489 = ORIENTED_EDGE('',*,*,#2490,.T.);
#2490 = EDGE_CURVE('',#2483,#2491,#2493,.T.);
#2491 = VERTEX_POINT('',#2492);
#2492 = CARTESIAN_POINT('',(2.724938966801,2.11,0.2));
#2493 = LINE('',#2494,#2495);
#2494 = CARTESIAN_POINT('',(3.,2.11,0.2));
#2495 = VECTOR('',#2496,1.);
#2496 = DIRECTION('',(-1.,-1.110223024625E-16,0.));
#2497 = ORIENTED_EDGE('',*,*,#2498,.T.);
#2498 = EDGE_CURVE('',#2491,#2499,#2501,.T.);
#2499 = VERTEX_POINT('',#2500);
#2500 = CARTESIAN_POINT('',(2.6264581915,2.11,0.282635182233));
#2501 = CIRCLE('',#2502,0.1);
#2502 = AXIS2_PLACEMENT_3D('',#2503,#2504,#2505);
#2503 = CARTESIAN_POINT('',(2.724938966801,2.11,0.3));
#2504 = DIRECTION('',(-1.110223024625E-16,1.,0.));
#2505 = DIRECTION('',(0.,0.,-1.));
#2506 = ORIENTED_EDGE('',*,*,#2507,.T.);
#2507 = EDGE_CURVE('',#2499,#2508,#2510,.T.);
#2508 = VERTEX_POINT('',#2509);
#2509 = CARTESIAN_POINT('',(2.545442325904,2.11,0.7770944533));
#2510 = LINE('',#2511,#2512);
#2511 = CARTESIAN_POINT('',(2.6264581915,2.11,0.282635182233));
#2512 = VECTOR('',#2513,1.);
#2513 = DIRECTION('',(-0.161691392282,-1.795135065956E-17,0.986841372087
    ));
#2514 = ORIENTED_EDGE('',*,*,#2515,.T.);
#2515 = EDGE_CURVE('',#2508,#1509,#2516,.T.);
#2516 = CIRCLE('',#2517,0.3);
#2517 = AXIS2_PLACEMENT_3D('',#2518,#2519,#2520);
#2518 = CARTESIAN_POINT('',(2.25,2.11,0.725));
#2519 = DIRECTION('',(1.110223024625E-16,-1.,-6.255634725081E-34));
#2520 = DIRECTION('',(0.984807753012,1.093356242223E-16,0.173648177667)
  );
#2521 = ORIENTED_EDGE('',*,*,#1508,.T.);
#2522 = PLANE('',#2523);
#2523 = AXIS2_PLACEMENT_3D('',#2524,#2525,#2526);
#2524 = CARTESIAN_POINT('',(2.42560961319,2.11,0.548953137803));
#2525 = DIRECTION('',(1.110223024625E-16,-1.,0.));
#2526 = DIRECTION('',(0.,0.,1.));
#2527 = ADVANCED_FACE('',(#2528),#2547,.F.);
#2528 = FACE_BOUND('',#2529,.F.);
#2529 = EDGE_LOOP('',(#2530,#2531,#2540,#2546));
#2530 = ORIENTED_EDGE('',*,*,#928,.T.);
#2531 = ORIENTED_EDGE('',*,*,#2532,.T.);
#2532 = EDGE_CURVE('',#921,#2533,#2535,.T.);
#2533 = VERTEX_POINT('',#2534);
#2534 = CARTESIAN_POINT('',(2.348480775301,1.7,0.742364817767));
#2535 = CIRCLE('',#2536,0.1);
#2536 = AXIS2_PLACEMENT_3D('',#2537,#2538,#2539);
#2537 = CARTESIAN_POINT('',(2.25,1.7,0.725));
#2538 = DIRECTION('',(-1.110223024625E-16,1.,2.189528849922E-47));
#2539 = DIRECTION('',(4.440892098501E-15,4.930380657631E-31,1.));
#2540 = ORIENTED_EDGE('',*,*,#2541,.F.);
#2541 = EDGE_CURVE('',#2449,#2533,#2542,.T.);
#2542 = LINE('',#2543,#2544);
#2543 = CARTESIAN_POINT('',(2.348480775301,2.11,0.742364817767));
#2544 = VECTOR('',#2545,1.);
#2545 = DIRECTION('',(1.110223024625E-16,-1.,0.));
#2546 = ORIENTED_EDGE('',*,*,#2448,.F.);
#2547 = CYLINDRICAL_SURFACE('',#2548,0.1);
#2548 = AXIS2_PLACEMENT_3D('',#2549,#2550,#2551);
#2549 = CARTESIAN_POINT('',(2.25,2.11,0.725));
#2550 = DIRECTION('',(-1.110223024625E-16,1.,0.));
#2551 = DIRECTION('',(4.440892098501E-15,4.930380657631E-31,1.));
#2552 = ADVANCED_FACE('',(#2553),#2624,.T.);
#2553 = FACE_BOUND('',#2554,.T.);
#2554 = EDGE_LOOP('',(#2555,#2556,#2557,#2558,#2566,#2575,#2583,#2591,
    #2599,#2608,#2616,#2623));
#2555 = ORIENTED_EDGE('',*,*,#942,.F.);
#2556 = ORIENTED_EDGE('',*,*,#920,.T.);
#2557 = ORIENTED_EDGE('',*,*,#2532,.T.);
#2558 = ORIENTED_EDGE('',*,*,#2559,.T.);
#2559 = EDGE_CURVE('',#2533,#2560,#2562,.T.);
#2560 = VERTEX_POINT('',#2561);
#2561 = CARTESIAN_POINT('',(2.429496640897,1.7,0.2479055467));
#2562 = LINE('',#2563,#2564);
#2563 = CARTESIAN_POINT('',(2.348480775301,1.7,0.742364817767));
#2564 = VECTOR('',#2565,1.);
#2565 = DIRECTION('',(0.161691392282,1.795135065956E-17,-0.986841372087)
  );
#2566 = ORIENTED_EDGE('',*,*,#2567,.T.);
#2567 = EDGE_CURVE('',#2560,#2568,#2570,.T.);
#2568 = VERTEX_POINT('',#2569);
#2569 = CARTESIAN_POINT('',(2.724938966801,1.7,-1.665334536938E-16));
#2570 = CIRCLE('',#2571,0.3);
#2571 = AXIS2_PLACEMENT_3D('',#2572,#2573,#2574);
#2572 = CARTESIAN_POINT('',(2.724938966801,1.7,0.3));
#2573 = DIRECTION('',(1.110223024625E-16,-1.,-6.255634725081E-34));
#2574 = DIRECTION('',(-0.984807753012,-1.093356242223E-16,
    -0.173648177667));
#2575 = ORIENTED_EDGE('',*,*,#2576,.T.);
#2576 = EDGE_CURVE('',#2568,#2577,#2579,.T.);
#2577 = VERTEX_POINT('',#2578);
#2578 = CARTESIAN_POINT('',(3.,1.7,-1.665334536938E-16));
#2579 = LINE('',#2580,#2581);
#2580 = CARTESIAN_POINT('',(2.724938966801,1.7,-1.665334536938E-16));
#2581 = VECTOR('',#2582,1.);
#2582 = DIRECTION('',(1.,1.110223024625E-16,0.));
#2583 = ORIENTED_EDGE('',*,*,#2584,.T.);
#2584 = EDGE_CURVE('',#2577,#2585,#2587,.T.);
#2585 = VERTEX_POINT('',#2586);
#2586 = CARTESIAN_POINT('',(3.,1.7,0.2));
#2587 = LINE('',#2588,#2589);
#2588 = CARTESIAN_POINT('',(3.,1.7,-1.665334536938E-16));
#2589 = VECTOR('',#2590,1.);
#2590 = DIRECTION('',(0.,0.,1.));
#2591 = ORIENTED_EDGE('',*,*,#2592,.T.);
#2592 = EDGE_CURVE('',#2585,#2593,#2595,.T.);
#2593 = VERTEX_POINT('',#2594);
#2594 = CARTESIAN_POINT('',(2.724938966801,1.7,0.2));
#2595 = LINE('',#2596,#2597);
#2596 = CARTESIAN_POINT('',(3.,1.7,0.2));
#2597 = VECTOR('',#2598,1.);
#2598 = DIRECTION('',(-1.,-1.110223024625E-16,0.));
#2599 = ORIENTED_EDGE('',*,*,#2600,.T.);
#2600 = EDGE_CURVE('',#2593,#2601,#2603,.T.);
#2601 = VERTEX_POINT('',#2602);
#2602 = CARTESIAN_POINT('',(2.6264581915,1.7,0.282635182233));
#2603 = CIRCLE('',#2604,0.1);
#2604 = AXIS2_PLACEMENT_3D('',#2605,#2606,#2607);
#2605 = CARTESIAN_POINT('',(2.724938966801,1.7,0.3));
#2606 = DIRECTION('',(-1.110223024625E-16,1.,0.));
#2607 = DIRECTION('',(0.,0.,-1.));
#2608 = ORIENTED_EDGE('',*,*,#2609,.T.);
#2609 = EDGE_CURVE('',#2601,#2610,#2612,.T.);
#2610 = VERTEX_POINT('',#2611);
#2611 = CARTESIAN_POINT('',(2.545442325904,1.7,0.7770944533));
#2612 = LINE('',#2613,#2614);
#2613 = CARTESIAN_POINT('',(2.6264581915,1.7,0.282635182233));
#2614 = VECTOR('',#2615,1.);
#2615 = DIRECTION('',(-0.161691392282,-1.795135065956E-17,0.986841372087
    ));
#2616 = ORIENTED_EDGE('',*,*,#2617,.T.);
#2617 = EDGE_CURVE('',#2610,#1517,#2618,.T.);
#2618 = CIRCLE('',#2619,0.3);
#2619 = AXIS2_PLACEMENT_3D('',#2620,#2621,#2622);
#2620 = CARTESIAN_POINT('',(2.25,1.7,0.725));
#2621 = DIRECTION('',(1.110223024625E-16,-1.,-6.255634725081E-34));
#2622 = DIRECTION('',(0.984807753012,1.093356242223E-16,0.173648177667)
  );
#2623 = ORIENTED_EDGE('',*,*,#1524,.T.);
#2624 = PLANE('',#2625);
#2625 = AXIS2_PLACEMENT_3D('',#2626,#2627,#2628);
#2626 = CARTESIAN_POINT('',(2.42560961319,1.7,0.548953137803));
#2627 = DIRECTION('',(1.110223024625E-16,-1.,0.));
#2628 = DIRECTION('',(0.,0.,1.));
#2629 = ADVANCED_FACE('',(#2630),#2641,.F.);
#2630 = FACE_BOUND('',#2631,.F.);
#2631 = EDGE_LOOP('',(#2632,#2633,#2634,#2640));
#2632 = ORIENTED_EDGE('',*,*,#1530,.F.);
#2633 = ORIENTED_EDGE('',*,*,#959,.T.);
#2634 = ORIENTED_EDGE('',*,*,#2635,.T.);
#2635 = EDGE_CURVE('',#952,#1431,#2636,.T.);
#2636 = LINE('',#2637,#2638);
#2637 = CARTESIAN_POINT('',(2.25,0.84,1.025));
#2638 = VECTOR('',#2639,1.);
#2639 = DIRECTION('',(-1.,-1.110223024625E-16,0.));
#2640 = ORIENTED_EDGE('',*,*,#1430,.F.);
#2641 = PLANE('',#2642);
#2642 = AXIS2_PLACEMENT_3D('',#2643,#2644,#2645);
#2643 = CARTESIAN_POINT('',(-3.027078129022E-16,2.4125,1.025));
#2644 = DIRECTION('',(2.007919022429E-31,-7.713306628828E-27,-1.));
#2645 = DIRECTION('',(1.,1.112083013911E-16,2.00791902242E-31));
#2646 = ADVANCED_FACE('',(#2647),#2733,.F.);
#2647 = FACE_BOUND('',#2648,.F.);
#2648 = EDGE_LOOP('',(#2649,#2650,#2651,#2660,#2668,#2677,#2685,#2693,
    #2701,#2710,#2718,#2727));
#2649 = ORIENTED_EDGE('',*,*,#951,.F.);
#2650 = ORIENTED_EDGE('',*,*,#973,.T.);
#2651 = ORIENTED_EDGE('',*,*,#2652,.T.);
#2652 = EDGE_CURVE('',#974,#2653,#2655,.T.);
#2653 = VERTEX_POINT('',#2654);
#2654 = CARTESIAN_POINT('',(2.348480775301,0.84,0.742364817767));
#2655 = CIRCLE('',#2656,0.1);
#2656 = AXIS2_PLACEMENT_3D('',#2657,#2658,#2659);
#2657 = CARTESIAN_POINT('',(2.25,0.84,0.725));
#2658 = DIRECTION('',(-1.110223024625E-16,1.,2.189528849922E-47));
#2659 = DIRECTION('',(4.440892098501E-15,4.930380657631E-31,1.));
#2660 = ORIENTED_EDGE('',*,*,#2661,.T.);
#2661 = EDGE_CURVE('',#2653,#2662,#2664,.T.);
#2662 = VERTEX_POINT('',#2663);
#2663 = CARTESIAN_POINT('',(2.429496640897,0.84,0.2479055467));
#2664 = LINE('',#2665,#2666);
#2665 = CARTESIAN_POINT('',(2.348480775301,0.84,0.742364817767));
#2666 = VECTOR('',#2667,1.);
#2667 = DIRECTION('',(0.161691392282,1.795135065956E-17,-0.986841372087)
  );
#2668 = ORIENTED_EDGE('',*,*,#2669,.T.);
#2669 = EDGE_CURVE('',#2662,#2670,#2672,.T.);
#2670 = VERTEX_POINT('',#2671);
#2671 = CARTESIAN_POINT('',(2.724938966801,0.84,-1.665334536938E-16));
#2672 = CIRCLE('',#2673,0.3);
#2673 = AXIS2_PLACEMENT_3D('',#2674,#2675,#2676);
#2674 = CARTESIAN_POINT('',(2.724938966801,0.84,0.3));
#2675 = DIRECTION('',(1.110223024625E-16,-1.,-6.255634725081E-34));
#2676 = DIRECTION('',(-0.984807753012,-1.093356242223E-16,
    -0.173648177667));
#2677 = ORIENTED_EDGE('',*,*,#2678,.T.);
#2678 = EDGE_CURVE('',#2670,#2679,#2681,.T.);
#2679 = VERTEX_POINT('',#2680);
#2680 = CARTESIAN_POINT('',(3.,0.84,-1.665334536938E-16));
#2681 = LINE('',#2682,#2683);
#2682 = CARTESIAN_POINT('',(2.724938966801,0.84,-1.665334536938E-16));
#2683 = VECTOR('',#2684,1.);
#2684 = DIRECTION('',(1.,1.110223024625E-16,0.));
#2685 = ORIENTED_EDGE('',*,*,#2686,.T.);
#2686 = EDGE_CURVE('',#2679,#2687,#2689,.T.);
#2687 = VERTEX_POINT('',#2688);
#2688 = CARTESIAN_POINT('',(3.,0.84,0.2));
#2689 = LINE('',#2690,#2691);
#2690 = CARTESIAN_POINT('',(3.,0.84,-1.665334536938E-16));
#2691 = VECTOR('',#2692,1.);
#2692 = DIRECTION('',(0.,0.,1.));
#2693 = ORIENTED_EDGE('',*,*,#2694,.T.);
#2694 = EDGE_CURVE('',#2687,#2695,#2697,.T.);
#2695 = VERTEX_POINT('',#2696);
#2696 = CARTESIAN_POINT('',(2.724938966801,0.84,0.2));
#2697 = LINE('',#2698,#2699);
#2698 = CARTESIAN_POINT('',(3.,0.84,0.2));
#2699 = VECTOR('',#2700,1.);
#2700 = DIRECTION('',(-1.,-1.110223024625E-16,0.));
#2701 = ORIENTED_EDGE('',*,*,#2702,.T.);
#2702 = EDGE_CURVE('',#2695,#2703,#2705,.T.);
#2703 = VERTEX_POINT('',#2704);
#2704 = CARTESIAN_POINT('',(2.6264581915,0.84,0.282635182233));
#2705 = CIRCLE('',#2706,0.1);
#2706 = AXIS2_PLACEMENT_3D('',#2707,#2708,#2709);
#2707 = CARTESIAN_POINT('',(2.724938966801,0.84,0.3));
#2708 = DIRECTION('',(-1.110223024625E-16,1.,0.));
#2709 = DIRECTION('',(0.,0.,-1.));
#2710 = ORIENTED_EDGE('',*,*,#2711,.T.);
#2711 = EDGE_CURVE('',#2703,#2712,#2714,.T.);
#2712 = VERTEX_POINT('',#2713);
#2713 = CARTESIAN_POINT('',(2.545442325904,0.84,0.7770944533));
#2714 = LINE('',#2715,#2716);
#2715 = CARTESIAN_POINT('',(2.6264581915,0.84,0.282635182233));
#2716 = VECTOR('',#2717,1.);
#2717 = DIRECTION('',(-0.161691392282,-1.795135065956E-17,0.986841372087
    ));
#2718 = ORIENTED_EDGE('',*,*,#2719,.T.);
#2719 = EDGE_CURVE('',#2712,#2720,#2722,.T.);
#2720 = VERTEX_POINT('',#2721);
#2721 = CARTESIAN_POINT('',(2.25,0.84,1.025));
#2722 = CIRCLE('',#2723,0.3);
#2723 = AXIS2_PLACEMENT_3D('',#2724,#2725,#2726);
#2724 = CARTESIAN_POINT('',(2.25,0.84,0.725));
#2725 = DIRECTION('',(1.110223024625E-16,-1.,-6.255634725081E-34));
#2726 = DIRECTION('',(0.984807753012,1.093356242223E-16,0.173648177667)
  );
#2727 = ORIENTED_EDGE('',*,*,#2728,.T.);
#2728 = EDGE_CURVE('',#2720,#952,#2729,.T.);
#2729 = LINE('',#2730,#2731);
#2730 = CARTESIAN_POINT('',(2.25,0.84,1.025));
#2731 = VECTOR('',#2732,1.);
#2732 = DIRECTION('',(-1.,-1.110223024625E-16,0.));
#2733 = PLANE('',#2734);
#2734 = AXIS2_PLACEMENT_3D('',#2735,#2736,#2737);
#2735 = CARTESIAN_POINT('',(2.42560961319,0.84,0.548953137803));
#2736 = DIRECTION('',(1.110223024625E-16,-1.,0.));
#2737 = DIRECTION('',(0.,0.,1.));
#2738 = ADVANCED_FACE('',(#2739),#2758,.F.);
#2739 = FACE_BOUND('',#2740,.F.);
#2740 = EDGE_LOOP('',(#2741,#2742,#2751,#2757));
#2741 = ORIENTED_EDGE('',*,*,#990,.T.);
#2742 = ORIENTED_EDGE('',*,*,#2743,.T.);
#2743 = EDGE_CURVE('',#983,#2744,#2746,.T.);
#2744 = VERTEX_POINT('',#2745);
#2745 = CARTESIAN_POINT('',(2.348480775301,0.43,0.742364817767));
#2746 = CIRCLE('',#2747,0.1);
#2747 = AXIS2_PLACEMENT_3D('',#2748,#2749,#2750);
#2748 = CARTESIAN_POINT('',(2.25,0.43,0.725));
#2749 = DIRECTION('',(-1.110223024625E-16,1.,2.189528849922E-47));
#2750 = DIRECTION('',(4.440892098501E-15,4.930380657631E-31,1.));
#2751 = ORIENTED_EDGE('',*,*,#2752,.F.);
#2752 = EDGE_CURVE('',#2653,#2744,#2753,.T.);
#2753 = LINE('',#2754,#2755);
#2754 = CARTESIAN_POINT('',(2.348480775301,0.84,0.742364817767));
#2755 = VECTOR('',#2756,1.);
#2756 = DIRECTION('',(1.110223024625E-16,-1.,0.));
#2757 = ORIENTED_EDGE('',*,*,#2652,.F.);
#2758 = CYLINDRICAL_SURFACE('',#2759,0.1);
#2759 = AXIS2_PLACEMENT_3D('',#2760,#2761,#2762);
#2760 = CARTESIAN_POINT('',(2.25,0.84,0.725));
#2761 = DIRECTION('',(-1.110223024625E-16,1.,0.));
#2762 = DIRECTION('',(4.440892098501E-15,4.930380657631E-31,1.));
#2763 = ADVANCED_FACE('',(#2764),#2842,.T.);
#2764 = FACE_BOUND('',#2765,.T.);
#2765 = EDGE_LOOP('',(#2766,#2767,#2768,#2769,#2777,#2786,#2794,#2802,
    #2810,#2819,#2827,#2836));
#2766 = ORIENTED_EDGE('',*,*,#1004,.F.);
#2767 = ORIENTED_EDGE('',*,*,#982,.T.);
#2768 = ORIENTED_EDGE('',*,*,#2743,.T.);
#2769 = ORIENTED_EDGE('',*,*,#2770,.T.);
#2770 = EDGE_CURVE('',#2744,#2771,#2773,.T.);
#2771 = VERTEX_POINT('',#2772);
#2772 = CARTESIAN_POINT('',(2.429496640897,0.43,0.2479055467));
#2773 = LINE('',#2774,#2775);
#2774 = CARTESIAN_POINT('',(2.348480775301,0.43,0.742364817767));
#2775 = VECTOR('',#2776,1.);
#2776 = DIRECTION('',(0.161691392282,1.795135065956E-17,-0.986841372087)
  );
#2777 = ORIENTED_EDGE('',*,*,#2778,.T.);
#2778 = EDGE_CURVE('',#2771,#2779,#2781,.T.);
#2779 = VERTEX_POINT('',#2780);
#2780 = CARTESIAN_POINT('',(2.724938966801,0.43,-1.665334536938E-16));
#2781 = CIRCLE('',#2782,0.3);
#2782 = AXIS2_PLACEMENT_3D('',#2783,#2784,#2785);
#2783 = CARTESIAN_POINT('',(2.724938966801,0.43,0.3));
#2784 = DIRECTION('',(1.110223024625E-16,-1.,-6.255634725081E-34));
#2785 = DIRECTION('',(-0.984807753012,-1.093356242223E-16,
    -0.173648177667));
#2786 = ORIENTED_EDGE('',*,*,#2787,.T.);
#2787 = EDGE_CURVE('',#2779,#2788,#2790,.T.);
#2788 = VERTEX_POINT('',#2789);
#2789 = CARTESIAN_POINT('',(3.,0.43,-1.665334536938E-16));
#2790 = LINE('',#2791,#2792);
#2791 = CARTESIAN_POINT('',(2.724938966801,0.43,-1.665334536938E-16));
#2792 = VECTOR('',#2793,1.);
#2793 = DIRECTION('',(1.,1.110223024625E-16,0.));
#2794 = ORIENTED_EDGE('',*,*,#2795,.T.);
#2795 = EDGE_CURVE('',#2788,#2796,#2798,.T.);
#2796 = VERTEX_POINT('',#2797);
#2797 = CARTESIAN_POINT('',(3.,0.43,0.2));
#2798 = LINE('',#2799,#2800);
#2799 = CARTESIAN_POINT('',(3.,0.43,-1.665334536938E-16));
#2800 = VECTOR('',#2801,1.);
#2801 = DIRECTION('',(0.,0.,1.));
#2802 = ORIENTED_EDGE('',*,*,#2803,.T.);
#2803 = EDGE_CURVE('',#2796,#2804,#2806,.T.);
#2804 = VERTEX_POINT('',#2805);
#2805 = CARTESIAN_POINT('',(2.724938966801,0.43,0.2));
#2806 = LINE('',#2807,#2808);
#2807 = CARTESIAN_POINT('',(3.,0.43,0.2));
#2808 = VECTOR('',#2809,1.);
#2809 = DIRECTION('',(-1.,-1.110223024625E-16,0.));
#2810 = ORIENTED_EDGE('',*,*,#2811,.T.);
#2811 = EDGE_CURVE('',#2804,#2812,#2814,.T.);
#2812 = VERTEX_POINT('',#2813);
#2813 = CARTESIAN_POINT('',(2.6264581915,0.43,0.282635182233));
#2814 = CIRCLE('',#2815,0.1);
#2815 = AXIS2_PLACEMENT_3D('',#2816,#2817,#2818);
#2816 = CARTESIAN_POINT('',(2.724938966801,0.43,0.3));
#2817 = DIRECTION('',(-1.110223024625E-16,1.,0.));
#2818 = DIRECTION('',(0.,0.,-1.));
#2819 = ORIENTED_EDGE('',*,*,#2820,.T.);
#2820 = EDGE_CURVE('',#2812,#2821,#2823,.T.);
#2821 = VERTEX_POINT('',#2822);
#2822 = CARTESIAN_POINT('',(2.545442325904,0.43,0.7770944533));
#2823 = LINE('',#2824,#2825);
#2824 = CARTESIAN_POINT('',(2.6264581915,0.43,0.282635182233));
#2825 = VECTOR('',#2826,1.);
#2826 = DIRECTION('',(-0.161691392282,-1.795135065956E-17,0.986841372087
    ));
#2827 = ORIENTED_EDGE('',*,*,#2828,.T.);
#2828 = EDGE_CURVE('',#2821,#2829,#2831,.T.);
#2829 = VERTEX_POINT('',#2830);
#2830 = CARTESIAN_POINT('',(2.25,0.43,1.025));
#2831 = CIRCLE('',#2832,0.3);
#2832 = AXIS2_PLACEMENT_3D('',#2833,#2834,#2835);
#2833 = CARTESIAN_POINT('',(2.25,0.43,0.725));
#2834 = DIRECTION('',(1.110223024625E-16,-1.,-6.255634725081E-34));
#2835 = DIRECTION('',(0.984807753012,1.093356242223E-16,0.173648177667)
  );
#2836 = ORIENTED_EDGE('',*,*,#2837,.T.);
#2837 = EDGE_CURVE('',#2829,#1005,#2838,.T.);
#2838 = LINE('',#2839,#2840);
#2839 = CARTESIAN_POINT('',(2.25,0.43,1.025));
#2840 = VECTOR('',#2841,1.);
#2841 = DIRECTION('',(-1.,-1.110223024625E-16,0.));
#2842 = PLANE('',#2843);
#2843 = AXIS2_PLACEMENT_3D('',#2844,#2845,#2846);
#2844 = CARTESIAN_POINT('',(2.42560961319,0.43,0.548953137803));
#2845 = DIRECTION('',(1.110223024625E-16,-1.,0.));
#2846 = DIRECTION('',(0.,0.,1.));
#2847 = ADVANCED_FACE('',(#2848),#2864,.F.);
#2848 = FACE_BOUND('',#2849,.F.);
#2849 = EDGE_LOOP('',(#2850,#2856,#2857,#2863));
#2850 = ORIENTED_EDGE('',*,*,#2851,.F.);
#2851 = EDGE_CURVE('',#1005,#1439,#2852,.T.);
#2852 = LINE('',#2853,#2854);
#2853 = CARTESIAN_POINT('',(2.25,0.43,1.025));
#2854 = VECTOR('',#2855,1.);
#2855 = DIRECTION('',(-1.,-1.110223024625E-16,0.));
#2856 = ORIENTED_EDGE('',*,*,#1021,.T.);
#2857 = ORIENTED_EDGE('',*,*,#2858,.T.);
#2858 = EDGE_CURVE('',#1014,#1447,#2859,.T.);
#2859 = LINE('',#2860,#2861);
#2860 = CARTESIAN_POINT('',(2.25,-0.43,1.025));
#2861 = VECTOR('',#2862,1.);
#2862 = DIRECTION('',(-1.,-1.110223024625E-16,0.));
#2863 = ORIENTED_EDGE('',*,*,#1446,.F.);
#2864 = PLANE('',#2865);
#2865 = AXIS2_PLACEMENT_3D('',#2866,#2867,#2868);
#2866 = CARTESIAN_POINT('',(-3.027078129022E-16,2.4125,1.025));
#2867 = DIRECTION('',(2.007919022429E-31,-7.713306628828E-27,-1.));
#2868 = DIRECTION('',(1.,1.112083013911E-16,2.00791902242E-31));
#2869 = ADVANCED_FACE('',(#2870),#2956,.F.);
#2870 = FACE_BOUND('',#2871,.F.);
#2871 = EDGE_LOOP('',(#2872,#2873,#2874,#2883,#2891,#2900,#2908,#2916,
    #2924,#2933,#2941,#2950));
#2872 = ORIENTED_EDGE('',*,*,#1013,.F.);
#2873 = ORIENTED_EDGE('',*,*,#1035,.T.);
#2874 = ORIENTED_EDGE('',*,*,#2875,.T.);
#2875 = EDGE_CURVE('',#1036,#2876,#2878,.T.);
#2876 = VERTEX_POINT('',#2877);
#2877 = CARTESIAN_POINT('',(2.348480775301,-0.43,0.742364817767));
#2878 = CIRCLE('',#2879,0.1);
#2879 = AXIS2_PLACEMENT_3D('',#2880,#2881,#2882);
#2880 = CARTESIAN_POINT('',(2.25,-0.43,0.725));
#2881 = DIRECTION('',(-1.110223024625E-16,1.,2.189528849922E-47));
#2882 = DIRECTION('',(4.440892098501E-15,4.930380657631E-31,1.));
#2883 = ORIENTED_EDGE('',*,*,#2884,.T.);
#2884 = EDGE_CURVE('',#2876,#2885,#2887,.T.);
#2885 = VERTEX_POINT('',#2886);
#2886 = CARTESIAN_POINT('',(2.429496640897,-0.43,0.2479055467));
#2887 = LINE('',#2888,#2889);
#2888 = CARTESIAN_POINT('',(2.348480775301,-0.43,0.742364817767));
#2889 = VECTOR('',#2890,1.);
#2890 = DIRECTION('',(0.161691392282,1.795135065956E-17,-0.986841372087)
  );
#2891 = ORIENTED_EDGE('',*,*,#2892,.T.);
#2892 = EDGE_CURVE('',#2885,#2893,#2895,.T.);
#2893 = VERTEX_POINT('',#2894);
#2894 = CARTESIAN_POINT('',(2.724938966801,-0.43,-1.665334536938E-16));
#2895 = CIRCLE('',#2896,0.3);
#2896 = AXIS2_PLACEMENT_3D('',#2897,#2898,#2899);
#2897 = CARTESIAN_POINT('',(2.724938966801,-0.43,0.3));
#2898 = DIRECTION('',(1.110223024625E-16,-1.,-6.255634725081E-34));
#2899 = DIRECTION('',(-0.984807753012,-1.093356242223E-16,
    -0.173648177667));
#2900 = ORIENTED_EDGE('',*,*,#2901,.T.);
#2901 = EDGE_CURVE('',#2893,#2902,#2904,.T.);
#2902 = VERTEX_POINT('',#2903);
#2903 = CARTESIAN_POINT('',(3.,-0.43,-1.665334536938E-16));
#2904 = LINE('',#2905,#2906);
#2905 = CARTESIAN_POINT('',(2.724938966801,-0.43,-1.665334536938E-16));
#2906 = VECTOR('',#2907,1.);
#2907 = DIRECTION('',(1.,1.110223024625E-16,0.));
#2908 = ORIENTED_EDGE('',*,*,#2909,.T.);
#2909 = EDGE_CURVE('',#2902,#2910,#2912,.T.);
#2910 = VERTEX_POINT('',#2911);
#2911 = CARTESIAN_POINT('',(3.,-0.43,0.2));
#2912 = LINE('',#2913,#2914);
#2913 = CARTESIAN_POINT('',(3.,-0.43,-1.665334536938E-16));
#2914 = VECTOR('',#2915,1.);
#2915 = DIRECTION('',(0.,0.,1.));
#2916 = ORIENTED_EDGE('',*,*,#2917,.T.);
#2917 = EDGE_CURVE('',#2910,#2918,#2920,.T.);
#2918 = VERTEX_POINT('',#2919);
#2919 = CARTESIAN_POINT('',(2.724938966801,-0.43,0.2));
#2920 = LINE('',#2921,#2922);
#2921 = CARTESIAN_POINT('',(3.,-0.43,0.2));
#2922 = VECTOR('',#2923,1.);
#2923 = DIRECTION('',(-1.,-1.110223024625E-16,0.));
#2924 = ORIENTED_EDGE('',*,*,#2925,.T.);
#2925 = EDGE_CURVE('',#2918,#2926,#2928,.T.);
#2926 = VERTEX_POINT('',#2927);
#2927 = CARTESIAN_POINT('',(2.6264581915,-0.43,0.282635182233));
#2928 = CIRCLE('',#2929,0.1);
#2929 = AXIS2_PLACEMENT_3D('',#2930,#2931,#2932);
#2930 = CARTESIAN_POINT('',(2.724938966801,-0.43,0.3));
#2931 = DIRECTION('',(-1.110223024625E-16,1.,0.));
#2932 = DIRECTION('',(0.,0.,-1.));
#2933 = ORIENTED_EDGE('',*,*,#2934,.T.);
#2934 = EDGE_CURVE('',#2926,#2935,#2937,.T.);
#2935 = VERTEX_POINT('',#2936);
#2936 = CARTESIAN_POINT('',(2.545442325904,-0.43,0.7770944533));
#2937 = LINE('',#2938,#2939);
#2938 = CARTESIAN_POINT('',(2.6264581915,-0.43,0.282635182233));
#2939 = VECTOR('',#2940,1.);
#2940 = DIRECTION('',(-0.161691392282,-1.795135065956E-17,0.986841372087
    ));
#2941 = ORIENTED_EDGE('',*,*,#2942,.T.);
#2942 = EDGE_CURVE('',#2935,#2943,#2945,.T.);
#2943 = VERTEX_POINT('',#2944);
#2944 = CARTESIAN_POINT('',(2.25,-0.43,1.025));
#2945 = CIRCLE('',#2946,0.3);
#2946 = AXIS2_PLACEMENT_3D('',#2947,#2948,#2949);
#2947 = CARTESIAN_POINT('',(2.25,-0.43,0.725));
#2948 = DIRECTION('',(1.110223024625E-16,-1.,-6.255634725081E-34));
#2949 = DIRECTION('',(0.984807753012,1.093356242223E-16,0.173648177667)
  );
#2950 = ORIENTED_EDGE('',*,*,#2951,.T.);
#2951 = EDGE_CURVE('',#2943,#1014,#2952,.T.);
#2952 = LINE('',#2953,#2954);
#2953 = CARTESIAN_POINT('',(2.25,-0.43,1.025));
#2954 = VECTOR('',#2955,1.);
#2955 = DIRECTION('',(-1.,-1.110223024625E-16,0.));
#2956 = PLANE('',#2957);
#2957 = AXIS2_PLACEMENT_3D('',#2958,#2959,#2960);
#2958 = CARTESIAN_POINT('',(2.42560961319,-0.43,0.548953137803));
#2959 = DIRECTION('',(1.110223024625E-16,-1.,0.));
#2960 = DIRECTION('',(0.,0.,1.));
#2961 = ADVANCED_FACE('',(#2962),#2981,.F.);
#2962 = FACE_BOUND('',#2963,.F.);
#2963 = EDGE_LOOP('',(#2964,#2965,#2974,#2980));
#2964 = ORIENTED_EDGE('',*,*,#1052,.T.);
#2965 = ORIENTED_EDGE('',*,*,#2966,.T.);
#2966 = EDGE_CURVE('',#1045,#2967,#2969,.T.);
#2967 = VERTEX_POINT('',#2968);
#2968 = CARTESIAN_POINT('',(2.348480775301,-0.84,0.742364817767));
#2969 = CIRCLE('',#2970,0.1);
#2970 = AXIS2_PLACEMENT_3D('',#2971,#2972,#2973);
#2971 = CARTESIAN_POINT('',(2.25,-0.84,0.725));
#2972 = DIRECTION('',(-1.110223024625E-16,1.,2.189528849922E-47));
#2973 = DIRECTION('',(4.440892098501E-15,4.930380657631E-31,1.));
#2974 = ORIENTED_EDGE('',*,*,#2975,.F.);
#2975 = EDGE_CURVE('',#2876,#2967,#2976,.T.);
#2976 = LINE('',#2977,#2978);
#2977 = CARTESIAN_POINT('',(2.348480775301,-0.43,0.742364817767));
#2978 = VECTOR('',#2979,1.);
#2979 = DIRECTION('',(1.110223024625E-16,-1.,0.));
#2980 = ORIENTED_EDGE('',*,*,#2875,.F.);
#2981 = CYLINDRICAL_SURFACE('',#2982,0.1);
#2982 = AXIS2_PLACEMENT_3D('',#2983,#2984,#2985);
#2983 = CARTESIAN_POINT('',(2.25,-0.43,0.725));
#2984 = DIRECTION('',(-1.110223024625E-16,1.,0.));
#2985 = DIRECTION('',(4.440892098501E-15,4.930380657631E-31,1.));
#2986 = ADVANCED_FACE('',(#2987),#3065,.T.);
#2987 = FACE_BOUND('',#2988,.T.);
#2988 = EDGE_LOOP('',(#2989,#2990,#2991,#2992,#3000,#3009,#3017,#3025,
    #3033,#3042,#3050,#3059));
#2989 = ORIENTED_EDGE('',*,*,#1066,.F.);
#2990 = ORIENTED_EDGE('',*,*,#1044,.T.);
#2991 = ORIENTED_EDGE('',*,*,#2966,.T.);
#2992 = ORIENTED_EDGE('',*,*,#2993,.T.);
#2993 = EDGE_CURVE('',#2967,#2994,#2996,.T.);
#2994 = VERTEX_POINT('',#2995);
#2995 = CARTESIAN_POINT('',(2.429496640897,-0.84,0.2479055467));
#2996 = LINE('',#2997,#2998);
#2997 = CARTESIAN_POINT('',(2.348480775301,-0.84,0.742364817767));
#2998 = VECTOR('',#2999,1.);
#2999 = DIRECTION('',(0.161691392282,1.795135065956E-17,-0.986841372087)
  );
#3000 = ORIENTED_EDGE('',*,*,#3001,.T.);
#3001 = EDGE_CURVE('',#2994,#3002,#3004,.T.);
#3002 = VERTEX_POINT('',#3003);
#3003 = CARTESIAN_POINT('',(2.724938966801,-0.84,-1.665334536938E-16));
#3004 = CIRCLE('',#3005,0.3);
#3005 = AXIS2_PLACEMENT_3D('',#3006,#3007,#3008);
#3006 = CARTESIAN_POINT('',(2.724938966801,-0.84,0.3));
#3007 = DIRECTION('',(1.110223024625E-16,-1.,-6.255634725081E-34));
#3008 = DIRECTION('',(-0.984807753012,-1.093356242223E-16,
    -0.173648177667));
#3009 = ORIENTED_EDGE('',*,*,#3010,.T.);
#3010 = EDGE_CURVE('',#3002,#3011,#3013,.T.);
#3011 = VERTEX_POINT('',#3012);
#3012 = CARTESIAN_POINT('',(3.,-0.84,-1.665334536938E-16));
#3013 = LINE('',#3014,#3015);
#3014 = CARTESIAN_POINT('',(2.724938966801,-0.84,-1.665334536938E-16));
#3015 = VECTOR('',#3016,1.);
#3016 = DIRECTION('',(1.,1.110223024625E-16,0.));
#3017 = ORIENTED_EDGE('',*,*,#3018,.T.);
#3018 = EDGE_CURVE('',#3011,#3019,#3021,.T.);
#3019 = VERTEX_POINT('',#3020);
#3020 = CARTESIAN_POINT('',(3.,-0.84,0.2));
#3021 = LINE('',#3022,#3023);
#3022 = CARTESIAN_POINT('',(3.,-0.84,-1.665334536938E-16));
#3023 = VECTOR('',#3024,1.);
#3024 = DIRECTION('',(0.,0.,1.));
#3025 = ORIENTED_EDGE('',*,*,#3026,.T.);
#3026 = EDGE_CURVE('',#3019,#3027,#3029,.T.);
#3027 = VERTEX_POINT('',#3028);
#3028 = CARTESIAN_POINT('',(2.724938966801,-0.84,0.2));
#3029 = LINE('',#3030,#3031);
#3030 = CARTESIAN_POINT('',(3.,-0.84,0.2));
#3031 = VECTOR('',#3032,1.);
#3032 = DIRECTION('',(-1.,-1.110223024625E-16,0.));
#3033 = ORIENTED_EDGE('',*,*,#3034,.T.);
#3034 = EDGE_CURVE('',#3027,#3035,#3037,.T.);
#3035 = VERTEX_POINT('',#3036);
#3036 = CARTESIAN_POINT('',(2.6264581915,-0.84,0.282635182233));
#3037 = CIRCLE('',#3038,0.1);
#3038 = AXIS2_PLACEMENT_3D('',#3039,#3040,#3041);
#3039 = CARTESIAN_POINT('',(2.724938966801,-0.84,0.3));
#3040 = DIRECTION('',(-1.110223024625E-16,1.,0.));
#3041 = DIRECTION('',(0.,0.,-1.));
#3042 = ORIENTED_EDGE('',*,*,#3043,.T.);
#3043 = EDGE_CURVE('',#3035,#3044,#3046,.T.);
#3044 = VERTEX_POINT('',#3045);
#3045 = CARTESIAN_POINT('',(2.545442325904,-0.84,0.7770944533));
#3046 = LINE('',#3047,#3048);
#3047 = CARTESIAN_POINT('',(2.6264581915,-0.84,0.282635182233));
#3048 = VECTOR('',#3049,1.);
#3049 = DIRECTION('',(-0.161691392282,-1.795135065956E-17,0.986841372087
    ));
#3050 = ORIENTED_EDGE('',*,*,#3051,.T.);
#3051 = EDGE_CURVE('',#3044,#3052,#3054,.T.);
#3052 = VERTEX_POINT('',#3053);
#3053 = CARTESIAN_POINT('',(2.25,-0.84,1.025));
#3054 = CIRCLE('',#3055,0.3);
#3055 = AXIS2_PLACEMENT_3D('',#3056,#3057,#3058);
#3056 = CARTESIAN_POINT('',(2.25,-0.84,0.725));
#3057 = DIRECTION('',(1.110223024625E-16,-1.,-6.255634725081E-34));
#3058 = DIRECTION('',(0.984807753012,1.093356242223E-16,0.173648177667)
  );
#3059 = ORIENTED_EDGE('',*,*,#3060,.T.);
#3060 = EDGE_CURVE('',#3052,#1067,#3061,.T.);
#3061 = LINE('',#3062,#3063);
#3062 = CARTESIAN_POINT('',(2.25,-0.84,1.025));
#3063 = VECTOR('',#3064,1.);
#3064 = DIRECTION('',(-1.,-1.110223024625E-16,0.));
#3065 = PLANE('',#3066);
#3066 = AXIS2_PLACEMENT_3D('',#3067,#3068,#3069);
#3067 = CARTESIAN_POINT('',(2.42560961319,-0.84,0.548953137803));
#3068 = DIRECTION('',(1.110223024625E-16,-1.,0.));
#3069 = DIRECTION('',(0.,0.,1.));
#3070 = ADVANCED_FACE('',(#3071),#3087,.F.);
#3071 = FACE_BOUND('',#3072,.F.);
#3072 = EDGE_LOOP('',(#3073,#3079,#3080,#3086));
#3073 = ORIENTED_EDGE('',*,*,#3074,.F.);
#3074 = EDGE_CURVE('',#1067,#1455,#3075,.T.);
#3075 = LINE('',#3076,#3077);
#3076 = CARTESIAN_POINT('',(2.25,-0.84,1.025));
#3077 = VECTOR('',#3078,1.);
#3078 = DIRECTION('',(-1.,-1.110223024625E-16,0.));
#3079 = ORIENTED_EDGE('',*,*,#1083,.T.);
#3080 = ORIENTED_EDGE('',*,*,#3081,.T.);
#3081 = EDGE_CURVE('',#1076,#1463,#3082,.T.);
#3082 = LINE('',#3083,#3084);
#3083 = CARTESIAN_POINT('',(2.25,-1.7,1.025));
#3084 = VECTOR('',#3085,1.);
#3085 = DIRECTION('',(-1.,-1.110223024625E-16,0.));
#3086 = ORIENTED_EDGE('',*,*,#1462,.F.);
#3087 = PLANE('',#3088);
#3088 = AXIS2_PLACEMENT_3D('',#3089,#3090,#3091);
#3089 = CARTESIAN_POINT('',(-3.027078129022E-16,2.4125,1.025));
#3090 = DIRECTION('',(2.007919022429E-31,-7.713306628828E-27,-1.));
#3091 = DIRECTION('',(1.,1.112083013911E-16,2.00791902242E-31));
#3092 = ADVANCED_FACE('',(#3093),#3179,.F.);
#3093 = FACE_BOUND('',#3094,.F.);
#3094 = EDGE_LOOP('',(#3095,#3096,#3097,#3106,#3114,#3123,#3131,#3139,
    #3147,#3156,#3164,#3173));
#3095 = ORIENTED_EDGE('',*,*,#1075,.F.);
#3096 = ORIENTED_EDGE('',*,*,#1097,.T.);
#3097 = ORIENTED_EDGE('',*,*,#3098,.T.);
#3098 = EDGE_CURVE('',#1098,#3099,#3101,.T.);
#3099 = VERTEX_POINT('',#3100);
#3100 = CARTESIAN_POINT('',(2.348480775301,-1.7,0.742364817767));
#3101 = CIRCLE('',#3102,0.1);
#3102 = AXIS2_PLACEMENT_3D('',#3103,#3104,#3105);
#3103 = CARTESIAN_POINT('',(2.25,-1.7,0.725));
#3104 = DIRECTION('',(-1.110223024625E-16,1.,2.189528849922E-47));
#3105 = DIRECTION('',(4.440892098501E-15,4.930380657631E-31,1.));
#3106 = ORIENTED_EDGE('',*,*,#3107,.T.);
#3107 = EDGE_CURVE('',#3099,#3108,#3110,.T.);
#3108 = VERTEX_POINT('',#3109);
#3109 = CARTESIAN_POINT('',(2.429496640897,-1.7,0.2479055467));
#3110 = LINE('',#3111,#3112);
#3111 = CARTESIAN_POINT('',(2.348480775301,-1.7,0.742364817767));
#3112 = VECTOR('',#3113,1.);
#3113 = DIRECTION('',(0.161691392282,1.795135065956E-17,-0.986841372087)
  );
#3114 = ORIENTED_EDGE('',*,*,#3115,.T.);
#3115 = EDGE_CURVE('',#3108,#3116,#3118,.T.);
#3116 = VERTEX_POINT('',#3117);
#3117 = CARTESIAN_POINT('',(2.724938966801,-1.7,-1.665334536938E-16));
#3118 = CIRCLE('',#3119,0.3);
#3119 = AXIS2_PLACEMENT_3D('',#3120,#3121,#3122);
#3120 = CARTESIAN_POINT('',(2.724938966801,-1.7,0.3));
#3121 = DIRECTION('',(1.110223024625E-16,-1.,-6.255634725081E-34));
#3122 = DIRECTION('',(-0.984807753012,-1.093356242223E-16,
    -0.173648177667));
#3123 = ORIENTED_EDGE('',*,*,#3124,.T.);
#3124 = EDGE_CURVE('',#3116,#3125,#3127,.T.);
#3125 = VERTEX_POINT('',#3126);
#3126 = CARTESIAN_POINT('',(3.,-1.7,-1.665334536938E-16));
#3127 = LINE('',#3128,#3129);
#3128 = CARTESIAN_POINT('',(2.724938966801,-1.7,-1.665334536938E-16));
#3129 = VECTOR('',#3130,1.);
#3130 = DIRECTION('',(1.,1.110223024625E-16,0.));
#3131 = ORIENTED_EDGE('',*,*,#3132,.T.);
#3132 = EDGE_CURVE('',#3125,#3133,#3135,.T.);
#3133 = VERTEX_POINT('',#3134);
#3134 = CARTESIAN_POINT('',(3.,-1.7,0.2));
#3135 = LINE('',#3136,#3137);
#3136 = CARTESIAN_POINT('',(3.,-1.7,-1.665334536938E-16));
#3137 = VECTOR('',#3138,1.);
#3138 = DIRECTION('',(0.,0.,1.));
#3139 = ORIENTED_EDGE('',*,*,#3140,.T.);
#3140 = EDGE_CURVE('',#3133,#3141,#3143,.T.);
#3141 = VERTEX_POINT('',#3142);
#3142 = CARTESIAN_POINT('',(2.724938966801,-1.7,0.2));
#3143 = LINE('',#3144,#3145);
#3144 = CARTESIAN_POINT('',(3.,-1.7,0.2));
#3145 = VECTOR('',#3146,1.);
#3146 = DIRECTION('',(-1.,-1.110223024625E-16,0.));
#3147 = ORIENTED_EDGE('',*,*,#3148,.T.);
#3148 = EDGE_CURVE('',#3141,#3149,#3151,.T.);
#3149 = VERTEX_POINT('',#3150);
#3150 = CARTESIAN_POINT('',(2.6264581915,-1.7,0.282635182233));
#3151 = CIRCLE('',#3152,0.1);
#3152 = AXIS2_PLACEMENT_3D('',#3153,#3154,#3155);
#3153 = CARTESIAN_POINT('',(2.724938966801,-1.7,0.3));
#3154 = DIRECTION('',(-1.110223024625E-16,1.,0.));
#3155 = DIRECTION('',(0.,0.,-1.));
#3156 = ORIENTED_EDGE('',*,*,#3157,.T.);
#3157 = EDGE_CURVE('',#3149,#3158,#3160,.T.);
#3158 = VERTEX_POINT('',#3159);
#3159 = CARTESIAN_POINT('',(2.545442325904,-1.7,0.7770944533));
#3160 = LINE('',#3161,#3162);
#3161 = CARTESIAN_POINT('',(2.6264581915,-1.7,0.282635182233));
#3162 = VECTOR('',#3163,1.);
#3163 = DIRECTION('',(-0.161691392282,-1.795135065956E-17,0.986841372087
    ));
#3164 = ORIENTED_EDGE('',*,*,#3165,.T.);
#3165 = EDGE_CURVE('',#3158,#3166,#3168,.T.);
#3166 = VERTEX_POINT('',#3167);
#3167 = CARTESIAN_POINT('',(2.25,-1.7,1.025));
#3168 = CIRCLE('',#3169,0.3);
#3169 = AXIS2_PLACEMENT_3D('',#3170,#3171,#3172);
#3170 = CARTESIAN_POINT('',(2.25,-1.7,0.725));
#3171 = DIRECTION('',(1.110223024625E-16,-1.,-6.255634725081E-34));
#3172 = DIRECTION('',(0.984807753012,1.093356242223E-16,0.173648177667)
  );
#3173 = ORIENTED_EDGE('',*,*,#3174,.T.);
#3174 = EDGE_CURVE('',#3166,#1076,#3175,.T.);
#3175 = LINE('',#3176,#3177);
#3176 = CARTESIAN_POINT('',(2.25,-1.7,1.025));
#3177 = VECTOR('',#3178,1.);
#3178 = DIRECTION('',(-1.,-1.110223024625E-16,0.));
#3179 = PLANE('',#3180);
#3180 = AXIS2_PLACEMENT_3D('',#3181,#3182,#3183);
#3181 = CARTESIAN_POINT('',(2.42560961319,-1.7,0.548953137803));
#3182 = DIRECTION('',(1.110223024625E-16,-1.,0.));
#3183 = DIRECTION('',(0.,0.,1.));
#3184 = ADVANCED_FACE('',(#3185),#3204,.F.);
#3185 = FACE_BOUND('',#3186,.F.);
#3186 = EDGE_LOOP('',(#3187,#3188,#3197,#3203));
#3187 = ORIENTED_EDGE('',*,*,#1114,.T.);
#3188 = ORIENTED_EDGE('',*,*,#3189,.T.);
#3189 = EDGE_CURVE('',#1107,#3190,#3192,.T.);
#3190 = VERTEX_POINT('',#3191);
#3191 = CARTESIAN_POINT('',(2.348480775301,-2.11,0.742364817767));
#3192 = CIRCLE('',#3193,0.1);
#3193 = AXIS2_PLACEMENT_3D('',#3194,#3195,#3196);
#3194 = CARTESIAN_POINT('',(2.25,-2.11,0.725));
#3195 = DIRECTION('',(-1.110223024625E-16,1.,2.189528849922E-47));
#3196 = DIRECTION('',(4.440892098501E-15,4.930380657631E-31,1.));
#3197 = ORIENTED_EDGE('',*,*,#3198,.F.);
#3198 = EDGE_CURVE('',#3099,#3190,#3199,.T.);
#3199 = LINE('',#3200,#3201);
#3200 = CARTESIAN_POINT('',(2.348480775301,-1.7,0.742364817767));
#3201 = VECTOR('',#3202,1.);
#3202 = DIRECTION('',(1.110223024625E-16,-1.,0.));
#3203 = ORIENTED_EDGE('',*,*,#3098,.F.);
#3204 = CYLINDRICAL_SURFACE('',#3205,0.1);
#3205 = AXIS2_PLACEMENT_3D('',#3206,#3207,#3208);
#3206 = CARTESIAN_POINT('',(2.25,-1.7,0.725));
#3207 = DIRECTION('',(-1.110223024625E-16,1.,0.));
#3208 = DIRECTION('',(4.440892098501E-15,4.930380657631E-31,1.));
#3209 = ADVANCED_FACE('',(#3210),#3288,.T.);
#3210 = FACE_BOUND('',#3211,.T.);
#3211 = EDGE_LOOP('',(#3212,#3213,#3214,#3215,#3223,#3232,#3240,#3248,
    #3256,#3265,#3273,#3282));
#3212 = ORIENTED_EDGE('',*,*,#1128,.F.);
#3213 = ORIENTED_EDGE('',*,*,#1106,.T.);
#3214 = ORIENTED_EDGE('',*,*,#3189,.T.);
#3215 = ORIENTED_EDGE('',*,*,#3216,.T.);
#3216 = EDGE_CURVE('',#3190,#3217,#3219,.T.);
#3217 = VERTEX_POINT('',#3218);
#3218 = CARTESIAN_POINT('',(2.429496640897,-2.11,0.2479055467));
#3219 = LINE('',#3220,#3221);
#3220 = CARTESIAN_POINT('',(2.348480775301,-2.11,0.742364817767));
#3221 = VECTOR('',#3222,1.);
#3222 = DIRECTION('',(0.161691392282,1.795135065956E-17,-0.986841372087)
  );
#3223 = ORIENTED_EDGE('',*,*,#3224,.T.);
#3224 = EDGE_CURVE('',#3217,#3225,#3227,.T.);
#3225 = VERTEX_POINT('',#3226);
#3226 = CARTESIAN_POINT('',(2.724938966801,-2.11,-1.665334536938E-16));
#3227 = CIRCLE('',#3228,0.3);
#3228 = AXIS2_PLACEMENT_3D('',#3229,#3230,#3231);
#3229 = CARTESIAN_POINT('',(2.724938966801,-2.11,0.3));
#3230 = DIRECTION('',(1.110223024625E-16,-1.,-6.255634725081E-34));
#3231 = DIRECTION('',(-0.984807753012,-1.093356242223E-16,
    -0.173648177667));
#3232 = ORIENTED_EDGE('',*,*,#3233,.T.);
#3233 = EDGE_CURVE('',#3225,#3234,#3236,.T.);
#3234 = VERTEX_POINT('',#3235);
#3235 = CARTESIAN_POINT('',(3.,-2.11,-1.665334536938E-16));
#3236 = LINE('',#3237,#3238);
#3237 = CARTESIAN_POINT('',(2.724938966801,-2.11,-1.665334536938E-16));
#3238 = VECTOR('',#3239,1.);
#3239 = DIRECTION('',(1.,1.110223024625E-16,0.));
#3240 = ORIENTED_EDGE('',*,*,#3241,.T.);
#3241 = EDGE_CURVE('',#3234,#3242,#3244,.T.);
#3242 = VERTEX_POINT('',#3243);
#3243 = CARTESIAN_POINT('',(3.,-2.11,0.2));
#3244 = LINE('',#3245,#3246);
#3245 = CARTESIAN_POINT('',(3.,-2.11,-1.665334536938E-16));
#3246 = VECTOR('',#3247,1.);
#3247 = DIRECTION('',(0.,0.,1.));
#3248 = ORIENTED_EDGE('',*,*,#3249,.T.);
#3249 = EDGE_CURVE('',#3242,#3250,#3252,.T.);
#3250 = VERTEX_POINT('',#3251);
#3251 = CARTESIAN_POINT('',(2.724938966801,-2.11,0.2));
#3252 = LINE('',#3253,#3254);
#3253 = CARTESIAN_POINT('',(3.,-2.11,0.2));
#3254 = VECTOR('',#3255,1.);
#3255 = DIRECTION('',(-1.,-1.110223024625E-16,0.));
#3256 = ORIENTED_EDGE('',*,*,#3257,.T.);
#3257 = EDGE_CURVE('',#3250,#3258,#3260,.T.);
#3258 = VERTEX_POINT('',#3259);
#3259 = CARTESIAN_POINT('',(2.6264581915,-2.11,0.282635182233));
#3260 = CIRCLE('',#3261,0.1);
#3261 = AXIS2_PLACEMENT_3D('',#3262,#3263,#3264);
#3262 = CARTESIAN_POINT('',(2.724938966801,-2.11,0.3));
#3263 = DIRECTION('',(-1.110223024625E-16,1.,0.));
#3264 = DIRECTION('',(0.,0.,-1.));
#3265 = ORIENTED_EDGE('',*,*,#3266,.T.);
#3266 = EDGE_CURVE('',#3258,#3267,#3269,.T.);
#3267 = VERTEX_POINT('',#3268);
#3268 = CARTESIAN_POINT('',(2.545442325904,-2.11,0.7770944533));
#3269 = LINE('',#3270,#3271);
#3270 = CARTESIAN_POINT('',(2.6264581915,-2.11,0.282635182233));
#3271 = VECTOR('',#3272,1.);
#3272 = DIRECTION('',(-0.161691392282,-1.795135065956E-17,0.986841372087
    ));
#3273 = ORIENTED_EDGE('',*,*,#3274,.T.);
#3274 = EDGE_CURVE('',#3267,#3275,#3277,.T.);
#3275 = VERTEX_POINT('',#3276);
#3276 = CARTESIAN_POINT('',(2.25,-2.11,1.025));
#3277 = CIRCLE('',#3278,0.3);
#3278 = AXIS2_PLACEMENT_3D('',#3279,#3280,#3281);
#3279 = CARTESIAN_POINT('',(2.25,-2.11,0.725));
#3280 = DIRECTION('',(1.110223024625E-16,-1.,-6.255634725081E-34));
#3281 = DIRECTION('',(0.984807753012,1.093356242223E-16,0.173648177667)
  );
#3282 = ORIENTED_EDGE('',*,*,#3283,.T.);
#3283 = EDGE_CURVE('',#3275,#1129,#3284,.T.);
#3284 = LINE('',#3285,#3286);
#3285 = CARTESIAN_POINT('',(2.25,-2.11,1.025));
#3286 = VECTOR('',#3287,1.);
#3287 = DIRECTION('',(-1.,-1.110223024625E-16,0.));
#3288 = PLANE('',#3289);
#3289 = AXIS2_PLACEMENT_3D('',#3290,#3291,#3292);
#3290 = CARTESIAN_POINT('',(2.42560961319,-2.11,0.548953137803));
#3291 = DIRECTION('',(1.110223024625E-16,-1.,0.));
#3292 = DIRECTION('',(0.,0.,1.));
#3293 = ADVANCED_FACE('',(#3294),#3305,.T.);
#3294 = FACE_BOUND('',#3295,.T.);
#3295 = EDGE_LOOP('',(#3296,#3297,#3298,#3299));
#3296 = ORIENTED_EDGE('',*,*,#2328,.T.);
#3297 = ORIENTED_EDGE('',*,*,#1229,.T.);
#3298 = ORIENTED_EDGE('',*,*,#2430,.F.);
#3299 = ORIENTED_EDGE('',*,*,#3300,.F.);
#3300 = EDGE_CURVE('',#2321,#2423,#3301,.T.);
#3301 = LINE('',#3302,#3303);
#3302 = CARTESIAN_POINT('',(-2.545442325904,1.7,0.7770944533));
#3303 = VECTOR('',#3304,1.);
#3304 = DIRECTION('',(1.144237745222E-17,1.,0.));
#3305 = CYLINDRICAL_SURFACE('',#3306,0.3);
#3306 = AXIS2_PLACEMENT_3D('',#3307,#3308,#3309);
#3307 = CARTESIAN_POINT('',(-2.25,1.7,0.725));
#3308 = DIRECTION('',(-1.144237745222E-17,-1.,0.));
#3309 = DIRECTION('',(-0.984807753012,1.126854202784E-17,0.173648177667)
  );
#3310 = ADVANCED_FACE('',(#3311),#3324,.F.);
#3311 = FACE_BOUND('',#3312,.F.);
#3312 = EDGE_LOOP('',(#3313,#3314,#3320,#3321,#3322,#3323));
#3313 = ORIENTED_EDGE('',*,*,#1673,.F.);
#3314 = ORIENTED_EDGE('',*,*,#3315,.T.);
#3315 = EDGE_CURVE('',#1665,#1774,#3316,.T.);
#3316 = LINE('',#3317,#3318);
#3317 = CARTESIAN_POINT('',(-2.25,-2.11,1.025));
#3318 = VECTOR('',#3319,1.);
#3319 = DIRECTION('',(1.144237745222E-17,1.,0.));
#3320 = ORIENTED_EDGE('',*,*,#1782,.T.);
#3321 = ORIENTED_EDGE('',*,*,#1804,.T.);
#3322 = ORIENTED_EDGE('',*,*,#1276,.F.);
#3323 = ORIENTED_EDGE('',*,*,#1547,.F.);
#3324 = PLANE('',#3325);
#3325 = AXIS2_PLACEMENT_3D('',#3326,#3327,#3328);
#3326 = CARTESIAN_POINT('',(-2.25,-2.11,1.025));
#3327 = DIRECTION('',(0.,0.,-1.));
#3328 = DIRECTION('',(1.,-1.144237745222E-17,0.));
#3329 = ADVANCED_FACE('',(#3330),#3343,.F.);
#3330 = FACE_BOUND('',#3331,.F.);
#3331 = EDGE_LOOP('',(#3332,#3333,#3339,#3340,#3341,#3342));
#3332 = ORIENTED_EDGE('',*,*,#1896,.F.);
#3333 = ORIENTED_EDGE('',*,*,#3334,.T.);
#3334 = EDGE_CURVE('',#1888,#1997,#3335,.T.);
#3335 = LINE('',#3336,#3337);
#3336 = CARTESIAN_POINT('',(-2.25,-0.84,1.025));
#3337 = VECTOR('',#3338,1.);
#3338 = DIRECTION('',(1.144237745222E-17,1.,0.));
#3339 = ORIENTED_EDGE('',*,*,#2005,.T.);
#3340 = ORIENTED_EDGE('',*,*,#2027,.T.);
#3341 = ORIENTED_EDGE('',*,*,#1292,.F.);
#3342 = ORIENTED_EDGE('',*,*,#1797,.F.);
#3343 = PLANE('',#3344);
#3344 = AXIS2_PLACEMENT_3D('',#3345,#3346,#3347);
#3345 = CARTESIAN_POINT('',(-2.25,-0.84,1.025));
#3346 = DIRECTION('',(0.,0.,-1.));
#3347 = DIRECTION('',(1.,-1.144237745222E-17,0.));
#3348 = ADVANCED_FACE('',(#3349),#3362,.F.);
#3349 = FACE_BOUND('',#3350,.F.);
#3350 = EDGE_LOOP('',(#3351,#3352,#3358,#3359,#3360,#3361));
#3351 = ORIENTED_EDGE('',*,*,#2119,.F.);
#3352 = ORIENTED_EDGE('',*,*,#3353,.T.);
#3353 = EDGE_CURVE('',#2111,#2220,#3354,.T.);
#3354 = LINE('',#3355,#3356);
#3355 = CARTESIAN_POINT('',(-2.25,0.43,1.025));
#3356 = VECTOR('',#3357,1.);
#3357 = DIRECTION('',(1.144237745222E-17,1.,0.));
#3358 = ORIENTED_EDGE('',*,*,#2228,.T.);
#3359 = ORIENTED_EDGE('',*,*,#2245,.T.);
#3360 = ORIENTED_EDGE('',*,*,#1308,.F.);
#3361 = ORIENTED_EDGE('',*,*,#2020,.F.);
#3362 = PLANE('',#3363);
#3363 = AXIS2_PLACEMENT_3D('',#3364,#3365,#3366);
#3364 = CARTESIAN_POINT('',(-2.25,0.43,1.025));
#3365 = DIRECTION('',(0.,0.,-1.));
#3366 = DIRECTION('',(1.,-1.144237745222E-17,0.));
#3367 = ADVANCED_FACE('',(#3368,#3397),#3408,.F.);
#3368 = FACE_BOUND('',#3369,.F.);
#3369 = EDGE_LOOP('',(#3370,#3371,#3372,#3373,#3381,#3389,#3395,#3396));
#3370 = ORIENTED_EDGE('',*,*,#1383,.T.);
#3371 = ORIENTED_EDGE('',*,*,#1406,.T.);
#3372 = ORIENTED_EDGE('',*,*,#1493,.T.);
#3373 = ORIENTED_EDGE('',*,*,#3374,.T.);
#3374 = EDGE_CURVE('',#1487,#3375,#3377,.T.);
#3375 = VERTEX_POINT('',#3376);
#3376 = CARTESIAN_POINT('',(1.680085640382,-2.260171280765,1.75));
#3377 = LINE('',#3378,#3379);
#3378 = CARTESIAN_POINT('',(1.760171280765,-2.180085640382,1.75));
#3379 = VECTOR('',#3380,1.);
#3380 = DIRECTION('',(-0.707106781187,-0.707106781187,0.));
#3381 = ORIENTED_EDGE('',*,*,#3382,.T.);
#3382 = EDGE_CURVE('',#3375,#3383,#3385,.T.);
#3383 = VERTEX_POINT('',#3384);
#3384 = CARTESIAN_POINT('',(-1.680085640382,-2.260171280765,1.75));
#3385 = LINE('',#3386,#3387);
#3386 = CARTESIAN_POINT('',(1.680085640382,-2.260171280765,1.75));
#3387 = VECTOR('',#3388,1.);
#3388 = DIRECTION('',(-1.,-1.110223024625E-16,0.));
#3389 = ORIENTED_EDGE('',*,*,#3390,.T.);
#3390 = EDGE_CURVE('',#3383,#1332,#3391,.T.);
#3391 = LINE('',#3392,#3393);
#3392 = CARTESIAN_POINT('',(-1.680085640382,-2.260171280765,1.75));
#3393 = VECTOR('',#3394,1.);
#3394 = DIRECTION('',(-0.707106781187,0.707106781187,0.));
#3395 = ORIENTED_EDGE('',*,*,#1331,.T.);
#3396 = ORIENTED_EDGE('',*,*,#1360,.T.);
#3397 = FACE_BOUND('',#3398,.F.);
#3398 = EDGE_LOOP('',(#3399));
#3399 = ORIENTED_EDGE('',*,*,#3400,.F.);
#3400 = EDGE_CURVE('',#3401,#3401,#3403,.T.);
#3401 = VERTEX_POINT('',#3402);
#3402 = CARTESIAN_POINT('',(-1.110171280765,1.310171280765,1.75));
#3403 = CIRCLE('',#3404,0.3);
#3404 = AXIS2_PLACEMENT_3D('',#3405,#3406,#3407);
#3405 = CARTESIAN_POINT('',(-1.110171280765,1.610171280765,1.75));
#3406 = DIRECTION('',(0.,-0.,-1.));
#3407 = DIRECTION('',(1.110223024625E-16,-1.,0.));
#3408 = PLANE('',#3409);
#3409 = AXIS2_PLACEMENT_3D('',#3410,#3411,#3412);
#3410 = CARTESIAN_POINT('',(-1.680085640382,2.260171280765,1.75));
#3411 = DIRECTION('',(0.,0.,-1.));
#3412 = DIRECTION('',(0.596575959062,-0.802556617983,0.));
#3413 = ADVANCED_FACE('',(#3414),#3424,.F.);
#3414 = FACE_BOUND('',#3415,.F.);
#3415 = EDGE_LOOP('',(#3416,#3417,#3418,#3419));
#3416 = ORIENTED_EDGE('',*,*,#1554,.T.);
#3417 = ORIENTED_EDGE('',*,*,#1339,.T.);
#3418 = ORIENTED_EDGE('',*,*,#3390,.F.);
#3419 = ORIENTED_EDGE('',*,*,#3420,.F.);
#3420 = EDGE_CURVE('',#1555,#3383,#3421,.T.);
#3421 = B_SPLINE_CURVE_WITH_KNOTS('',1,(#3422,#3423),.UNSPECIFIED.,.F.,
  .F.,(2,2),(0.,1.),.PIECEWISE_BEZIER_KNOTS.);
#3422 = CARTESIAN_POINT('',(-1.7375,-2.375,1.025));
#3423 = CARTESIAN_POINT('',(-1.680085640382,-2.260171280765,1.75));
#3424 = B_SPLINE_SURFACE_WITH_KNOTS('',1,1,(
    (#3425,#3426)
    ,(#3427,#3428
    )),.UNSPECIFIED.,.F.,.F.,.F.,(2,2),(2,2),(0.,0.194454364826),(0.,1.)
  ,.PIECEWISE_BEZIER_KNOTS.);
#3425 = CARTESIAN_POINT('',(-1.7375,-2.375,1.025));
#3426 = CARTESIAN_POINT('',(-1.680085640382,-2.260171280765,1.75));
#3427 = CARTESIAN_POINT('',(-1.875,-2.2375,1.025));
#3428 = CARTESIAN_POINT('',(-1.760171280765,-2.180085640382,1.75));
#3429 = ADVANCED_FACE('',(#3430),#3443,.F.);
#3430 = FACE_BOUND('',#3431,.F.);
#3431 = EDGE_LOOP('',(#3432,#3433,#3439,#3440,#3441,#3442));
#3432 = ORIENTED_EDGE('',*,*,#2728,.F.);
#3433 = ORIENTED_EDGE('',*,*,#3434,.T.);
#3434 = EDGE_CURVE('',#2720,#2829,#3435,.T.);
#3435 = LINE('',#3436,#3437);
#3436 = CARTESIAN_POINT('',(2.25,0.84,1.025));
#3437 = VECTOR('',#3438,1.);
#3438 = DIRECTION('',(1.110223024625E-16,-1.,0.));
#3439 = ORIENTED_EDGE('',*,*,#2837,.T.);
#3440 = ORIENTED_EDGE('',*,*,#2851,.T.);
#3441 = ORIENTED_EDGE('',*,*,#1438,.F.);
#3442 = ORIENTED_EDGE('',*,*,#2635,.F.);
#3443 = PLANE('',#3444);
#3444 = AXIS2_PLACEMENT_3D('',#3445,#3446,#3447);
#3445 = CARTESIAN_POINT('',(2.25,0.84,1.025));
#3446 = DIRECTION('',(0.,0.,-1.));
#3447 = DIRECTION('',(-1.,-1.110223024625E-16,-0.));
#3448 = ADVANCED_FACE('',(#3449),#3462,.F.);
#3449 = FACE_BOUND('',#3450,.F.);
#3450 = EDGE_LOOP('',(#3451,#3452,#3458,#3459,#3460,#3461));
#3451 = ORIENTED_EDGE('',*,*,#2951,.F.);
#3452 = ORIENTED_EDGE('',*,*,#3453,.T.);
#3453 = EDGE_CURVE('',#2943,#3052,#3454,.T.);
#3454 = LINE('',#3455,#3456);
#3455 = CARTESIAN_POINT('',(2.25,-0.43,1.025));
#3456 = VECTOR('',#3457,1.);
#3457 = DIRECTION('',(1.110223024625E-16,-1.,0.));
#3458 = ORIENTED_EDGE('',*,*,#3060,.T.);
#3459 = ORIENTED_EDGE('',*,*,#3074,.T.);
#3460 = ORIENTED_EDGE('',*,*,#1454,.F.);
#3461 = ORIENTED_EDGE('',*,*,#2858,.F.);
#3462 = PLANE('',#3463);
#3463 = AXIS2_PLACEMENT_3D('',#3464,#3465,#3466);
#3464 = CARTESIAN_POINT('',(2.25,-0.43,1.025));
#3465 = DIRECTION('',(0.,0.,-1.));
#3466 = DIRECTION('',(-1.,-1.110223024625E-16,-0.));
#3467 = ADVANCED_FACE('',(#3468),#3481,.F.);
#3468 = FACE_BOUND('',#3469,.F.);
#3469 = EDGE_LOOP('',(#3470,#3471,#3477,#3478,#3479,#3480));
#3470 = ORIENTED_EDGE('',*,*,#3174,.F.);
#3471 = ORIENTED_EDGE('',*,*,#3472,.T.);
#3472 = EDGE_CURVE('',#3166,#3275,#3473,.T.);
#3473 = LINE('',#3474,#3475);
#3474 = CARTESIAN_POINT('',(2.25,-1.7,1.025));
#3475 = VECTOR('',#3476,1.);
#3476 = DIRECTION('',(1.110223024625E-16,-1.,0.));
#3477 = ORIENTED_EDGE('',*,*,#3283,.T.);
#3478 = ORIENTED_EDGE('',*,*,#1577,.T.);
#3479 = ORIENTED_EDGE('',*,*,#1470,.F.);
#3480 = ORIENTED_EDGE('',*,*,#3081,.F.);
#3481 = PLANE('',#3482);
#3482 = AXIS2_PLACEMENT_3D('',#3483,#3484,#3485);
#3483 = CARTESIAN_POINT('',(2.25,-1.7,1.025));
#3484 = DIRECTION('',(0.,0.,-1.));
#3485 = DIRECTION('',(-1.,-1.110223024625E-16,-0.));
#3486 = ADVANCED_FACE('',(#3487),#3497,.F.);
#3487 = FACE_BOUND('',#3488,.F.);
#3488 = EDGE_LOOP('',(#3489,#3490,#3495,#3496));
#3489 = ORIENTED_EDGE('',*,*,#1570,.T.);
#3490 = ORIENTED_EDGE('',*,*,#3491,.T.);
#3491 = EDGE_CURVE('',#1563,#3375,#3492,.T.);
#3492 = B_SPLINE_CURVE_WITH_KNOTS('',1,(#3493,#3494),.UNSPECIFIED.,.F.,
  .F.,(2,2),(0.,1.),.PIECEWISE_BEZIER_KNOTS.);
#3493 = CARTESIAN_POINT('',(1.7375,-2.375,1.025));
#3494 = CARTESIAN_POINT('',(1.680085640382,-2.260171280765,1.75));
#3495 = ORIENTED_EDGE('',*,*,#3374,.F.);
#3496 = ORIENTED_EDGE('',*,*,#1486,.F.);
#3497 = B_SPLINE_SURFACE_WITH_KNOTS('',1,1,(
    (#3498,#3499)
    ,(#3500,#3501
    )),.UNSPECIFIED.,.F.,.F.,.F.,(2,2),(2,2),(0.,0.194454364826),(0.,1.)
  ,.PIECEWISE_BEZIER_KNOTS.);
#3498 = CARTESIAN_POINT('',(1.875,-2.2375,1.025));
#3499 = CARTESIAN_POINT('',(1.760171280765,-2.180085640382,1.75));
#3500 = CARTESIAN_POINT('',(1.7375,-2.375,1.025));
#3501 = CARTESIAN_POINT('',(1.680085640382,-2.260171280765,1.75));
#3502 = ADVANCED_FACE('',(#3503),#3514,.T.);
#3503 = FACE_BOUND('',#3504,.T.);
#3504 = EDGE_LOOP('',(#3505,#3506,#3507,#3508));
#3505 = ORIENTED_EDGE('',*,*,#2515,.T.);
#3506 = ORIENTED_EDGE('',*,*,#1516,.T.);
#3507 = ORIENTED_EDGE('',*,*,#2617,.F.);
#3508 = ORIENTED_EDGE('',*,*,#3509,.F.);
#3509 = EDGE_CURVE('',#2508,#2610,#3510,.T.);
#3510 = LINE('',#3511,#3512);
#3511 = CARTESIAN_POINT('',(2.545442325904,2.11,0.7770944533));
#3512 = VECTOR('',#3513,1.);
#3513 = DIRECTION('',(1.110223024625E-16,-1.,0.));
#3514 = CYLINDRICAL_SURFACE('',#3515,0.3);
#3515 = AXIS2_PLACEMENT_3D('',#3516,#3517,#3518);
#3516 = CARTESIAN_POINT('',(2.25,2.11,0.725));
#3517 = DIRECTION('',(-1.110223024625E-16,1.,0.));
#3518 = DIRECTION('',(0.984807753012,1.093356242223E-16,0.173648177667)
  );
#3519 = ADVANCED_FACE('',(#3520),#3526,.F.);
#3520 = FACE_BOUND('',#3521,.F.);
#3521 = EDGE_LOOP('',(#3522,#3523,#3524,#3525));
#3522 = ORIENTED_EDGE('',*,*,#1562,.T.);
#3523 = ORIENTED_EDGE('',*,*,#3420,.T.);
#3524 = ORIENTED_EDGE('',*,*,#3382,.F.);
#3525 = ORIENTED_EDGE('',*,*,#3491,.F.);
#3526 = B_SPLINE_SURFACE_WITH_KNOTS('',1,1,(
    (#3527,#3528)
    ,(#3529,#3530
    )),.UNSPECIFIED.,.F.,.F.,.F.,(2,2),(2,2),(0.,3.475),(0.,1.),
  .PIECEWISE_BEZIER_KNOTS.);
#3527 = CARTESIAN_POINT('',(1.7375,-2.375,1.025));
#3528 = CARTESIAN_POINT('',(1.680085640382,-2.260171280765,1.75));
#3529 = CARTESIAN_POINT('',(-1.7375,-2.375,1.025));
#3530 = CARTESIAN_POINT('',(-1.680085640382,-2.260171280765,1.75));
#3531 = ADVANCED_FACE('',(#3532),#3543,.T.);
#3532 = FACE_BOUND('',#3533,.T.);
#3533 = EDGE_LOOP('',(#3534,#3535,#3536,#3537));
#3534 = ORIENTED_EDGE('',*,*,#1664,.T.);
#3535 = ORIENTED_EDGE('',*,*,#3315,.T.);
#3536 = ORIENTED_EDGE('',*,*,#1773,.F.);
#3537 = ORIENTED_EDGE('',*,*,#3538,.F.);
#3538 = EDGE_CURVE('',#1657,#1766,#3539,.T.);
#3539 = LINE('',#3540,#3541);
#3540 = CARTESIAN_POINT('',(-2.545442325904,-2.11,0.7770944533));
#3541 = VECTOR('',#3542,1.);
#3542 = DIRECTION('',(1.144237745222E-17,1.,0.));
#3543 = CYLINDRICAL_SURFACE('',#3544,0.3);
#3544 = AXIS2_PLACEMENT_3D('',#3545,#3546,#3547);
#3545 = CARTESIAN_POINT('',(-2.25,-2.11,0.725));
#3546 = DIRECTION('',(-1.144237745222E-17,-1.,0.));
#3547 = DIRECTION('',(-0.984807753012,1.126854202784E-17,0.173648177667)
  );
#3548 = ADVANCED_FACE('',(#3549),#3560,.F.);
#3549 = FACE_BOUND('',#3550,.F.);
#3550 = EDGE_LOOP('',(#3551,#3557,#3558,#3559));
#3551 = ORIENTED_EDGE('',*,*,#3552,.T.);
#3552 = EDGE_CURVE('',#1648,#1757,#3553,.T.);
#3553 = LINE('',#3554,#3555);
#3554 = CARTESIAN_POINT('',(-2.6264581915,-2.11,0.282635182233));
#3555 = VECTOR('',#3556,1.);
#3556 = DIRECTION('',(1.144237745222E-17,1.,0.));
#3557 = ORIENTED_EDGE('',*,*,#1765,.T.);
#3558 = ORIENTED_EDGE('',*,*,#3538,.F.);
#3559 = ORIENTED_EDGE('',*,*,#1656,.F.);
#3560 = PLANE('',#3561);
#3561 = AXIS2_PLACEMENT_3D('',#3562,#3563,#3564);
#3562 = CARTESIAN_POINT('',(-2.6264581915,-2.11,0.282635182233));
#3563 = DIRECTION('',(0.986841372087,-1.129181146488E-17,-0.161691392282
    ));
#3564 = DIRECTION('',(0.161691392282,-1.85013394127E-18,0.986841372087)
  );
#3565 = ADVANCED_FACE('',(#3566),#3577,.F.);
#3566 = FACE_BOUND('',#3567,.F.);
#3567 = EDGE_LOOP('',(#3568,#3574,#3575,#3576));
#3568 = ORIENTED_EDGE('',*,*,#3569,.T.);
#3569 = EDGE_CURVE('',#1640,#1749,#3570,.T.);
#3570 = LINE('',#3571,#3572);
#3571 = CARTESIAN_POINT('',(-2.724938966801,-2.11,0.2));
#3572 = VECTOR('',#3573,1.);
#3573 = DIRECTION('',(1.144237745222E-17,1.,0.));
#3574 = ORIENTED_EDGE('',*,*,#1756,.T.);
#3575 = ORIENTED_EDGE('',*,*,#3552,.F.);
#3576 = ORIENTED_EDGE('',*,*,#1647,.F.);
#3577 = CYLINDRICAL_SURFACE('',#3578,0.1);
#3578 = AXIS2_PLACEMENT_3D('',#3579,#3580,#3581);
#3579 = CARTESIAN_POINT('',(-2.724938966801,-2.11,0.3));
#3580 = DIRECTION('',(-1.144237745222E-17,-1.,0.));
#3581 = DIRECTION('',(-0.,0.,-1.));
#3582 = ADVANCED_FACE('',(#3583),#3594,.F.);
#3583 = FACE_BOUND('',#3584,.F.);
#3584 = EDGE_LOOP('',(#3585,#3591,#3592,#3593));
#3585 = ORIENTED_EDGE('',*,*,#3586,.T.);
#3586 = EDGE_CURVE('',#1632,#1741,#3587,.T.);
#3587 = LINE('',#3588,#3589);
#3588 = CARTESIAN_POINT('',(-3.,-2.11,0.2));
#3589 = VECTOR('',#3590,1.);
#3590 = DIRECTION('',(1.144237745222E-17,1.,0.));
#3591 = ORIENTED_EDGE('',*,*,#1748,.T.);
#3592 = ORIENTED_EDGE('',*,*,#3569,.F.);
#3593 = ORIENTED_EDGE('',*,*,#1639,.F.);
#3594 = PLANE('',#3595);
#3595 = AXIS2_PLACEMENT_3D('',#3596,#3597,#3598);
#3596 = CARTESIAN_POINT('',(-3.,-2.11,0.2));
#3597 = DIRECTION('',(0.,0.,-1.));
#3598 = DIRECTION('',(1.,-1.144237745222E-17,0.));
#3599 = ADVANCED_FACE('',(#3600),#3611,.F.);
#3600 = FACE_BOUND('',#3601,.F.);
#3601 = EDGE_LOOP('',(#3602,#3608,#3609,#3610));
#3602 = ORIENTED_EDGE('',*,*,#3603,.T.);
#3603 = EDGE_CURVE('',#1624,#1733,#3604,.T.);
#3604 = LINE('',#3605,#3606);
#3605 = CARTESIAN_POINT('',(-3.,-2.11,-1.665334536938E-16));
#3606 = VECTOR('',#3607,1.);
#3607 = DIRECTION('',(1.144237745222E-17,1.,0.));
#3608 = ORIENTED_EDGE('',*,*,#1740,.T.);
#3609 = ORIENTED_EDGE('',*,*,#3586,.F.);
#3610 = ORIENTED_EDGE('',*,*,#1631,.F.);
#3611 = PLANE('',#3612);
#3612 = AXIS2_PLACEMENT_3D('',#3613,#3614,#3615);
#3613 = CARTESIAN_POINT('',(-3.,-2.11,-1.665334536938E-16));
#3614 = DIRECTION('',(1.,-1.144237745222E-17,0.));
#3615 = DIRECTION('',(0.,0.,1.));
#3616 = ADVANCED_FACE('',(#3617),#3628,.F.);
#3617 = FACE_BOUND('',#3618,.F.);
#3618 = EDGE_LOOP('',(#3619,#3625,#3626,#3627));
#3619 = ORIENTED_EDGE('',*,*,#3620,.T.);
#3620 = EDGE_CURVE('',#1615,#1724,#3621,.T.);
#3621 = LINE('',#3622,#3623);
#3622 = CARTESIAN_POINT('',(-2.724938966801,-2.11,-1.665334536938E-16));
#3623 = VECTOR('',#3624,1.);
#3624 = DIRECTION('',(1.144237745222E-17,1.,0.));
#3625 = ORIENTED_EDGE('',*,*,#1732,.T.);
#3626 = ORIENTED_EDGE('',*,*,#3603,.F.);
#3627 = ORIENTED_EDGE('',*,*,#1623,.F.);
#3628 = PLANE('',#3629);
#3629 = AXIS2_PLACEMENT_3D('',#3630,#3631,#3632);
#3630 = CARTESIAN_POINT('',(-2.724938966801,-2.11,-1.665334536938E-16));
#3631 = DIRECTION('',(0.,0.,1.));
#3632 = DIRECTION('',(-1.,1.144237745222E-17,0.));
#3633 = ADVANCED_FACE('',(#3634),#3645,.T.);
#3634 = FACE_BOUND('',#3635,.T.);
#3635 = EDGE_LOOP('',(#3636,#3637,#3638,#3639));
#3636 = ORIENTED_EDGE('',*,*,#1614,.T.);
#3637 = ORIENTED_EDGE('',*,*,#3620,.T.);
#3638 = ORIENTED_EDGE('',*,*,#1723,.F.);
#3639 = ORIENTED_EDGE('',*,*,#3640,.F.);
#3640 = EDGE_CURVE('',#1607,#1716,#3641,.T.);
#3641 = LINE('',#3642,#3643);
#3642 = CARTESIAN_POINT('',(-2.429496640897,-2.11,0.2479055467));
#3643 = VECTOR('',#3644,1.);
#3644 = DIRECTION('',(1.144237745222E-17,1.,0.));
#3645 = CYLINDRICAL_SURFACE('',#3646,0.3);
#3646 = AXIS2_PLACEMENT_3D('',#3647,#3648,#3649);
#3647 = CARTESIAN_POINT('',(-2.724938966801,-2.11,0.3));
#3648 = DIRECTION('',(-1.144237745222E-17,-1.,0.));
#3649 = DIRECTION('',(0.984807753012,-1.126854202784E-17,-0.173648177667
    ));
#3650 = ADVANCED_FACE('',(#3651),#3657,.F.);
#3651 = FACE_BOUND('',#3652,.F.);
#3652 = EDGE_LOOP('',(#3653,#3654,#3655,#3656));
#3653 = ORIENTED_EDGE('',*,*,#1697,.T.);
#3654 = ORIENTED_EDGE('',*,*,#1715,.T.);
#3655 = ORIENTED_EDGE('',*,*,#3640,.F.);
#3656 = ORIENTED_EDGE('',*,*,#1606,.F.);
#3657 = PLANE('',#3658);
#3658 = AXIS2_PLACEMENT_3D('',#3659,#3660,#3661);
#3659 = CARTESIAN_POINT('',(-2.348480775301,-2.11,0.742364817767));
#3660 = DIRECTION('',(-0.986841372087,1.129181146488E-17,0.161691392282)
  );
#3661 = DIRECTION('',(-0.161691392282,1.85013394127E-18,-0.986841372087)
  );
#3662 = ADVANCED_FACE('',(#3663),#3674,.T.);
#3663 = FACE_BOUND('',#3664,.T.);
#3664 = EDGE_LOOP('',(#3665,#3666,#3667,#3668));
#3665 = ORIENTED_EDGE('',*,*,#1887,.T.);
#3666 = ORIENTED_EDGE('',*,*,#3334,.T.);
#3667 = ORIENTED_EDGE('',*,*,#1996,.F.);
#3668 = ORIENTED_EDGE('',*,*,#3669,.F.);
#3669 = EDGE_CURVE('',#1880,#1989,#3670,.T.);
#3670 = LINE('',#3671,#3672);
#3671 = CARTESIAN_POINT('',(-2.545442325904,-0.84,0.7770944533));
#3672 = VECTOR('',#3673,1.);
#3673 = DIRECTION('',(1.144237745222E-17,1.,0.));
#3674 = CYLINDRICAL_SURFACE('',#3675,0.3);
#3675 = AXIS2_PLACEMENT_3D('',#3676,#3677,#3678);
#3676 = CARTESIAN_POINT('',(-2.25,-0.84,0.725));
#3677 = DIRECTION('',(-1.144237745222E-17,-1.,0.));
#3678 = DIRECTION('',(-0.984807753012,1.126854202784E-17,0.173648177667)
  );
#3679 = ADVANCED_FACE('',(#3680),#3691,.F.);
#3680 = FACE_BOUND('',#3681,.F.);
#3681 = EDGE_LOOP('',(#3682,#3688,#3689,#3690));
#3682 = ORIENTED_EDGE('',*,*,#3683,.T.);
#3683 = EDGE_CURVE('',#1871,#1980,#3684,.T.);
#3684 = LINE('',#3685,#3686);
#3685 = CARTESIAN_POINT('',(-2.6264581915,-0.84,0.282635182233));
#3686 = VECTOR('',#3687,1.);
#3687 = DIRECTION('',(1.144237745222E-17,1.,0.));
#3688 = ORIENTED_EDGE('',*,*,#1988,.T.);
#3689 = ORIENTED_EDGE('',*,*,#3669,.F.);
#3690 = ORIENTED_EDGE('',*,*,#1879,.F.);
#3691 = PLANE('',#3692);
#3692 = AXIS2_PLACEMENT_3D('',#3693,#3694,#3695);
#3693 = CARTESIAN_POINT('',(-2.6264581915,-0.84,0.282635182233));
#3694 = DIRECTION('',(0.986841372087,-1.129181146488E-17,-0.161691392282
    ));
#3695 = DIRECTION('',(0.161691392282,-1.85013394127E-18,0.986841372087)
  );
#3696 = ADVANCED_FACE('',(#3697),#3708,.F.);
#3697 = FACE_BOUND('',#3698,.F.);
#3698 = EDGE_LOOP('',(#3699,#3705,#3706,#3707));
#3699 = ORIENTED_EDGE('',*,*,#3700,.T.);
#3700 = EDGE_CURVE('',#1863,#1972,#3701,.T.);
#3701 = LINE('',#3702,#3703);
#3702 = CARTESIAN_POINT('',(-2.724938966801,-0.84,0.2));
#3703 = VECTOR('',#3704,1.);
#3704 = DIRECTION('',(1.144237745222E-17,1.,0.));
#3705 = ORIENTED_EDGE('',*,*,#1979,.T.);
#3706 = ORIENTED_EDGE('',*,*,#3683,.F.);
#3707 = ORIENTED_EDGE('',*,*,#1870,.F.);
#3708 = CYLINDRICAL_SURFACE('',#3709,0.1);
#3709 = AXIS2_PLACEMENT_3D('',#3710,#3711,#3712);
#3710 = CARTESIAN_POINT('',(-2.724938966801,-0.84,0.3));
#3711 = DIRECTION('',(-1.144237745222E-17,-1.,0.));
#3712 = DIRECTION('',(-0.,0.,-1.));
#3713 = ADVANCED_FACE('',(#3714),#3725,.F.);
#3714 = FACE_BOUND('',#3715,.F.);
#3715 = EDGE_LOOP('',(#3716,#3722,#3723,#3724));
#3716 = ORIENTED_EDGE('',*,*,#3717,.T.);
#3717 = EDGE_CURVE('',#1855,#1964,#3718,.T.);
#3718 = LINE('',#3719,#3720);
#3719 = CARTESIAN_POINT('',(-3.,-0.84,0.2));
#3720 = VECTOR('',#3721,1.);
#3721 = DIRECTION('',(1.144237745222E-17,1.,0.));
#3722 = ORIENTED_EDGE('',*,*,#1971,.T.);
#3723 = ORIENTED_EDGE('',*,*,#3700,.F.);
#3724 = ORIENTED_EDGE('',*,*,#1862,.F.);
#3725 = PLANE('',#3726);
#3726 = AXIS2_PLACEMENT_3D('',#3727,#3728,#3729);
#3727 = CARTESIAN_POINT('',(-3.,-0.84,0.2));
#3728 = DIRECTION('',(0.,0.,-1.));
#3729 = DIRECTION('',(1.,-1.144237745222E-17,0.));
#3730 = ADVANCED_FACE('',(#3731),#3742,.F.);
#3731 = FACE_BOUND('',#3732,.F.);
#3732 = EDGE_LOOP('',(#3733,#3739,#3740,#3741));
#3733 = ORIENTED_EDGE('',*,*,#3734,.T.);
#3734 = EDGE_CURVE('',#1847,#1956,#3735,.T.);
#3735 = LINE('',#3736,#3737);
#3736 = CARTESIAN_POINT('',(-3.,-0.84,-1.665334536938E-16));
#3737 = VECTOR('',#3738,1.);
#3738 = DIRECTION('',(1.144237745222E-17,1.,0.));
#3739 = ORIENTED_EDGE('',*,*,#1963,.T.);
#3740 = ORIENTED_EDGE('',*,*,#3717,.F.);
#3741 = ORIENTED_EDGE('',*,*,#1854,.F.);
#3742 = PLANE('',#3743);
#3743 = AXIS2_PLACEMENT_3D('',#3744,#3745,#3746);
#3744 = CARTESIAN_POINT('',(-3.,-0.84,-1.665334536938E-16));
#3745 = DIRECTION('',(1.,-1.144237745222E-17,0.));
#3746 = DIRECTION('',(0.,0.,1.));
#3747 = ADVANCED_FACE('',(#3748),#3759,.F.);
#3748 = FACE_BOUND('',#3749,.F.);
#3749 = EDGE_LOOP('',(#3750,#3756,#3757,#3758));
#3750 = ORIENTED_EDGE('',*,*,#3751,.T.);
#3751 = EDGE_CURVE('',#1838,#1947,#3752,.T.);
#3752 = LINE('',#3753,#3754);
#3753 = CARTESIAN_POINT('',(-2.724938966801,-0.84,-1.665334536938E-16));
#3754 = VECTOR('',#3755,1.);
#3755 = DIRECTION('',(1.144237745222E-17,1.,0.));
#3756 = ORIENTED_EDGE('',*,*,#1955,.T.);
#3757 = ORIENTED_EDGE('',*,*,#3734,.F.);
#3758 = ORIENTED_EDGE('',*,*,#1846,.F.);
#3759 = PLANE('',#3760);
#3760 = AXIS2_PLACEMENT_3D('',#3761,#3762,#3763);
#3761 = CARTESIAN_POINT('',(-2.724938966801,-0.84,-1.665334536938E-16));
#3762 = DIRECTION('',(0.,0.,1.));
#3763 = DIRECTION('',(-1.,1.144237745222E-17,0.));
#3764 = ADVANCED_FACE('',(#3765),#3776,.T.);
#3765 = FACE_BOUND('',#3766,.T.);
#3766 = EDGE_LOOP('',(#3767,#3768,#3769,#3770));
#3767 = ORIENTED_EDGE('',*,*,#1837,.T.);
#3768 = ORIENTED_EDGE('',*,*,#3751,.T.);
#3769 = ORIENTED_EDGE('',*,*,#1946,.F.);
#3770 = ORIENTED_EDGE('',*,*,#3771,.F.);
#3771 = EDGE_CURVE('',#1830,#1939,#3772,.T.);
#3772 = LINE('',#3773,#3774);
#3773 = CARTESIAN_POINT('',(-2.429496640897,-0.84,0.2479055467));
#3774 = VECTOR('',#3775,1.);
#3775 = DIRECTION('',(1.144237745222E-17,1.,0.));
#3776 = CYLINDRICAL_SURFACE('',#3777,0.3);
#3777 = AXIS2_PLACEMENT_3D('',#3778,#3779,#3780);
#3778 = CARTESIAN_POINT('',(-2.724938966801,-0.84,0.3));
#3779 = DIRECTION('',(-1.144237745222E-17,-1.,0.));
#3780 = DIRECTION('',(0.984807753012,-1.126854202784E-17,-0.173648177667
    ));
#3781 = ADVANCED_FACE('',(#3782),#3788,.F.);
#3782 = FACE_BOUND('',#3783,.F.);
#3783 = EDGE_LOOP('',(#3784,#3785,#3786,#3787));
#3784 = ORIENTED_EDGE('',*,*,#1920,.T.);
#3785 = ORIENTED_EDGE('',*,*,#1938,.T.);
#3786 = ORIENTED_EDGE('',*,*,#3771,.F.);
#3787 = ORIENTED_EDGE('',*,*,#1829,.F.);
#3788 = PLANE('',#3789);
#3789 = AXIS2_PLACEMENT_3D('',#3790,#3791,#3792);
#3790 = CARTESIAN_POINT('',(-2.348480775301,-0.84,0.742364817767));
#3791 = DIRECTION('',(-0.986841372087,1.129181146488E-17,0.161691392282)
  );
#3792 = DIRECTION('',(-0.161691392282,1.85013394127E-18,-0.986841372087)
  );
#3793 = ADVANCED_FACE('',(#3794),#3805,.T.);
#3794 = FACE_BOUND('',#3795,.T.);
#3795 = EDGE_LOOP('',(#3796,#3797,#3798,#3799));
#3796 = ORIENTED_EDGE('',*,*,#2110,.T.);
#3797 = ORIENTED_EDGE('',*,*,#3353,.T.);
#3798 = ORIENTED_EDGE('',*,*,#2219,.F.);
#3799 = ORIENTED_EDGE('',*,*,#3800,.F.);
#3800 = EDGE_CURVE('',#2103,#2212,#3801,.T.);
#3801 = LINE('',#3802,#3803);
#3802 = CARTESIAN_POINT('',(-2.545442325904,0.43,0.7770944533));
#3803 = VECTOR('',#3804,1.);
#3804 = DIRECTION('',(1.144237745222E-17,1.,0.));
#3805 = CYLINDRICAL_SURFACE('',#3806,0.3);
#3806 = AXIS2_PLACEMENT_3D('',#3807,#3808,#3809);
#3807 = CARTESIAN_POINT('',(-2.25,0.43,0.725));
#3808 = DIRECTION('',(-1.144237745222E-17,-1.,0.));
#3809 = DIRECTION('',(-0.984807753012,1.126854202784E-17,0.173648177667)
  );
#3810 = ADVANCED_FACE('',(#3811),#3822,.F.);
#3811 = FACE_BOUND('',#3812,.F.);
#3812 = EDGE_LOOP('',(#3813,#3819,#3820,#3821));
#3813 = ORIENTED_EDGE('',*,*,#3814,.T.);
#3814 = EDGE_CURVE('',#2094,#2203,#3815,.T.);
#3815 = LINE('',#3816,#3817);
#3816 = CARTESIAN_POINT('',(-2.6264581915,0.43,0.282635182233));
#3817 = VECTOR('',#3818,1.);
#3818 = DIRECTION('',(1.144237745222E-17,1.,0.));
#3819 = ORIENTED_EDGE('',*,*,#2211,.T.);
#3820 = ORIENTED_EDGE('',*,*,#3800,.F.);
#3821 = ORIENTED_EDGE('',*,*,#2102,.F.);
#3822 = PLANE('',#3823);
#3823 = AXIS2_PLACEMENT_3D('',#3824,#3825,#3826);
#3824 = CARTESIAN_POINT('',(-2.6264581915,0.43,0.282635182233));
#3825 = DIRECTION('',(0.986841372087,-1.129181146488E-17,-0.161691392282
    ));
#3826 = DIRECTION('',(0.161691392282,-1.85013394127E-18,0.986841372087)
  );
#3827 = ADVANCED_FACE('',(#3828),#3839,.F.);
#3828 = FACE_BOUND('',#3829,.F.);
#3829 = EDGE_LOOP('',(#3830,#3836,#3837,#3838));
#3830 = ORIENTED_EDGE('',*,*,#3831,.T.);
#3831 = EDGE_CURVE('',#2086,#2195,#3832,.T.);
#3832 = LINE('',#3833,#3834);
#3833 = CARTESIAN_POINT('',(-2.724938966801,0.43,0.2));
#3834 = VECTOR('',#3835,1.);
#3835 = DIRECTION('',(1.144237745222E-17,1.,0.));
#3836 = ORIENTED_EDGE('',*,*,#2202,.T.);
#3837 = ORIENTED_EDGE('',*,*,#3814,.F.);
#3838 = ORIENTED_EDGE('',*,*,#2093,.F.);
#3839 = CYLINDRICAL_SURFACE('',#3840,0.1);
#3840 = AXIS2_PLACEMENT_3D('',#3841,#3842,#3843);
#3841 = CARTESIAN_POINT('',(-2.724938966801,0.43,0.3));
#3842 = DIRECTION('',(-1.144237745222E-17,-1.,0.));
#3843 = DIRECTION('',(-0.,0.,-1.));
#3844 = ADVANCED_FACE('',(#3845),#3856,.F.);
#3845 = FACE_BOUND('',#3846,.F.);
#3846 = EDGE_LOOP('',(#3847,#3853,#3854,#3855));
#3847 = ORIENTED_EDGE('',*,*,#3848,.T.);
#3848 = EDGE_CURVE('',#2078,#2187,#3849,.T.);
#3849 = LINE('',#3850,#3851);
#3850 = CARTESIAN_POINT('',(-3.,0.43,0.2));
#3851 = VECTOR('',#3852,1.);
#3852 = DIRECTION('',(1.144237745222E-17,1.,0.));
#3853 = ORIENTED_EDGE('',*,*,#2194,.T.);
#3854 = ORIENTED_EDGE('',*,*,#3831,.F.);
#3855 = ORIENTED_EDGE('',*,*,#2085,.F.);
#3856 = PLANE('',#3857);
#3857 = AXIS2_PLACEMENT_3D('',#3858,#3859,#3860);
#3858 = CARTESIAN_POINT('',(-3.,0.43,0.2));
#3859 = DIRECTION('',(0.,0.,-1.));
#3860 = DIRECTION('',(1.,-1.144237745222E-17,0.));
#3861 = ADVANCED_FACE('',(#3862),#3873,.F.);
#3862 = FACE_BOUND('',#3863,.F.);
#3863 = EDGE_LOOP('',(#3864,#3870,#3871,#3872));
#3864 = ORIENTED_EDGE('',*,*,#3865,.T.);
#3865 = EDGE_CURVE('',#2070,#2179,#3866,.T.);
#3866 = LINE('',#3867,#3868);
#3867 = CARTESIAN_POINT('',(-3.,0.43,-1.665334536938E-16));
#3868 = VECTOR('',#3869,1.);
#3869 = DIRECTION('',(1.144237745222E-17,1.,0.));
#3870 = ORIENTED_EDGE('',*,*,#2186,.T.);
#3871 = ORIENTED_EDGE('',*,*,#3848,.F.);
#3872 = ORIENTED_EDGE('',*,*,#2077,.F.);
#3873 = PLANE('',#3874);
#3874 = AXIS2_PLACEMENT_3D('',#3875,#3876,#3877);
#3875 = CARTESIAN_POINT('',(-3.,0.43,-1.665334536938E-16));
#3876 = DIRECTION('',(1.,-1.144237745222E-17,0.));
#3877 = DIRECTION('',(0.,0.,1.));
#3878 = ADVANCED_FACE('',(#3879),#3890,.F.);
#3879 = FACE_BOUND('',#3880,.F.);
#3880 = EDGE_LOOP('',(#3881,#3887,#3888,#3889));
#3881 = ORIENTED_EDGE('',*,*,#3882,.T.);
#3882 = EDGE_CURVE('',#2061,#2170,#3883,.T.);
#3883 = LINE('',#3884,#3885);
#3884 = CARTESIAN_POINT('',(-2.724938966801,0.43,-1.665334536938E-16));
#3885 = VECTOR('',#3886,1.);
#3886 = DIRECTION('',(1.144237745222E-17,1.,0.));
#3887 = ORIENTED_EDGE('',*,*,#2178,.T.);
#3888 = ORIENTED_EDGE('',*,*,#3865,.F.);
#3889 = ORIENTED_EDGE('',*,*,#2069,.F.);
#3890 = PLANE('',#3891);
#3891 = AXIS2_PLACEMENT_3D('',#3892,#3893,#3894);
#3892 = CARTESIAN_POINT('',(-2.724938966801,0.43,-1.665334536938E-16));
#3893 = DIRECTION('',(0.,0.,1.));
#3894 = DIRECTION('',(-1.,1.144237745222E-17,0.));
#3895 = ADVANCED_FACE('',(#3896),#3907,.T.);
#3896 = FACE_BOUND('',#3897,.T.);
#3897 = EDGE_LOOP('',(#3898,#3899,#3900,#3901));
#3898 = ORIENTED_EDGE('',*,*,#2060,.T.);
#3899 = ORIENTED_EDGE('',*,*,#3882,.T.);
#3900 = ORIENTED_EDGE('',*,*,#2169,.F.);
#3901 = ORIENTED_EDGE('',*,*,#3902,.F.);
#3902 = EDGE_CURVE('',#2053,#2162,#3903,.T.);
#3903 = LINE('',#3904,#3905);
#3904 = CARTESIAN_POINT('',(-2.429496640897,0.43,0.2479055467));
#3905 = VECTOR('',#3906,1.);
#3906 = DIRECTION('',(1.144237745222E-17,1.,0.));
#3907 = CYLINDRICAL_SURFACE('',#3908,0.3);
#3908 = AXIS2_PLACEMENT_3D('',#3909,#3910,#3911);
#3909 = CARTESIAN_POINT('',(-2.724938966801,0.43,0.3));
#3910 = DIRECTION('',(-1.144237745222E-17,-1.,0.));
#3911 = DIRECTION('',(0.984807753012,-1.126854202784E-17,-0.173648177667
    ));
#3912 = ADVANCED_FACE('',(#3913),#3919,.F.);
#3913 = FACE_BOUND('',#3914,.F.);
#3914 = EDGE_LOOP('',(#3915,#3916,#3917,#3918));
#3915 = ORIENTED_EDGE('',*,*,#2143,.T.);
#3916 = ORIENTED_EDGE('',*,*,#2161,.T.);
#3917 = ORIENTED_EDGE('',*,*,#3902,.F.);
#3918 = ORIENTED_EDGE('',*,*,#2052,.F.);
#3919 = PLANE('',#3920);
#3920 = AXIS2_PLACEMENT_3D('',#3921,#3922,#3923);
#3921 = CARTESIAN_POINT('',(-2.348480775301,0.43,0.742364817767));
#3922 = DIRECTION('',(-0.986841372087,1.129181146488E-17,0.161691392282)
  );
#3923 = DIRECTION('',(-0.161691392282,1.85013394127E-18,-0.986841372087)
  );
#3924 = ADVANCED_FACE('',(#3925),#3936,.F.);
#3925 = FACE_BOUND('',#3926,.F.);
#3926 = EDGE_LOOP('',(#3927,#3933,#3934,#3935));
#3927 = ORIENTED_EDGE('',*,*,#3928,.T.);
#3928 = EDGE_CURVE('',#2312,#2414,#3929,.T.);
#3929 = LINE('',#3930,#3931);
#3930 = CARTESIAN_POINT('',(-2.6264581915,1.7,0.282635182233));
#3931 = VECTOR('',#3932,1.);
#3932 = DIRECTION('',(1.144237745222E-17,1.,0.));
#3933 = ORIENTED_EDGE('',*,*,#2422,.T.);
#3934 = ORIENTED_EDGE('',*,*,#3300,.F.);
#3935 = ORIENTED_EDGE('',*,*,#2320,.F.);
#3936 = PLANE('',#3937);
#3937 = AXIS2_PLACEMENT_3D('',#3938,#3939,#3940);
#3938 = CARTESIAN_POINT('',(-2.6264581915,1.7,0.282635182233));
#3939 = DIRECTION('',(0.986841372087,-1.129181146488E-17,-0.161691392282
    ));
#3940 = DIRECTION('',(0.161691392282,-1.85013394127E-18,0.986841372087)
  );
#3941 = ADVANCED_FACE('',(#3942),#3953,.F.);
#3942 = FACE_BOUND('',#3943,.F.);
#3943 = EDGE_LOOP('',(#3944,#3950,#3951,#3952));
#3944 = ORIENTED_EDGE('',*,*,#3945,.T.);
#3945 = EDGE_CURVE('',#2304,#2406,#3946,.T.);
#3946 = LINE('',#3947,#3948);
#3947 = CARTESIAN_POINT('',(-2.724938966801,1.7,0.2));
#3948 = VECTOR('',#3949,1.);
#3949 = DIRECTION('',(1.144237745222E-17,1.,0.));
#3950 = ORIENTED_EDGE('',*,*,#2413,.T.);
#3951 = ORIENTED_EDGE('',*,*,#3928,.F.);
#3952 = ORIENTED_EDGE('',*,*,#2311,.F.);
#3953 = CYLINDRICAL_SURFACE('',#3954,0.1);
#3954 = AXIS2_PLACEMENT_3D('',#3955,#3956,#3957);
#3955 = CARTESIAN_POINT('',(-2.724938966801,1.7,0.3));
#3956 = DIRECTION('',(-1.144237745222E-17,-1.,0.));
#3957 = DIRECTION('',(-0.,0.,-1.));
#3958 = ADVANCED_FACE('',(#3959),#3970,.F.);
#3959 = FACE_BOUND('',#3960,.F.);
#3960 = EDGE_LOOP('',(#3961,#3967,#3968,#3969));
#3961 = ORIENTED_EDGE('',*,*,#3962,.T.);
#3962 = EDGE_CURVE('',#2296,#2398,#3963,.T.);
#3963 = LINE('',#3964,#3965);
#3964 = CARTESIAN_POINT('',(-3.,1.7,0.2));
#3965 = VECTOR('',#3966,1.);
#3966 = DIRECTION('',(1.144237745222E-17,1.,0.));
#3967 = ORIENTED_EDGE('',*,*,#2405,.T.);
#3968 = ORIENTED_EDGE('',*,*,#3945,.F.);
#3969 = ORIENTED_EDGE('',*,*,#2303,.F.);
#3970 = PLANE('',#3971);
#3971 = AXIS2_PLACEMENT_3D('',#3972,#3973,#3974);
#3972 = CARTESIAN_POINT('',(-3.,1.7,0.2));
#3973 = DIRECTION('',(0.,0.,-1.));
#3974 = DIRECTION('',(1.,-1.144237745222E-17,0.));
#3975 = ADVANCED_FACE('',(#3976),#3987,.F.);
#3976 = FACE_BOUND('',#3977,.F.);
#3977 = EDGE_LOOP('',(#3978,#3984,#3985,#3986));
#3978 = ORIENTED_EDGE('',*,*,#3979,.T.);
#3979 = EDGE_CURVE('',#2288,#2390,#3980,.T.);
#3980 = LINE('',#3981,#3982);
#3981 = CARTESIAN_POINT('',(-3.,1.7,-1.665334536938E-16));
#3982 = VECTOR('',#3983,1.);
#3983 = DIRECTION('',(1.144237745222E-17,1.,0.));
#3984 = ORIENTED_EDGE('',*,*,#2397,.T.);
#3985 = ORIENTED_EDGE('',*,*,#3962,.F.);
#3986 = ORIENTED_EDGE('',*,*,#2295,.F.);
#3987 = PLANE('',#3988);
#3988 = AXIS2_PLACEMENT_3D('',#3989,#3990,#3991);
#3989 = CARTESIAN_POINT('',(-3.,1.7,-1.665334536938E-16));
#3990 = DIRECTION('',(1.,-1.144237745222E-17,0.));
#3991 = DIRECTION('',(0.,0.,1.));
#3992 = ADVANCED_FACE('',(#3993),#4004,.F.);
#3993 = FACE_BOUND('',#3994,.F.);
#3994 = EDGE_LOOP('',(#3995,#4001,#4002,#4003));
#3995 = ORIENTED_EDGE('',*,*,#3996,.T.);
#3996 = EDGE_CURVE('',#2279,#2381,#3997,.T.);
#3997 = LINE('',#3998,#3999);
#3998 = CARTESIAN_POINT('',(-2.724938966801,1.7,-1.665334536938E-16));
#3999 = VECTOR('',#4000,1.);
#4000 = DIRECTION('',(1.144237745222E-17,1.,0.));
#4001 = ORIENTED_EDGE('',*,*,#2389,.T.);
#4002 = ORIENTED_EDGE('',*,*,#3979,.F.);
#4003 = ORIENTED_EDGE('',*,*,#2287,.F.);
#4004 = PLANE('',#4005);
#4005 = AXIS2_PLACEMENT_3D('',#4006,#4007,#4008);
#4006 = CARTESIAN_POINT('',(-2.724938966801,1.7,-1.665334536938E-16));
#4007 = DIRECTION('',(0.,0.,1.));
#4008 = DIRECTION('',(-1.,1.144237745222E-17,0.));
#4009 = ADVANCED_FACE('',(#4010),#4021,.T.);
#4010 = FACE_BOUND('',#4011,.T.);
#4011 = EDGE_LOOP('',(#4012,#4013,#4014,#4015));
#4012 = ORIENTED_EDGE('',*,*,#2278,.T.);
#4013 = ORIENTED_EDGE('',*,*,#3996,.T.);
#4014 = ORIENTED_EDGE('',*,*,#2380,.F.);
#4015 = ORIENTED_EDGE('',*,*,#4016,.F.);
#4016 = EDGE_CURVE('',#2271,#2373,#4017,.T.);
#4017 = LINE('',#4018,#4019);
#4018 = CARTESIAN_POINT('',(-2.429496640897,1.7,0.2479055467));
#4019 = VECTOR('',#4020,1.);
#4020 = DIRECTION('',(1.144237745222E-17,1.,0.));
#4021 = CYLINDRICAL_SURFACE('',#4022,0.3);
#4022 = AXIS2_PLACEMENT_3D('',#4023,#4024,#4025);
#4023 = CARTESIAN_POINT('',(-2.724938966801,1.7,0.3));
#4024 = DIRECTION('',(-1.144237745222E-17,-1.,0.));
#4025 = DIRECTION('',(0.984807753012,-1.126854202784E-17,-0.173648177667
    ));
#4026 = ADVANCED_FACE('',(#4027),#4033,.F.);
#4027 = FACE_BOUND('',#4028,.F.);
#4028 = EDGE_LOOP('',(#4029,#4030,#4031,#4032));
#4029 = ORIENTED_EDGE('',*,*,#2354,.T.);
#4030 = ORIENTED_EDGE('',*,*,#2372,.T.);
#4031 = ORIENTED_EDGE('',*,*,#4016,.F.);
#4032 = ORIENTED_EDGE('',*,*,#2270,.F.);
#4033 = PLANE('',#4034);
#4034 = AXIS2_PLACEMENT_3D('',#4035,#4036,#4037);
#4035 = CARTESIAN_POINT('',(-2.348480775301,1.7,0.742364817767));
#4036 = DIRECTION('',(-0.986841372087,1.129181146488E-17,0.161691392282)
  );
#4037 = DIRECTION('',(-0.161691392282,1.85013394127E-18,-0.986841372087)
  );
#4038 = ADVANCED_FACE('',(#4039),#4050,.F.);
#4039 = FACE_BOUND('',#4040,.F.);
#4040 = EDGE_LOOP('',(#4041,#4047,#4048,#4049));
#4041 = ORIENTED_EDGE('',*,*,#4042,.T.);
#4042 = EDGE_CURVE('',#2499,#2601,#4043,.T.);
#4043 = LINE('',#4044,#4045);
#4044 = CARTESIAN_POINT('',(2.6264581915,2.11,0.282635182233));
#4045 = VECTOR('',#4046,1.);
#4046 = DIRECTION('',(1.110223024625E-16,-1.,0.));
#4047 = ORIENTED_EDGE('',*,*,#2609,.T.);
#4048 = ORIENTED_EDGE('',*,*,#3509,.F.);
#4049 = ORIENTED_EDGE('',*,*,#2507,.F.);
#4050 = PLANE('',#4051);
#4051 = AXIS2_PLACEMENT_3D('',#4052,#4053,#4054);
#4052 = CARTESIAN_POINT('',(2.6264581915,2.11,0.282635182233));
#4053 = DIRECTION('',(-0.986841372087,-1.095614012943E-16,
    -0.161691392282));
#4054 = DIRECTION('',(-0.161691392282,-1.795135065956E-17,0.986841372087
    ));
#4055 = ADVANCED_FACE('',(#4056),#4067,.F.);
#4056 = FACE_BOUND('',#4057,.F.);
#4057 = EDGE_LOOP('',(#4058,#4064,#4065,#4066));
#4058 = ORIENTED_EDGE('',*,*,#4059,.T.);
#4059 = EDGE_CURVE('',#2491,#2593,#4060,.T.);
#4060 = LINE('',#4061,#4062);
#4061 = CARTESIAN_POINT('',(2.724938966801,2.11,0.2));
#4062 = VECTOR('',#4063,1.);
#4063 = DIRECTION('',(1.110223024625E-16,-1.,0.));
#4064 = ORIENTED_EDGE('',*,*,#2600,.T.);
#4065 = ORIENTED_EDGE('',*,*,#4042,.F.);
#4066 = ORIENTED_EDGE('',*,*,#2498,.F.);
#4067 = CYLINDRICAL_SURFACE('',#4068,0.1);
#4068 = AXIS2_PLACEMENT_3D('',#4069,#4070,#4071);
#4069 = CARTESIAN_POINT('',(2.724938966801,2.11,0.3));
#4070 = DIRECTION('',(-1.110223024625E-16,1.,0.));
#4071 = DIRECTION('',(0.,0.,-1.));
#4072 = ADVANCED_FACE('',(#4073),#4084,.F.);
#4073 = FACE_BOUND('',#4074,.F.);
#4074 = EDGE_LOOP('',(#4075,#4081,#4082,#4083));
#4075 = ORIENTED_EDGE('',*,*,#4076,.T.);
#4076 = EDGE_CURVE('',#2483,#2585,#4077,.T.);
#4077 = LINE('',#4078,#4079);
#4078 = CARTESIAN_POINT('',(3.,2.11,0.2));
#4079 = VECTOR('',#4080,1.);
#4080 = DIRECTION('',(1.110223024625E-16,-1.,0.));
#4081 = ORIENTED_EDGE('',*,*,#2592,.T.);
#4082 = ORIENTED_EDGE('',*,*,#4059,.F.);
#4083 = ORIENTED_EDGE('',*,*,#2490,.F.);
#4084 = PLANE('',#4085);
#4085 = AXIS2_PLACEMENT_3D('',#4086,#4087,#4088);
#4086 = CARTESIAN_POINT('',(3.,2.11,0.2));
#4087 = DIRECTION('',(0.,0.,-1.));
#4088 = DIRECTION('',(-1.,-1.110223024625E-16,-0.));
#4089 = ADVANCED_FACE('',(#4090),#4101,.F.);
#4090 = FACE_BOUND('',#4091,.F.);
#4091 = EDGE_LOOP('',(#4092,#4098,#4099,#4100));
#4092 = ORIENTED_EDGE('',*,*,#4093,.T.);
#4093 = EDGE_CURVE('',#2475,#2577,#4094,.T.);
#4094 = LINE('',#4095,#4096);
#4095 = CARTESIAN_POINT('',(3.,2.11,-1.665334536938E-16));
#4096 = VECTOR('',#4097,1.);
#4097 = DIRECTION('',(1.110223024625E-16,-1.,0.));
#4098 = ORIENTED_EDGE('',*,*,#2584,.T.);
#4099 = ORIENTED_EDGE('',*,*,#4076,.F.);
#4100 = ORIENTED_EDGE('',*,*,#2482,.F.);
#4101 = PLANE('',#4102);
#4102 = AXIS2_PLACEMENT_3D('',#4103,#4104,#4105);
#4103 = CARTESIAN_POINT('',(3.,2.11,-1.665334536938E-16));
#4104 = DIRECTION('',(-1.,-1.110223024625E-16,0.));
#4105 = DIRECTION('',(0.,0.,1.));
#4106 = ADVANCED_FACE('',(#4107),#4118,.F.);
#4107 = FACE_BOUND('',#4108,.F.);
#4108 = EDGE_LOOP('',(#4109,#4115,#4116,#4117));
#4109 = ORIENTED_EDGE('',*,*,#4110,.T.);
#4110 = EDGE_CURVE('',#2466,#2568,#4111,.T.);
#4111 = LINE('',#4112,#4113);
#4112 = CARTESIAN_POINT('',(2.724938966801,2.11,-1.665334536938E-16));
#4113 = VECTOR('',#4114,1.);
#4114 = DIRECTION('',(1.110223024625E-16,-1.,0.));
#4115 = ORIENTED_EDGE('',*,*,#2576,.T.);
#4116 = ORIENTED_EDGE('',*,*,#4093,.F.);
#4117 = ORIENTED_EDGE('',*,*,#2474,.F.);
#4118 = PLANE('',#4119);
#4119 = AXIS2_PLACEMENT_3D('',#4120,#4121,#4122);
#4120 = CARTESIAN_POINT('',(2.724938966801,2.11,-1.665334536938E-16));
#4121 = DIRECTION('',(0.,0.,1.));
#4122 = DIRECTION('',(1.,1.110223024625E-16,-0.));
#4123 = ADVANCED_FACE('',(#4124),#4135,.T.);
#4124 = FACE_BOUND('',#4125,.T.);
#4125 = EDGE_LOOP('',(#4126,#4127,#4128,#4129));
#4126 = ORIENTED_EDGE('',*,*,#2465,.T.);
#4127 = ORIENTED_EDGE('',*,*,#4110,.T.);
#4128 = ORIENTED_EDGE('',*,*,#2567,.F.);
#4129 = ORIENTED_EDGE('',*,*,#4130,.F.);
#4130 = EDGE_CURVE('',#2458,#2560,#4131,.T.);
#4131 = LINE('',#4132,#4133);
#4132 = CARTESIAN_POINT('',(2.429496640897,2.11,0.2479055467));
#4133 = VECTOR('',#4134,1.);
#4134 = DIRECTION('',(1.110223024625E-16,-1.,0.));
#4135 = CYLINDRICAL_SURFACE('',#4136,0.3);
#4136 = AXIS2_PLACEMENT_3D('',#4137,#4138,#4139);
#4137 = CARTESIAN_POINT('',(2.724938966801,2.11,0.3));
#4138 = DIRECTION('',(-1.110223024625E-16,1.,0.));
#4139 = DIRECTION('',(-0.984807753012,-1.093356242223E-16,
    -0.173648177667));
#4140 = ADVANCED_FACE('',(#4141),#4147,.F.);
#4141 = FACE_BOUND('',#4142,.F.);
#4142 = EDGE_LOOP('',(#4143,#4144,#4145,#4146));
#4143 = ORIENTED_EDGE('',*,*,#2541,.T.);
#4144 = ORIENTED_EDGE('',*,*,#2559,.T.);
#4145 = ORIENTED_EDGE('',*,*,#4130,.F.);
#4146 = ORIENTED_EDGE('',*,*,#2457,.F.);
#4147 = PLANE('',#4148);
#4148 = AXIS2_PLACEMENT_3D('',#4149,#4150,#4151);
#4149 = CARTESIAN_POINT('',(2.348480775301,2.11,0.742364817767));
#4150 = DIRECTION('',(0.986841372087,1.095614012943E-16,0.161691392282)
  );
#4151 = DIRECTION('',(0.161691392282,1.795135065956E-17,-0.986841372087)
  );
#4152 = ADVANCED_FACE('',(#4153),#4164,.T.);
#4153 = FACE_BOUND('',#4154,.T.);
#4154 = EDGE_LOOP('',(#4155,#4156,#4157,#4158));
#4155 = ORIENTED_EDGE('',*,*,#2719,.T.);
#4156 = ORIENTED_EDGE('',*,*,#3434,.T.);
#4157 = ORIENTED_EDGE('',*,*,#2828,.F.);
#4158 = ORIENTED_EDGE('',*,*,#4159,.F.);
#4159 = EDGE_CURVE('',#2712,#2821,#4160,.T.);
#4160 = LINE('',#4161,#4162);
#4161 = CARTESIAN_POINT('',(2.545442325904,0.84,0.7770944533));
#4162 = VECTOR('',#4163,1.);
#4163 = DIRECTION('',(1.110223024625E-16,-1.,0.));
#4164 = CYLINDRICAL_SURFACE('',#4165,0.3);
#4165 = AXIS2_PLACEMENT_3D('',#4166,#4167,#4168);
#4166 = CARTESIAN_POINT('',(2.25,0.84,0.725));
#4167 = DIRECTION('',(-1.110223024625E-16,1.,0.));
#4168 = DIRECTION('',(0.984807753012,1.093356242223E-16,0.173648177667)
  );
#4169 = ADVANCED_FACE('',(#4170),#4181,.F.);
#4170 = FACE_BOUND('',#4171,.F.);
#4171 = EDGE_LOOP('',(#4172,#4178,#4179,#4180));
#4172 = ORIENTED_EDGE('',*,*,#4173,.T.);
#4173 = EDGE_CURVE('',#2703,#2812,#4174,.T.);
#4174 = LINE('',#4175,#4176);
#4175 = CARTESIAN_POINT('',(2.6264581915,0.84,0.282635182233));
#4176 = VECTOR('',#4177,1.);
#4177 = DIRECTION('',(1.110223024625E-16,-1.,0.));
#4178 = ORIENTED_EDGE('',*,*,#2820,.T.);
#4179 = ORIENTED_EDGE('',*,*,#4159,.F.);
#4180 = ORIENTED_EDGE('',*,*,#2711,.F.);
#4181 = PLANE('',#4182);
#4182 = AXIS2_PLACEMENT_3D('',#4183,#4184,#4185);
#4183 = CARTESIAN_POINT('',(2.6264581915,0.84,0.282635182233));
#4184 = DIRECTION('',(-0.986841372087,-1.095614012943E-16,
    -0.161691392282));
#4185 = DIRECTION('',(-0.161691392282,-1.795135065956E-17,0.986841372087
    ));
#4186 = ADVANCED_FACE('',(#4187),#4198,.F.);
#4187 = FACE_BOUND('',#4188,.F.);
#4188 = EDGE_LOOP('',(#4189,#4195,#4196,#4197));
#4189 = ORIENTED_EDGE('',*,*,#4190,.T.);
#4190 = EDGE_CURVE('',#2695,#2804,#4191,.T.);
#4191 = LINE('',#4192,#4193);
#4192 = CARTESIAN_POINT('',(2.724938966801,0.84,0.2));
#4193 = VECTOR('',#4194,1.);
#4194 = DIRECTION('',(1.110223024625E-16,-1.,0.));
#4195 = ORIENTED_EDGE('',*,*,#2811,.T.);
#4196 = ORIENTED_EDGE('',*,*,#4173,.F.);
#4197 = ORIENTED_EDGE('',*,*,#2702,.F.);
#4198 = CYLINDRICAL_SURFACE('',#4199,0.1);
#4199 = AXIS2_PLACEMENT_3D('',#4200,#4201,#4202);
#4200 = CARTESIAN_POINT('',(2.724938966801,0.84,0.3));
#4201 = DIRECTION('',(-1.110223024625E-16,1.,0.));
#4202 = DIRECTION('',(0.,0.,-1.));
#4203 = ADVANCED_FACE('',(#4204),#4215,.F.);
#4204 = FACE_BOUND('',#4205,.F.);
#4205 = EDGE_LOOP('',(#4206,#4212,#4213,#4214));
#4206 = ORIENTED_EDGE('',*,*,#4207,.T.);
#4207 = EDGE_CURVE('',#2687,#2796,#4208,.T.);
#4208 = LINE('',#4209,#4210);
#4209 = CARTESIAN_POINT('',(3.,0.84,0.2));
#4210 = VECTOR('',#4211,1.);
#4211 = DIRECTION('',(1.110223024625E-16,-1.,0.));
#4212 = ORIENTED_EDGE('',*,*,#2803,.T.);
#4213 = ORIENTED_EDGE('',*,*,#4190,.F.);
#4214 = ORIENTED_EDGE('',*,*,#2694,.F.);
#4215 = PLANE('',#4216);
#4216 = AXIS2_PLACEMENT_3D('',#4217,#4218,#4219);
#4217 = CARTESIAN_POINT('',(3.,0.84,0.2));
#4218 = DIRECTION('',(0.,0.,-1.));
#4219 = DIRECTION('',(-1.,-1.110223024625E-16,-0.));
#4220 = ADVANCED_FACE('',(#4221),#4232,.F.);
#4221 = FACE_BOUND('',#4222,.F.);
#4222 = EDGE_LOOP('',(#4223,#4229,#4230,#4231));
#4223 = ORIENTED_EDGE('',*,*,#4224,.T.);
#4224 = EDGE_CURVE('',#2679,#2788,#4225,.T.);
#4225 = LINE('',#4226,#4227);
#4226 = CARTESIAN_POINT('',(3.,0.84,-1.665334536938E-16));
#4227 = VECTOR('',#4228,1.);
#4228 = DIRECTION('',(1.110223024625E-16,-1.,0.));
#4229 = ORIENTED_EDGE('',*,*,#2795,.T.);
#4230 = ORIENTED_EDGE('',*,*,#4207,.F.);
#4231 = ORIENTED_EDGE('',*,*,#2686,.F.);
#4232 = PLANE('',#4233);
#4233 = AXIS2_PLACEMENT_3D('',#4234,#4235,#4236);
#4234 = CARTESIAN_POINT('',(3.,0.84,-1.665334536938E-16));
#4235 = DIRECTION('',(-1.,-1.110223024625E-16,0.));
#4236 = DIRECTION('',(0.,0.,1.));
#4237 = ADVANCED_FACE('',(#4238),#4249,.F.);
#4238 = FACE_BOUND('',#4239,.F.);
#4239 = EDGE_LOOP('',(#4240,#4246,#4247,#4248));
#4240 = ORIENTED_EDGE('',*,*,#4241,.T.);
#4241 = EDGE_CURVE('',#2670,#2779,#4242,.T.);
#4242 = LINE('',#4243,#4244);
#4243 = CARTESIAN_POINT('',(2.724938966801,0.84,-1.665334536938E-16));
#4244 = VECTOR('',#4245,1.);
#4245 = DIRECTION('',(1.110223024625E-16,-1.,0.));
#4246 = ORIENTED_EDGE('',*,*,#2787,.T.);
#4247 = ORIENTED_EDGE('',*,*,#4224,.F.);
#4248 = ORIENTED_EDGE('',*,*,#2678,.F.);
#4249 = PLANE('',#4250);
#4250 = AXIS2_PLACEMENT_3D('',#4251,#4252,#4253);
#4251 = CARTESIAN_POINT('',(2.724938966801,0.84,-1.665334536938E-16));
#4252 = DIRECTION('',(0.,0.,1.));
#4253 = DIRECTION('',(1.,1.110223024625E-16,-0.));
#4254 = ADVANCED_FACE('',(#4255),#4266,.T.);
#4255 = FACE_BOUND('',#4256,.T.);
#4256 = EDGE_LOOP('',(#4257,#4258,#4259,#4260));
#4257 = ORIENTED_EDGE('',*,*,#2669,.T.);
#4258 = ORIENTED_EDGE('',*,*,#4241,.T.);
#4259 = ORIENTED_EDGE('',*,*,#2778,.F.);
#4260 = ORIENTED_EDGE('',*,*,#4261,.F.);
#4261 = EDGE_CURVE('',#2662,#2771,#4262,.T.);
#4262 = LINE('',#4263,#4264);
#4263 = CARTESIAN_POINT('',(2.429496640897,0.84,0.2479055467));
#4264 = VECTOR('',#4265,1.);
#4265 = DIRECTION('',(1.110223024625E-16,-1.,0.));
#4266 = CYLINDRICAL_SURFACE('',#4267,0.3);
#4267 = AXIS2_PLACEMENT_3D('',#4268,#4269,#4270);
#4268 = CARTESIAN_POINT('',(2.724938966801,0.84,0.3));
#4269 = DIRECTION('',(-1.110223024625E-16,1.,0.));
#4270 = DIRECTION('',(-0.984807753012,-1.093356242223E-16,
    -0.173648177667));
#4271 = ADVANCED_FACE('',(#4272),#4278,.F.);
#4272 = FACE_BOUND('',#4273,.F.);
#4273 = EDGE_LOOP('',(#4274,#4275,#4276,#4277));
#4274 = ORIENTED_EDGE('',*,*,#2752,.T.);
#4275 = ORIENTED_EDGE('',*,*,#2770,.T.);
#4276 = ORIENTED_EDGE('',*,*,#4261,.F.);
#4277 = ORIENTED_EDGE('',*,*,#2661,.F.);
#4278 = PLANE('',#4279);
#4279 = AXIS2_PLACEMENT_3D('',#4280,#4281,#4282);
#4280 = CARTESIAN_POINT('',(2.348480775301,0.84,0.742364817767));
#4281 = DIRECTION('',(0.986841372087,1.095614012943E-16,0.161691392282)
  );
#4282 = DIRECTION('',(0.161691392282,1.795135065956E-17,-0.986841372087)
  );
#4283 = ADVANCED_FACE('',(#4284),#4295,.T.);
#4284 = FACE_BOUND('',#4285,.T.);
#4285 = EDGE_LOOP('',(#4286,#4287,#4288,#4289));
#4286 = ORIENTED_EDGE('',*,*,#2942,.T.);
#4287 = ORIENTED_EDGE('',*,*,#3453,.T.);
#4288 = ORIENTED_EDGE('',*,*,#3051,.F.);
#4289 = ORIENTED_EDGE('',*,*,#4290,.F.);
#4290 = EDGE_CURVE('',#2935,#3044,#4291,.T.);
#4291 = LINE('',#4292,#4293);
#4292 = CARTESIAN_POINT('',(2.545442325904,-0.43,0.7770944533));
#4293 = VECTOR('',#4294,1.);
#4294 = DIRECTION('',(1.110223024625E-16,-1.,0.));
#4295 = CYLINDRICAL_SURFACE('',#4296,0.3);
#4296 = AXIS2_PLACEMENT_3D('',#4297,#4298,#4299);
#4297 = CARTESIAN_POINT('',(2.25,-0.43,0.725));
#4298 = DIRECTION('',(-1.110223024625E-16,1.,0.));
#4299 = DIRECTION('',(0.984807753012,1.093356242223E-16,0.173648177667)
  );
#4300 = ADVANCED_FACE('',(#4301),#4312,.F.);
#4301 = FACE_BOUND('',#4302,.F.);
#4302 = EDGE_LOOP('',(#4303,#4309,#4310,#4311));
#4303 = ORIENTED_EDGE('',*,*,#4304,.T.);
#4304 = EDGE_CURVE('',#2926,#3035,#4305,.T.);
#4305 = LINE('',#4306,#4307);
#4306 = CARTESIAN_POINT('',(2.6264581915,-0.43,0.282635182233));
#4307 = VECTOR('',#4308,1.);
#4308 = DIRECTION('',(1.110223024625E-16,-1.,0.));
#4309 = ORIENTED_EDGE('',*,*,#3043,.T.);
#4310 = ORIENTED_EDGE('',*,*,#4290,.F.);
#4311 = ORIENTED_EDGE('',*,*,#2934,.F.);
#4312 = PLANE('',#4313);
#4313 = AXIS2_PLACEMENT_3D('',#4314,#4315,#4316);
#4314 = CARTESIAN_POINT('',(2.6264581915,-0.43,0.282635182233));
#4315 = DIRECTION('',(-0.986841372087,-1.095614012943E-16,
    -0.161691392282));
#4316 = DIRECTION('',(-0.161691392282,-1.795135065956E-17,0.986841372087
    ));
#4317 = ADVANCED_FACE('',(#4318),#4329,.F.);
#4318 = FACE_BOUND('',#4319,.F.);
#4319 = EDGE_LOOP('',(#4320,#4326,#4327,#4328));
#4320 = ORIENTED_EDGE('',*,*,#4321,.T.);
#4321 = EDGE_CURVE('',#2918,#3027,#4322,.T.);
#4322 = LINE('',#4323,#4324);
#4323 = CARTESIAN_POINT('',(2.724938966801,-0.43,0.2));
#4324 = VECTOR('',#4325,1.);
#4325 = DIRECTION('',(1.110223024625E-16,-1.,0.));
#4326 = ORIENTED_EDGE('',*,*,#3034,.T.);
#4327 = ORIENTED_EDGE('',*,*,#4304,.F.);
#4328 = ORIENTED_EDGE('',*,*,#2925,.F.);
#4329 = CYLINDRICAL_SURFACE('',#4330,0.1);
#4330 = AXIS2_PLACEMENT_3D('',#4331,#4332,#4333);
#4331 = CARTESIAN_POINT('',(2.724938966801,-0.43,0.3));
#4332 = DIRECTION('',(-1.110223024625E-16,1.,0.));
#4333 = DIRECTION('',(0.,0.,-1.));
#4334 = ADVANCED_FACE('',(#4335),#4346,.F.);
#4335 = FACE_BOUND('',#4336,.F.);
#4336 = EDGE_LOOP('',(#4337,#4343,#4344,#4345));
#4337 = ORIENTED_EDGE('',*,*,#4338,.T.);
#4338 = EDGE_CURVE('',#2910,#3019,#4339,.T.);
#4339 = LINE('',#4340,#4341);
#4340 = CARTESIAN_POINT('',(3.,-0.43,0.2));
#4341 = VECTOR('',#4342,1.);
#4342 = DIRECTION('',(1.110223024625E-16,-1.,0.));
#4343 = ORIENTED_EDGE('',*,*,#3026,.T.);
#4344 = ORIENTED_EDGE('',*,*,#4321,.F.);
#4345 = ORIENTED_EDGE('',*,*,#2917,.F.);
#4346 = PLANE('',#4347);
#4347 = AXIS2_PLACEMENT_3D('',#4348,#4349,#4350);
#4348 = CARTESIAN_POINT('',(3.,-0.43,0.2));
#4349 = DIRECTION('',(0.,0.,-1.));
#4350 = DIRECTION('',(-1.,-1.110223024625E-16,-0.));
#4351 = ADVANCED_FACE('',(#4352),#4363,.F.);
#4352 = FACE_BOUND('',#4353,.F.);
#4353 = EDGE_LOOP('',(#4354,#4360,#4361,#4362));
#4354 = ORIENTED_EDGE('',*,*,#4355,.T.);
#4355 = EDGE_CURVE('',#2902,#3011,#4356,.T.);
#4356 = LINE('',#4357,#4358);
#4357 = CARTESIAN_POINT('',(3.,-0.43,-1.665334536938E-16));
#4358 = VECTOR('',#4359,1.);
#4359 = DIRECTION('',(1.110223024625E-16,-1.,0.));
#4360 = ORIENTED_EDGE('',*,*,#3018,.T.);
#4361 = ORIENTED_EDGE('',*,*,#4338,.F.);
#4362 = ORIENTED_EDGE('',*,*,#2909,.F.);
#4363 = PLANE('',#4364);
#4364 = AXIS2_PLACEMENT_3D('',#4365,#4366,#4367);
#4365 = CARTESIAN_POINT('',(3.,-0.43,-1.665334536938E-16));
#4366 = DIRECTION('',(-1.,-1.110223024625E-16,0.));
#4367 = DIRECTION('',(0.,0.,1.));
#4368 = ADVANCED_FACE('',(#4369),#4380,.F.);
#4369 = FACE_BOUND('',#4370,.F.);
#4370 = EDGE_LOOP('',(#4371,#4377,#4378,#4379));
#4371 = ORIENTED_EDGE('',*,*,#4372,.T.);
#4372 = EDGE_CURVE('',#2893,#3002,#4373,.T.);
#4373 = LINE('',#4374,#4375);
#4374 = CARTESIAN_POINT('',(2.724938966801,-0.43,-1.665334536938E-16));
#4375 = VECTOR('',#4376,1.);
#4376 = DIRECTION('',(1.110223024625E-16,-1.,0.));
#4377 = ORIENTED_EDGE('',*,*,#3010,.T.);
#4378 = ORIENTED_EDGE('',*,*,#4355,.F.);
#4379 = ORIENTED_EDGE('',*,*,#2901,.F.);
#4380 = PLANE('',#4381);
#4381 = AXIS2_PLACEMENT_3D('',#4382,#4383,#4384);
#4382 = CARTESIAN_POINT('',(2.724938966801,-0.43,-1.665334536938E-16));
#4383 = DIRECTION('',(0.,0.,1.));
#4384 = DIRECTION('',(1.,1.110223024625E-16,-0.));
#4385 = ADVANCED_FACE('',(#4386),#4397,.T.);
#4386 = FACE_BOUND('',#4387,.T.);
#4387 = EDGE_LOOP('',(#4388,#4389,#4390,#4391));
#4388 = ORIENTED_EDGE('',*,*,#2892,.T.);
#4389 = ORIENTED_EDGE('',*,*,#4372,.T.);
#4390 = ORIENTED_EDGE('',*,*,#3001,.F.);
#4391 = ORIENTED_EDGE('',*,*,#4392,.F.);
#4392 = EDGE_CURVE('',#2885,#2994,#4393,.T.);
#4393 = LINE('',#4394,#4395);
#4394 = CARTESIAN_POINT('',(2.429496640897,-0.43,0.2479055467));
#4395 = VECTOR('',#4396,1.);
#4396 = DIRECTION('',(1.110223024625E-16,-1.,0.));
#4397 = CYLINDRICAL_SURFACE('',#4398,0.3);
#4398 = AXIS2_PLACEMENT_3D('',#4399,#4400,#4401);
#4399 = CARTESIAN_POINT('',(2.724938966801,-0.43,0.3));
#4400 = DIRECTION('',(-1.110223024625E-16,1.,0.));
#4401 = DIRECTION('',(-0.984807753012,-1.093356242223E-16,
    -0.173648177667));
#4402 = ADVANCED_FACE('',(#4403),#4409,.F.);
#4403 = FACE_BOUND('',#4404,.F.);
#4404 = EDGE_LOOP('',(#4405,#4406,#4407,#4408));
#4405 = ORIENTED_EDGE('',*,*,#2975,.T.);
#4406 = ORIENTED_EDGE('',*,*,#2993,.T.);
#4407 = ORIENTED_EDGE('',*,*,#4392,.F.);
#4408 = ORIENTED_EDGE('',*,*,#2884,.F.);
#4409 = PLANE('',#4410);
#4410 = AXIS2_PLACEMENT_3D('',#4411,#4412,#4413);
#4411 = CARTESIAN_POINT('',(2.348480775301,-0.43,0.742364817767));
#4412 = DIRECTION('',(0.986841372087,1.095614012943E-16,0.161691392282)
  );
#4413 = DIRECTION('',(0.161691392282,1.795135065956E-17,-0.986841372087)
  );
#4414 = ADVANCED_FACE('',(#4415),#4426,.T.);
#4415 = FACE_BOUND('',#4416,.T.);
#4416 = EDGE_LOOP('',(#4417,#4418,#4419,#4420));
#4417 = ORIENTED_EDGE('',*,*,#3165,.T.);
#4418 = ORIENTED_EDGE('',*,*,#3472,.T.);
#4419 = ORIENTED_EDGE('',*,*,#3274,.F.);
#4420 = ORIENTED_EDGE('',*,*,#4421,.F.);
#4421 = EDGE_CURVE('',#3158,#3267,#4422,.T.);
#4422 = LINE('',#4423,#4424);
#4423 = CARTESIAN_POINT('',(2.545442325904,-1.7,0.7770944533));
#4424 = VECTOR('',#4425,1.);
#4425 = DIRECTION('',(1.110223024625E-16,-1.,0.));
#4426 = CYLINDRICAL_SURFACE('',#4427,0.3);
#4427 = AXIS2_PLACEMENT_3D('',#4428,#4429,#4430);
#4428 = CARTESIAN_POINT('',(2.25,-1.7,0.725));
#4429 = DIRECTION('',(-1.110223024625E-16,1.,0.));
#4430 = DIRECTION('',(0.984807753012,1.093356242223E-16,0.173648177667)
  );
#4431 = ADVANCED_FACE('',(#4432),#4443,.F.);
#4432 = FACE_BOUND('',#4433,.F.);
#4433 = EDGE_LOOP('',(#4434,#4440,#4441,#4442));
#4434 = ORIENTED_EDGE('',*,*,#4435,.T.);
#4435 = EDGE_CURVE('',#3149,#3258,#4436,.T.);
#4436 = LINE('',#4437,#4438);
#4437 = CARTESIAN_POINT('',(2.6264581915,-1.7,0.282635182233));
#4438 = VECTOR('',#4439,1.);
#4439 = DIRECTION('',(1.110223024625E-16,-1.,0.));
#4440 = ORIENTED_EDGE('',*,*,#3266,.T.);
#4441 = ORIENTED_EDGE('',*,*,#4421,.F.);
#4442 = ORIENTED_EDGE('',*,*,#3157,.F.);
#4443 = PLANE('',#4444);
#4444 = AXIS2_PLACEMENT_3D('',#4445,#4446,#4447);
#4445 = CARTESIAN_POINT('',(2.6264581915,-1.7,0.282635182233));
#4446 = DIRECTION('',(-0.986841372087,-1.095614012943E-16,
    -0.161691392282));
#4447 = DIRECTION('',(-0.161691392282,-1.795135065956E-17,0.986841372087
    ));
#4448 = ADVANCED_FACE('',(#4449),#4460,.F.);
#4449 = FACE_BOUND('',#4450,.F.);
#4450 = EDGE_LOOP('',(#4451,#4457,#4458,#4459));
#4451 = ORIENTED_EDGE('',*,*,#4452,.T.);
#4452 = EDGE_CURVE('',#3141,#3250,#4453,.T.);
#4453 = LINE('',#4454,#4455);
#4454 = CARTESIAN_POINT('',(2.724938966801,-1.7,0.2));
#4455 = VECTOR('',#4456,1.);
#4456 = DIRECTION('',(1.110223024625E-16,-1.,0.));
#4457 = ORIENTED_EDGE('',*,*,#3257,.T.);
#4458 = ORIENTED_EDGE('',*,*,#4435,.F.);
#4459 = ORIENTED_EDGE('',*,*,#3148,.F.);
#4460 = CYLINDRICAL_SURFACE('',#4461,0.1);
#4461 = AXIS2_PLACEMENT_3D('',#4462,#4463,#4464);
#4462 = CARTESIAN_POINT('',(2.724938966801,-1.7,0.3));
#4463 = DIRECTION('',(-1.110223024625E-16,1.,0.));
#4464 = DIRECTION('',(0.,0.,-1.));
#4465 = ADVANCED_FACE('',(#4466),#4477,.F.);
#4466 = FACE_BOUND('',#4467,.F.);
#4467 = EDGE_LOOP('',(#4468,#4474,#4475,#4476));
#4468 = ORIENTED_EDGE('',*,*,#4469,.T.);
#4469 = EDGE_CURVE('',#3133,#3242,#4470,.T.);
#4470 = LINE('',#4471,#4472);
#4471 = CARTESIAN_POINT('',(3.,-1.7,0.2));
#4472 = VECTOR('',#4473,1.);
#4473 = DIRECTION('',(1.110223024625E-16,-1.,0.));
#4474 = ORIENTED_EDGE('',*,*,#3249,.T.);
#4475 = ORIENTED_EDGE('',*,*,#4452,.F.);
#4476 = ORIENTED_EDGE('',*,*,#3140,.F.);
#4477 = PLANE('',#4478);
#4478 = AXIS2_PLACEMENT_3D('',#4479,#4480,#4481);
#4479 = CARTESIAN_POINT('',(3.,-1.7,0.2));
#4480 = DIRECTION('',(0.,0.,-1.));
#4481 = DIRECTION('',(-1.,-1.110223024625E-16,-0.));
#4482 = ADVANCED_FACE('',(#4483),#4494,.F.);
#4483 = FACE_BOUND('',#4484,.F.);
#4484 = EDGE_LOOP('',(#4485,#4491,#4492,#4493));
#4485 = ORIENTED_EDGE('',*,*,#4486,.T.);
#4486 = EDGE_CURVE('',#3125,#3234,#4487,.T.);
#4487 = LINE('',#4488,#4489);
#4488 = CARTESIAN_POINT('',(3.,-1.7,-1.665334536938E-16));
#4489 = VECTOR('',#4490,1.);
#4490 = DIRECTION('',(1.110223024625E-16,-1.,0.));
#4491 = ORIENTED_EDGE('',*,*,#3241,.T.);
#4492 = ORIENTED_EDGE('',*,*,#4469,.F.);
#4493 = ORIENTED_EDGE('',*,*,#3132,.F.);
#4494 = PLANE('',#4495);
#4495 = AXIS2_PLACEMENT_3D('',#4496,#4497,#4498);
#4496 = CARTESIAN_POINT('',(3.,-1.7,-1.665334536938E-16));
#4497 = DIRECTION('',(-1.,-1.110223024625E-16,0.));
#4498 = DIRECTION('',(0.,0.,1.));
#4499 = ADVANCED_FACE('',(#4500),#4511,.F.);
#4500 = FACE_BOUND('',#4501,.F.);
#4501 = EDGE_LOOP('',(#4502,#4508,#4509,#4510));
#4502 = ORIENTED_EDGE('',*,*,#4503,.T.);
#4503 = EDGE_CURVE('',#3116,#3225,#4504,.T.);
#4504 = LINE('',#4505,#4506);
#4505 = CARTESIAN_POINT('',(2.724938966801,-1.7,-1.665334536938E-16));
#4506 = VECTOR('',#4507,1.);
#4507 = DIRECTION('',(1.110223024625E-16,-1.,0.));
#4508 = ORIENTED_EDGE('',*,*,#3233,.T.);
#4509 = ORIENTED_EDGE('',*,*,#4486,.F.);
#4510 = ORIENTED_EDGE('',*,*,#3124,.F.);
#4511 = PLANE('',#4512);
#4512 = AXIS2_PLACEMENT_3D('',#4513,#4514,#4515);
#4513 = CARTESIAN_POINT('',(2.724938966801,-1.7,-1.665334536938E-16));
#4514 = DIRECTION('',(0.,0.,1.));
#4515 = DIRECTION('',(1.,1.110223024625E-16,-0.));
#4516 = ADVANCED_FACE('',(#4517),#4528,.T.);
#4517 = FACE_BOUND('',#4518,.T.);
#4518 = EDGE_LOOP('',(#4519,#4520,#4521,#4522));
#4519 = ORIENTED_EDGE('',*,*,#3115,.T.);
#4520 = ORIENTED_EDGE('',*,*,#4503,.T.);
#4521 = ORIENTED_EDGE('',*,*,#3224,.F.);
#4522 = ORIENTED_EDGE('',*,*,#4523,.F.);
#4523 = EDGE_CURVE('',#3108,#3217,#4524,.T.);
#4524 = LINE('',#4525,#4526);
#4525 = CARTESIAN_POINT('',(2.429496640897,-1.7,0.2479055467));
#4526 = VECTOR('',#4527,1.);
#4527 = DIRECTION('',(1.110223024625E-16,-1.,0.));
#4528 = CYLINDRICAL_SURFACE('',#4529,0.3);
#4529 = AXIS2_PLACEMENT_3D('',#4530,#4531,#4532);
#4530 = CARTESIAN_POINT('',(2.724938966801,-1.7,0.3));
#4531 = DIRECTION('',(-1.110223024625E-16,1.,0.));
#4532 = DIRECTION('',(-0.984807753012,-1.093356242223E-16,
    -0.173648177667));
#4533 = ADVANCED_FACE('',(#4534),#4540,.F.);
#4534 = FACE_BOUND('',#4535,.F.);
#4535 = EDGE_LOOP('',(#4536,#4537,#4538,#4539));
#4536 = ORIENTED_EDGE('',*,*,#3198,.T.);
#4537 = ORIENTED_EDGE('',*,*,#3216,.T.);
#4538 = ORIENTED_EDGE('',*,*,#4523,.F.);
#4539 = ORIENTED_EDGE('',*,*,#3107,.F.);
#4540 = PLANE('',#4541);
#4541 = AXIS2_PLACEMENT_3D('',#4542,#4543,#4544);
#4542 = CARTESIAN_POINT('',(2.348480775301,-1.7,0.742364817767));
#4543 = DIRECTION('',(0.986841372087,1.095614012943E-16,0.161691392282)
  );
#4544 = DIRECTION('',(0.161691392282,1.795135065956E-17,-0.986841372087)
  );
#4545 = ADVANCED_FACE('',(#4546),#4547,.F.);
#4546 = FACE_BOUND('',#3398,.T.);
#4547 = PLANE('',#4548);
#4548 = AXIS2_PLACEMENT_3D('',#4549,#4550,#4551);
#4549 = CARTESIAN_POINT('',(-1.110171280765,1.610171280765,1.75));
#4550 = DIRECTION('',(0.,0.,-1.));
#4551 = DIRECTION('',(1.110223024625E-16,-1.,0.));
#4552 = ( GEOMETRIC_REPRESENTATION_CONTEXT(3) 
GLOBAL_UNCERTAINTY_ASSIGNED_CONTEXT((#4556)) 
GLOBAL_UNIT_ASSIGNED_CONTEXT((#4553,#4554,#4555)) REPRESENTATION_CONTEXT
('Context #1','3D Context with UNIT and UNCERTAINTY') );
#4553 = ( LENGTH_UNIT() NAMED_UNIT(*) SI_UNIT(.MILLI.,.METRE.) );
#4554 = ( NAMED_UNIT(*) PLANE_ANGLE_UNIT() SI_UNIT($,.RADIAN.) );
#4555 = ( NAMED_UNIT(*) SI_UNIT($,.STERADIAN.) SOLID_ANGLE_UNIT() );
#4556 = UNCERTAINTY_MEASURE_WITH_UNIT(LENGTH_MEASURE(1.E-07),#4553,
  'distance_accuracy_value','confusion accuracy');
#4557 = CONTEXT_DEPENDENT_SHAPE_REPRESENTATION(#4558,#4560);
#4558 = ( REPRESENTATION_RELATIONSHIP('','',#83,#60) 
REPRESENTATION_RELATIONSHIP_WITH_TRANSFORMATION(#4559) 
SHAPE_REPRESENTATION_RELATIONSHIP() );
#4559 = ITEM_DEFINED_TRANSFORMATION('','',#11,#61);
#4560 = PRODUCT_DEFINITION_SHAPE('Placement','Placement of an item',
  #4561);
#4561 = NEXT_ASSEMBLY_USAGE_OCCURRENCE('1','=>[0:1:1:3]','',#55,#78,$);
#4562 = PRODUCT_RELATED_PRODUCT_CATEGORY('part',$,(#80));
#4563 = SHAPE_DEFINITION_REPRESENTATION(#4564,#4570);
#4564 = PRODUCT_DEFINITION_SHAPE('','',#4565);
#4565 = PRODUCT_DEFINITION('design','',#4566,#4569);
#4566 = PRODUCT_DEFINITION_FORMATION('','',#4567);
#4567 = PRODUCT('R_0603_1608Metric','R_0603_1608Metric','',(#4568));
#4568 = PRODUCT_CONTEXT('',#2,'mechanical');
#4569 = PRODUCT_DEFINITION_CONTEXT('part definition',#2,'design');
#4570 = SHAPE_REPRESENTATION('',(#11,#4571),#4575);
#4571 = AXIS2_PLACEMENT_3D('',#4572,#4573,#4574);
#4572 = CARTESIAN_POINT('',(0.,0.,0.));
#4573 = DIRECTION('',(0.,0.,1.));
#4574 = DIRECTION('',(1.,0.,-0.));
#4575 = ( GEOMETRIC_REPRESENTATION_CONTEXT(3) 
GLOBAL_UNCERTAINTY_ASSIGNED_CONTEXT((#4579)) 
GLOBAL_UNIT_ASSIGNED_CONTEXT((#4576,#4577,#4578)) REPRESENTATION_CONTEXT
('Context #1','3D Context with UNIT and UNCERTAINTY') );
#4576 = ( LENGTH_UNIT() NAMED_UNIT(*) SI_UNIT(.MILLI.,.METRE.) );
#4577 = ( NAMED_UNIT(*) PLANE_ANGLE_UNIT() SI_UNIT($,.RADIAN.) );
#4578 = ( NAMED_UNIT(*) SI_UNIT($,.STERADIAN.) SOLID_ANGLE_UNIT() );
#4579 = UNCERTAINTY_MEASURE_WITH_UNIT(LENGTH_MEASURE(1.E-07),#4576,
  'distance_accuracy_value','confusion accuracy');
#4580 = CONTEXT_DEPENDENT_SHAPE_REPRESENTATION(#4581,#4583);
#4581 = ( REPRESENTATION_RELATIONSHIP('','',#4570,#10) 
REPRESENTATION_RELATIONSHIP_WITH_TRANSFORMATION(#4582) 
SHAPE_REPRESENTATION_RELATIONSHIP() );
#4582 = ITEM_DEFINED_TRANSFORMATION('','',#11,#19);
#4583 = PRODUCT_DEFINITION_SHAPE('Placement','Placement of an item',
  #4584);
#4584 = NEXT_ASSEMBLY_USAGE_OCCURRENCE('4','R3','',#5,#4565,$);
#4585 = PRODUCT_RELATED_PRODUCT_CATEGORY('part',$,(#4567));
#4586 = SHAPE_DEFINITION_REPRESENTATION(#4587,#4593);
#4587 = PRODUCT_DEFINITION_SHAPE('','',#4588);
#4588 = PRODUCT_DEFINITION('design','',#4589,#4592);
#4589 = PRODUCT_DEFINITION_FORMATION('','',#4590);
#4590 = PRODUCT('R_0603_1608Metric','R_0603_1608Metric','',(#4591));
#4591 = PRODUCT_CONTEXT('',#2,'mechanical');
#4592 = PRODUCT_DEFINITION_CONTEXT('part definition',#2,'design');
#4593 = ADVANCED_BREP_SHAPE_REPRESENTATION('',(#11,#4594),#5384);
#4594 = MANIFOLD_SOLID_BREP('',#4595);
#4595 = CLOSED_SHELL('',(#4596,#4636,#4719,#4744,#4769,#4836,#4853,#4870
    ,#4919,#4936,#4953,#5002,#5019,#5088,#5119,#5143,#5212,#5236,#5253,
    #5270,#5287,#5304,#5321,#5338,#5355,#5372));
#4596 = ADVANCED_FACE('',(#4597),#4631,.F.);
#4597 = FACE_BOUND('',#4598,.F.);
#4598 = EDGE_LOOP('',(#4599,#4609,#4617,#4625));
#4599 = ORIENTED_EDGE('',*,*,#4600,.F.);
#4600 = EDGE_CURVE('',#4601,#4603,#4605,.T.);
#4601 = VERTEX_POINT('',#4602);
#4602 = CARTESIAN_POINT('',(-0.8,-0.4,4.5E-02));
#4603 = VERTEX_POINT('',#4604);
#4604 = CARTESIAN_POINT('',(-0.8,-0.4,0.405));
#4605 = LINE('',#4606,#4607);
#4606 = CARTESIAN_POINT('',(-0.8,-0.4,0.));
#4607 = VECTOR('',#4608,1.);
#4608 = DIRECTION('',(0.,0.,1.));
#4609 = ORIENTED_EDGE('',*,*,#4610,.T.);
#4610 = EDGE_CURVE('',#4601,#4611,#4613,.T.);
#4611 = VERTEX_POINT('',#4612);
#4612 = CARTESIAN_POINT('',(-0.8,0.4,4.5E-02));
#4613 = LINE('',#4614,#4615);
#4614 = CARTESIAN_POINT('',(-0.8,-0.4,4.5E-02));
#4615 = VECTOR('',#4616,1.);
#4616 = DIRECTION('',(0.,1.,0.));
#4617 = ORIENTED_EDGE('',*,*,#4618,.T.);
#4618 = EDGE_CURVE('',#4611,#4619,#4621,.T.);
#4619 = VERTEX_POINT('',#4620);
#4620 = CARTESIAN_POINT('',(-0.8,0.4,0.405));
#4621 = LINE('',#4622,#4623);
#4622 = CARTESIAN_POINT('',(-0.8,0.4,0.));
#4623 = VECTOR('',#4624,1.);
#4624 = DIRECTION('',(0.,0.,1.));
#4625 = ORIENTED_EDGE('',*,*,#4626,.F.);
#4626 = EDGE_CURVE('',#4603,#4619,#4627,.T.);
#4627 = LINE('',#4628,#4629);
#4628 = CARTESIAN_POINT('',(-0.8,-0.4,0.405));
#4629 = VECTOR('',#4630,1.);
#4630 = DIRECTION('',(0.,1.,0.));
#4631 = PLANE('',#4632);
#4632 = AXIS2_PLACEMENT_3D('',#4633,#4634,#4635);
#4633 = CARTESIAN_POINT('',(-0.8,-0.4,0.));
#4634 = DIRECTION('',(1.,0.,0.));
#4635 = DIRECTION('',(0.,0.,1.));
#4636 = ADVANCED_FACE('',(#4637),#4714,.F.);
#4637 = FACE_BOUND('',#4638,.F.);
#4638 = EDGE_LOOP('',(#4639,#4649,#4656,#4657,#4666,#4674,#4683,#4691,
    #4699,#4707));
#4639 = ORIENTED_EDGE('',*,*,#4640,.F.);
#4640 = EDGE_CURVE('',#4641,#4643,#4645,.T.);
#4641 = VERTEX_POINT('',#4642);
#4642 = CARTESIAN_POINT('',(-0.755,-0.4,-2.775557561563E-17));
#4643 = VERTEX_POINT('',#4644);
#4644 = CARTESIAN_POINT('',(-0.545,-0.4,-2.775557561563E-17));
#4645 = LINE('',#4646,#4647);
#4646 = CARTESIAN_POINT('',(-0.8,-0.4,0.));
#4647 = VECTOR('',#4648,1.);
#4648 = DIRECTION('',(1.,0.,0.));
#4649 = ORIENTED_EDGE('',*,*,#4650,.F.);
#4650 = EDGE_CURVE('',#4601,#4641,#4651,.T.);
#4651 = CIRCLE('',#4652,4.5E-02);
#4652 = AXIS2_PLACEMENT_3D('',#4653,#4654,#4655);
#4653 = CARTESIAN_POINT('',(-0.755,-0.4,4.5E-02));
#4654 = DIRECTION('',(0.,-1.,0.));
#4655 = DIRECTION('',(0.,0.,1.));
#4656 = ORIENTED_EDGE('',*,*,#4600,.T.);
#4657 = ORIENTED_EDGE('',*,*,#4658,.T.);
#4658 = EDGE_CURVE('',#4603,#4659,#4661,.T.);
#4659 = VERTEX_POINT('',#4660);
#4660 = CARTESIAN_POINT('',(-0.755,-0.4,0.45));
#4661 = CIRCLE('',#4662,4.5E-02);
#4662 = AXIS2_PLACEMENT_3D('',#4663,#4664,#4665);
#4663 = CARTESIAN_POINT('',(-0.755,-0.4,0.405));
#4664 = DIRECTION('',(0.,1.,0.));
#4665 = DIRECTION('',(0.,-0.,1.));
#4666 = ORIENTED_EDGE('',*,*,#4667,.T.);
#4667 = EDGE_CURVE('',#4659,#4668,#4670,.T.);
#4668 = VERTEX_POINT('',#4669);
#4669 = CARTESIAN_POINT('',(-0.545,-0.4,0.45));
#4670 = LINE('',#4671,#4672);
#4671 = CARTESIAN_POINT('',(-0.8,-0.4,0.45));
#4672 = VECTOR('',#4673,1.);
#4673 = DIRECTION('',(1.,0.,0.));
#4674 = ORIENTED_EDGE('',*,*,#4675,.F.);
#4675 = EDGE_CURVE('',#4676,#4668,#4678,.T.);
#4676 = VERTEX_POINT('',#4677);
#4677 = CARTESIAN_POINT('',(-0.5,-0.4,0.405));
#4678 = CIRCLE('',#4679,4.5E-02);
#4679 = AXIS2_PLACEMENT_3D('',#4680,#4681,#4682);
#4680 = CARTESIAN_POINT('',(-0.545,-0.4,0.405));
#4681 = DIRECTION('',(0.,-1.,0.));
#4682 = DIRECTION('',(0.,0.,1.));
#4683 = ORIENTED_EDGE('',*,*,#4684,.F.);
#4684 = EDGE_CURVE('',#4685,#4676,#4687,.T.);
#4685 = VERTEX_POINT('',#4686);
#4686 = CARTESIAN_POINT('',(-0.755,-0.4,0.405));
#4687 = LINE('',#4688,#4689);
#4688 = CARTESIAN_POINT('',(-0.755,-0.4,0.405));
#4689 = VECTOR('',#4690,1.);
#4690 = DIRECTION('',(1.,0.,0.));
#4691 = ORIENTED_EDGE('',*,*,#4692,.F.);
#4692 = EDGE_CURVE('',#4693,#4685,#4695,.T.);
#4693 = VERTEX_POINT('',#4694);
#4694 = CARTESIAN_POINT('',(-0.755,-0.4,4.5E-02));
#4695 = LINE('',#4696,#4697);
#4696 = CARTESIAN_POINT('',(-0.755,-0.4,4.5E-02));
#4697 = VECTOR('',#4698,1.);
#4698 = DIRECTION('',(0.,0.,1.));
#4699 = ORIENTED_EDGE('',*,*,#4700,.T.);
#4700 = EDGE_CURVE('',#4693,#4701,#4703,.T.);
#4701 = VERTEX_POINT('',#4702);
#4702 = CARTESIAN_POINT('',(-0.5,-0.4,4.5E-02));
#4703 = LINE('',#4704,#4705);
#4704 = CARTESIAN_POINT('',(-0.755,-0.4,4.5E-02));
#4705 = VECTOR('',#4706,1.);
#4706 = DIRECTION('',(1.,0.,0.));
#4707 = ORIENTED_EDGE('',*,*,#4708,.T.);
#4708 = EDGE_CURVE('',#4701,#4643,#4709,.T.);
#4709 = CIRCLE('',#4710,4.5E-02);
#4710 = AXIS2_PLACEMENT_3D('',#4711,#4712,#4713);
#4711 = CARTESIAN_POINT('',(-0.545,-0.4,4.5E-02));
#4712 = DIRECTION('',(0.,1.,0.));
#4713 = DIRECTION('',(0.,-0.,1.));
#4714 = PLANE('',#4715);
#4715 = AXIS2_PLACEMENT_3D('',#4716,#4717,#4718);
#4716 = CARTESIAN_POINT('',(-0.8,-0.4,0.));
#4717 = DIRECTION('',(0.,1.,0.));
#4718 = DIRECTION('',(0.,-0.,1.));
#4719 = ADVANCED_FACE('',(#4720),#4739,.T.);
#4720 = FACE_BOUND('',#4721,.T.);
#4721 = EDGE_LOOP('',(#4722,#4723,#4732,#4738));
#4722 = ORIENTED_EDGE('',*,*,#4610,.T.);
#4723 = ORIENTED_EDGE('',*,*,#4724,.T.);
#4724 = EDGE_CURVE('',#4611,#4725,#4727,.T.);
#4725 = VERTEX_POINT('',#4726);
#4726 = CARTESIAN_POINT('',(-0.755,0.4,-2.775557561563E-17));
#4727 = CIRCLE('',#4728,4.5E-02);
#4728 = AXIS2_PLACEMENT_3D('',#4729,#4730,#4731);
#4729 = CARTESIAN_POINT('',(-0.755,0.4,4.5E-02));
#4730 = DIRECTION('',(0.,-1.,0.));
#4731 = DIRECTION('',(0.,0.,1.));
#4732 = ORIENTED_EDGE('',*,*,#4733,.F.);
#4733 = EDGE_CURVE('',#4641,#4725,#4734,.T.);
#4734 = LINE('',#4735,#4736);
#4735 = CARTESIAN_POINT('',(-0.755,-0.4,-2.775557561563E-17));
#4736 = VECTOR('',#4737,1.);
#4737 = DIRECTION('',(0.,1.,0.));
#4738 = ORIENTED_EDGE('',*,*,#4650,.F.);
#4739 = CYLINDRICAL_SURFACE('',#4740,4.5E-02);
#4740 = AXIS2_PLACEMENT_3D('',#4741,#4742,#4743);
#4741 = CARTESIAN_POINT('',(-0.755,-0.4,4.5E-02));
#4742 = DIRECTION('',(0.,1.,0.));
#4743 = DIRECTION('',(-1.,0.,0.));
#4744 = ADVANCED_FACE('',(#4745),#4764,.T.);
#4745 = FACE_BOUND('',#4746,.T.);
#4746 = EDGE_LOOP('',(#4747,#4748,#4756,#4763));
#4747 = ORIENTED_EDGE('',*,*,#4658,.T.);
#4748 = ORIENTED_EDGE('',*,*,#4749,.T.);
#4749 = EDGE_CURVE('',#4659,#4750,#4752,.T.);
#4750 = VERTEX_POINT('',#4751);
#4751 = CARTESIAN_POINT('',(-0.755,0.4,0.45));
#4752 = LINE('',#4753,#4754);
#4753 = CARTESIAN_POINT('',(-0.755,-0.4,0.45));
#4754 = VECTOR('',#4755,1.);
#4755 = DIRECTION('',(0.,1.,0.));
#4756 = ORIENTED_EDGE('',*,*,#4757,.F.);
#4757 = EDGE_CURVE('',#4619,#4750,#4758,.T.);
#4758 = CIRCLE('',#4759,4.5E-02);
#4759 = AXIS2_PLACEMENT_3D('',#4760,#4761,#4762);
#4760 = CARTESIAN_POINT('',(-0.755,0.4,0.405));
#4761 = DIRECTION('',(0.,1.,0.));
#4762 = DIRECTION('',(0.,-0.,1.));
#4763 = ORIENTED_EDGE('',*,*,#4626,.F.);
#4764 = CYLINDRICAL_SURFACE('',#4765,4.5E-02);
#4765 = AXIS2_PLACEMENT_3D('',#4766,#4767,#4768);
#4766 = CARTESIAN_POINT('',(-0.755,-0.4,0.405));
#4767 = DIRECTION('',(0.,1.,0.));
#4768 = DIRECTION('',(-1.,0.,0.));
#4769 = ADVANCED_FACE('',(#4770),#4831,.T.);
#4770 = FACE_BOUND('',#4771,.T.);
#4771 = EDGE_LOOP('',(#4772,#4780,#4781,#4782,#4783,#4791,#4800,#4808,
    #4816,#4824));
#4772 = ORIENTED_EDGE('',*,*,#4773,.F.);
#4773 = EDGE_CURVE('',#4725,#4774,#4776,.T.);
#4774 = VERTEX_POINT('',#4775);
#4775 = CARTESIAN_POINT('',(-0.545,0.4,-2.775557561563E-17));
#4776 = LINE('',#4777,#4778);
#4777 = CARTESIAN_POINT('',(-0.8,0.4,0.));
#4778 = VECTOR('',#4779,1.);
#4779 = DIRECTION('',(1.,0.,0.));
#4780 = ORIENTED_EDGE('',*,*,#4724,.F.);
#4781 = ORIENTED_EDGE('',*,*,#4618,.T.);
#4782 = ORIENTED_EDGE('',*,*,#4757,.T.);
#4783 = ORIENTED_EDGE('',*,*,#4784,.T.);
#4784 = EDGE_CURVE('',#4750,#4785,#4787,.T.);
#4785 = VERTEX_POINT('',#4786);
#4786 = CARTESIAN_POINT('',(-0.545,0.4,0.45));
#4787 = LINE('',#4788,#4789);
#4788 = CARTESIAN_POINT('',(-0.8,0.4,0.45));
#4789 = VECTOR('',#4790,1.);
#4790 = DIRECTION('',(1.,0.,0.));
#4791 = ORIENTED_EDGE('',*,*,#4792,.F.);
#4792 = EDGE_CURVE('',#4793,#4785,#4795,.T.);
#4793 = VERTEX_POINT('',#4794);
#4794 = CARTESIAN_POINT('',(-0.5,0.4,0.405));
#4795 = CIRCLE('',#4796,4.5E-02);
#4796 = AXIS2_PLACEMENT_3D('',#4797,#4798,#4799);
#4797 = CARTESIAN_POINT('',(-0.545,0.4,0.405));
#4798 = DIRECTION('',(0.,-1.,0.));
#4799 = DIRECTION('',(0.,0.,1.));
#4800 = ORIENTED_EDGE('',*,*,#4801,.F.);
#4801 = EDGE_CURVE('',#4802,#4793,#4804,.T.);
#4802 = VERTEX_POINT('',#4803);
#4803 = CARTESIAN_POINT('',(-0.755,0.4,0.405));
#4804 = LINE('',#4805,#4806);
#4805 = CARTESIAN_POINT('',(-0.755,0.4,0.405));
#4806 = VECTOR('',#4807,1.);
#4807 = DIRECTION('',(1.,0.,0.));
#4808 = ORIENTED_EDGE('',*,*,#4809,.F.);
#4809 = EDGE_CURVE('',#4810,#4802,#4812,.T.);
#4810 = VERTEX_POINT('',#4811);
#4811 = CARTESIAN_POINT('',(-0.755,0.4,4.5E-02));
#4812 = LINE('',#4813,#4814);
#4813 = CARTESIAN_POINT('',(-0.755,0.4,4.5E-02));
#4814 = VECTOR('',#4815,1.);
#4815 = DIRECTION('',(0.,0.,1.));
#4816 = ORIENTED_EDGE('',*,*,#4817,.T.);
#4817 = EDGE_CURVE('',#4810,#4818,#4820,.T.);
#4818 = VERTEX_POINT('',#4819);
#4819 = CARTESIAN_POINT('',(-0.5,0.4,4.5E-02));
#4820 = LINE('',#4821,#4822);
#4821 = CARTESIAN_POINT('',(-0.755,0.4,4.5E-02));
#4822 = VECTOR('',#4823,1.);
#4823 = DIRECTION('',(1.,0.,0.));
#4824 = ORIENTED_EDGE('',*,*,#4825,.T.);
#4825 = EDGE_CURVE('',#4818,#4774,#4826,.T.);
#4826 = CIRCLE('',#4827,4.5E-02);
#4827 = AXIS2_PLACEMENT_3D('',#4828,#4829,#4830);
#4828 = CARTESIAN_POINT('',(-0.545,0.4,4.5E-02));
#4829 = DIRECTION('',(0.,1.,0.));
#4830 = DIRECTION('',(0.,-0.,1.));
#4831 = PLANE('',#4832);
#4832 = AXIS2_PLACEMENT_3D('',#4833,#4834,#4835);
#4833 = CARTESIAN_POINT('',(-0.8,0.4,0.));
#4834 = DIRECTION('',(0.,1.,0.));
#4835 = DIRECTION('',(0.,-0.,1.));
#4836 = ADVANCED_FACE('',(#4837),#4848,.F.);
#4837 = FACE_BOUND('',#4838,.F.);
#4838 = EDGE_LOOP('',(#4839,#4840,#4841,#4842));
#4839 = ORIENTED_EDGE('',*,*,#4773,.F.);
#4840 = ORIENTED_EDGE('',*,*,#4733,.F.);
#4841 = ORIENTED_EDGE('',*,*,#4640,.T.);
#4842 = ORIENTED_EDGE('',*,*,#4843,.T.);
#4843 = EDGE_CURVE('',#4643,#4774,#4844,.T.);
#4844 = LINE('',#4845,#4846);
#4845 = CARTESIAN_POINT('',(-0.545,-0.4,-2.775557561563E-17));
#4846 = VECTOR('',#4847,1.);
#4847 = DIRECTION('',(0.,1.,0.));
#4848 = PLANE('',#4849);
#4849 = AXIS2_PLACEMENT_3D('',#4850,#4851,#4852);
#4850 = CARTESIAN_POINT('',(-0.8,-0.4,0.));
#4851 = DIRECTION('',(0.,0.,1.));
#4852 = DIRECTION('',(1.,0.,-0.));
#4853 = ADVANCED_FACE('',(#4854),#4865,.T.);
#4854 = FACE_BOUND('',#4855,.T.);
#4855 = EDGE_LOOP('',(#4856,#4857,#4858,#4859));
#4856 = ORIENTED_EDGE('',*,*,#4708,.T.);
#4857 = ORIENTED_EDGE('',*,*,#4843,.T.);
#4858 = ORIENTED_EDGE('',*,*,#4825,.F.);
#4859 = ORIENTED_EDGE('',*,*,#4860,.F.);
#4860 = EDGE_CURVE('',#4701,#4818,#4861,.T.);
#4861 = LINE('',#4862,#4863);
#4862 = CARTESIAN_POINT('',(-0.5,-0.4,4.5E-02));
#4863 = VECTOR('',#4864,1.);
#4864 = DIRECTION('',(0.,1.,0.));
#4865 = CYLINDRICAL_SURFACE('',#4866,4.5E-02);
#4866 = AXIS2_PLACEMENT_3D('',#4867,#4868,#4869);
#4867 = CARTESIAN_POINT('',(-0.545,-0.4,4.5E-02));
#4868 = DIRECTION('',(0.,1.,0.));
#4869 = DIRECTION('',(1.,0.,0.));
#4870 = ADVANCED_FACE('',(#4871),#4914,.F.);
#4871 = FACE_BOUND('',#4872,.F.);
#4872 = EDGE_LOOP('',(#4873,#4874,#4875,#4876,#4884,#4892,#4900,#4908));
#4873 = ORIENTED_EDGE('',*,*,#4700,.F.);
#4874 = ORIENTED_EDGE('',*,*,#4692,.T.);
#4875 = ORIENTED_EDGE('',*,*,#4684,.T.);
#4876 = ORIENTED_EDGE('',*,*,#4877,.T.);
#4877 = EDGE_CURVE('',#4676,#4878,#4880,.T.);
#4878 = VERTEX_POINT('',#4879);
#4879 = CARTESIAN_POINT('',(0.5,-0.4,0.405));
#4880 = LINE('',#4881,#4882);
#4881 = CARTESIAN_POINT('',(-0.5,-0.4,0.405));
#4882 = VECTOR('',#4883,1.);
#4883 = DIRECTION('',(1.,0.,0.));
#4884 = ORIENTED_EDGE('',*,*,#4885,.T.);
#4885 = EDGE_CURVE('',#4878,#4886,#4888,.T.);
#4886 = VERTEX_POINT('',#4887);
#4887 = CARTESIAN_POINT('',(0.755,-0.4,0.405));
#4888 = LINE('',#4889,#4890);
#4889 = CARTESIAN_POINT('',(-0.755,-0.4,0.405));
#4890 = VECTOR('',#4891,1.);
#4891 = DIRECTION('',(1.,0.,0.));
#4892 = ORIENTED_EDGE('',*,*,#4893,.F.);
#4893 = EDGE_CURVE('',#4894,#4886,#4896,.T.);
#4894 = VERTEX_POINT('',#4895);
#4895 = CARTESIAN_POINT('',(0.755,-0.4,4.5E-02));
#4896 = LINE('',#4897,#4898);
#4897 = CARTESIAN_POINT('',(0.755,-0.4,4.5E-02));
#4898 = VECTOR('',#4899,1.);
#4899 = DIRECTION('',(0.,0.,1.));
#4900 = ORIENTED_EDGE('',*,*,#4901,.F.);
#4901 = EDGE_CURVE('',#4902,#4894,#4904,.T.);
#4902 = VERTEX_POINT('',#4903);
#4903 = CARTESIAN_POINT('',(0.5,-0.4,4.5E-02));
#4904 = LINE('',#4905,#4906);
#4905 = CARTESIAN_POINT('',(-0.755,-0.4,4.5E-02));
#4906 = VECTOR('',#4907,1.);
#4907 = DIRECTION('',(1.,0.,0.));
#4908 = ORIENTED_EDGE('',*,*,#4909,.F.);
#4909 = EDGE_CURVE('',#4701,#4902,#4910,.T.);
#4910 = LINE('',#4911,#4912);
#4911 = CARTESIAN_POINT('',(-0.755,-0.4,4.5E-02));
#4912 = VECTOR('',#4913,1.);
#4913 = DIRECTION('',(1.,0.,0.));
#4914 = PLANE('',#4915);
#4915 = AXIS2_PLACEMENT_3D('',#4916,#4917,#4918);
#4916 = CARTESIAN_POINT('',(-0.755,-0.4,4.5E-02));
#4917 = DIRECTION('',(0.,1.,0.));
#4918 = DIRECTION('',(0.,-0.,1.));
#4919 = ADVANCED_FACE('',(#4920),#4931,.T.);
#4920 = FACE_BOUND('',#4921,.T.);
#4921 = EDGE_LOOP('',(#4922,#4923,#4924,#4925));
#4922 = ORIENTED_EDGE('',*,*,#4784,.F.);
#4923 = ORIENTED_EDGE('',*,*,#4749,.F.);
#4924 = ORIENTED_EDGE('',*,*,#4667,.T.);
#4925 = ORIENTED_EDGE('',*,*,#4926,.T.);
#4926 = EDGE_CURVE('',#4668,#4785,#4927,.T.);
#4927 = LINE('',#4928,#4929);
#4928 = CARTESIAN_POINT('',(-0.545,-0.4,0.45));
#4929 = VECTOR('',#4930,1.);
#4930 = DIRECTION('',(0.,1.,0.));
#4931 = PLANE('',#4932);
#4932 = AXIS2_PLACEMENT_3D('',#4933,#4934,#4935);
#4933 = CARTESIAN_POINT('',(-0.8,-0.4,0.45));
#4934 = DIRECTION('',(0.,0.,1.));
#4935 = DIRECTION('',(1.,0.,-0.));
#4936 = ADVANCED_FACE('',(#4937),#4948,.T.);
#4937 = FACE_BOUND('',#4938,.T.);
#4938 = EDGE_LOOP('',(#4939,#4945,#4946,#4947));
#4939 = ORIENTED_EDGE('',*,*,#4940,.T.);
#4940 = EDGE_CURVE('',#4676,#4793,#4941,.T.);
#4941 = LINE('',#4942,#4943);
#4942 = CARTESIAN_POINT('',(-0.5,-0.4,0.405));
#4943 = VECTOR('',#4944,1.);
#4944 = DIRECTION('',(0.,1.,0.));
#4945 = ORIENTED_EDGE('',*,*,#4792,.T.);
#4946 = ORIENTED_EDGE('',*,*,#4926,.F.);
#4947 = ORIENTED_EDGE('',*,*,#4675,.F.);
#4948 = CYLINDRICAL_SURFACE('',#4949,4.5E-02);
#4949 = AXIS2_PLACEMENT_3D('',#4950,#4951,#4952);
#4950 = CARTESIAN_POINT('',(-0.545,-0.4,0.405));
#4951 = DIRECTION('',(0.,1.,0.));
#4952 = DIRECTION('',(1.,0.,0.));
#4953 = ADVANCED_FACE('',(#4954),#4997,.T.);
#4954 = FACE_BOUND('',#4955,.T.);
#4955 = EDGE_LOOP('',(#4956,#4957,#4958,#4959,#4967,#4975,#4983,#4991));
#4956 = ORIENTED_EDGE('',*,*,#4817,.F.);
#4957 = ORIENTED_EDGE('',*,*,#4809,.T.);
#4958 = ORIENTED_EDGE('',*,*,#4801,.T.);
#4959 = ORIENTED_EDGE('',*,*,#4960,.T.);
#4960 = EDGE_CURVE('',#4793,#4961,#4963,.T.);
#4961 = VERTEX_POINT('',#4962);
#4962 = CARTESIAN_POINT('',(0.5,0.4,0.405));
#4963 = LINE('',#4964,#4965);
#4964 = CARTESIAN_POINT('',(-0.5,0.4,0.405));
#4965 = VECTOR('',#4966,1.);
#4966 = DIRECTION('',(1.,0.,0.));
#4967 = ORIENTED_EDGE('',*,*,#4968,.T.);
#4968 = EDGE_CURVE('',#4961,#4969,#4971,.T.);
#4969 = VERTEX_POINT('',#4970);
#4970 = CARTESIAN_POINT('',(0.755,0.4,0.405));
#4971 = LINE('',#4972,#4973);
#4972 = CARTESIAN_POINT('',(-0.755,0.4,0.405));
#4973 = VECTOR('',#4974,1.);
#4974 = DIRECTION('',(1.,0.,0.));
#4975 = ORIENTED_EDGE('',*,*,#4976,.F.);
#4976 = EDGE_CURVE('',#4977,#4969,#4979,.T.);
#4977 = VERTEX_POINT('',#4978);
#4978 = CARTESIAN_POINT('',(0.755,0.4,4.5E-02));
#4979 = LINE('',#4980,#4981);
#4980 = CARTESIAN_POINT('',(0.755,0.4,4.5E-02));
#4981 = VECTOR('',#4982,1.);
#4982 = DIRECTION('',(0.,0.,1.));
#4983 = ORIENTED_EDGE('',*,*,#4984,.F.);
#4984 = EDGE_CURVE('',#4985,#4977,#4987,.T.);
#4985 = VERTEX_POINT('',#4986);
#4986 = CARTESIAN_POINT('',(0.5,0.4,4.5E-02));
#4987 = LINE('',#4988,#4989);
#4988 = CARTESIAN_POINT('',(-0.755,0.4,4.5E-02));
#4989 = VECTOR('',#4990,1.);
#4990 = DIRECTION('',(1.,0.,0.));
#4991 = ORIENTED_EDGE('',*,*,#4992,.F.);
#4992 = EDGE_CURVE('',#4818,#4985,#4993,.T.);
#4993 = LINE('',#4994,#4995);
#4994 = CARTESIAN_POINT('',(-0.755,0.4,4.5E-02));
#4995 = VECTOR('',#4996,1.);
#4996 = DIRECTION('',(1.,0.,0.));
#4997 = PLANE('',#4998);
#4998 = AXIS2_PLACEMENT_3D('',#4999,#5000,#5001);
#4999 = CARTESIAN_POINT('',(-0.755,0.4,4.5E-02));
#5000 = DIRECTION('',(0.,1.,0.));
#5001 = DIRECTION('',(0.,-0.,1.));
#5002 = ADVANCED_FACE('',(#5003),#5014,.F.);
#5003 = FACE_BOUND('',#5004,.F.);
#5004 = EDGE_LOOP('',(#5005,#5006,#5007,#5013));
#5005 = ORIENTED_EDGE('',*,*,#4860,.F.);
#5006 = ORIENTED_EDGE('',*,*,#4909,.T.);
#5007 = ORIENTED_EDGE('',*,*,#5008,.T.);
#5008 = EDGE_CURVE('',#4902,#4985,#5009,.T.);
#5009 = LINE('',#5010,#5011);
#5010 = CARTESIAN_POINT('',(0.5,-0.4,4.5E-02));
#5011 = VECTOR('',#5012,1.);
#5012 = DIRECTION('',(0.,1.,0.));
#5013 = ORIENTED_EDGE('',*,*,#4992,.F.);
#5014 = PLANE('',#5015);
#5015 = AXIS2_PLACEMENT_3D('',#5016,#5017,#5018);
#5016 = CARTESIAN_POINT('',(-0.755,-0.4,4.5E-02));
#5017 = DIRECTION('',(0.,0.,1.));
#5018 = DIRECTION('',(1.,0.,-0.));
#5019 = ADVANCED_FACE('',(#5020),#5083,.F.);
#5020 = FACE_BOUND('',#5021,.F.);
#5021 = EDGE_LOOP('',(#5022,#5032,#5039,#5040,#5041,#5042,#5051,#5059,
    #5068,#5076));
#5022 = ORIENTED_EDGE('',*,*,#5023,.F.);
#5023 = EDGE_CURVE('',#5024,#5026,#5028,.T.);
#5024 = VERTEX_POINT('',#5025);
#5025 = CARTESIAN_POINT('',(0.545,-0.4,-2.775557561563E-17));
#5026 = VERTEX_POINT('',#5027);
#5027 = CARTESIAN_POINT('',(0.755,-0.4,-2.775557561563E-17));
#5028 = LINE('',#5029,#5030);
#5029 = CARTESIAN_POINT('',(0.5,-0.4,0.));
#5030 = VECTOR('',#5031,1.);
#5031 = DIRECTION('',(1.,0.,0.));
#5032 = ORIENTED_EDGE('',*,*,#5033,.F.);
#5033 = EDGE_CURVE('',#4902,#5024,#5034,.T.);
#5034 = CIRCLE('',#5035,4.5E-02);
#5035 = AXIS2_PLACEMENT_3D('',#5036,#5037,#5038);
#5036 = CARTESIAN_POINT('',(0.545,-0.4,4.5E-02));
#5037 = DIRECTION('',(0.,-1.,0.));
#5038 = DIRECTION('',(0.,0.,1.));
#5039 = ORIENTED_EDGE('',*,*,#4901,.T.);
#5040 = ORIENTED_EDGE('',*,*,#4893,.T.);
#5041 = ORIENTED_EDGE('',*,*,#4885,.F.);
#5042 = ORIENTED_EDGE('',*,*,#5043,.T.);
#5043 = EDGE_CURVE('',#4878,#5044,#5046,.T.);
#5044 = VERTEX_POINT('',#5045);
#5045 = CARTESIAN_POINT('',(0.545,-0.4,0.45));
#5046 = CIRCLE('',#5047,4.5E-02);
#5047 = AXIS2_PLACEMENT_3D('',#5048,#5049,#5050);
#5048 = CARTESIAN_POINT('',(0.545,-0.4,0.405));
#5049 = DIRECTION('',(0.,1.,0.));
#5050 = DIRECTION('',(0.,-0.,1.));
#5051 = ORIENTED_EDGE('',*,*,#5052,.T.);
#5052 = EDGE_CURVE('',#5044,#5053,#5055,.T.);
#5053 = VERTEX_POINT('',#5054);
#5054 = CARTESIAN_POINT('',(0.755,-0.4,0.45));
#5055 = LINE('',#5056,#5057);
#5056 = CARTESIAN_POINT('',(0.5,-0.4,0.45));
#5057 = VECTOR('',#5058,1.);
#5058 = DIRECTION('',(1.,0.,0.));
#5059 = ORIENTED_EDGE('',*,*,#5060,.F.);
#5060 = EDGE_CURVE('',#5061,#5053,#5063,.T.);
#5061 = VERTEX_POINT('',#5062);
#5062 = CARTESIAN_POINT('',(0.8,-0.4,0.405));
#5063 = CIRCLE('',#5064,4.5E-02);
#5064 = AXIS2_PLACEMENT_3D('',#5065,#5066,#5067);
#5065 = CARTESIAN_POINT('',(0.755,-0.4,0.405));
#5066 = DIRECTION('',(0.,-1.,0.));
#5067 = DIRECTION('',(0.,0.,1.));
#5068 = ORIENTED_EDGE('',*,*,#5069,.F.);
#5069 = EDGE_CURVE('',#5070,#5061,#5072,.T.);
#5070 = VERTEX_POINT('',#5071);
#5071 = CARTESIAN_POINT('',(0.8,-0.4,4.5E-02));
#5072 = LINE('',#5073,#5074);
#5073 = CARTESIAN_POINT('',(0.8,-0.4,0.));
#5074 = VECTOR('',#5075,1.);
#5075 = DIRECTION('',(0.,0.,1.));
#5076 = ORIENTED_EDGE('',*,*,#5077,.T.);
#5077 = EDGE_CURVE('',#5070,#5026,#5078,.T.);
#5078 = CIRCLE('',#5079,4.5E-02);
#5079 = AXIS2_PLACEMENT_3D('',#5080,#5081,#5082);
#5080 = CARTESIAN_POINT('',(0.755,-0.4,4.5E-02));
#5081 = DIRECTION('',(0.,1.,0.));
#5082 = DIRECTION('',(0.,-0.,1.));
#5083 = PLANE('',#5084);
#5084 = AXIS2_PLACEMENT_3D('',#5085,#5086,#5087);
#5085 = CARTESIAN_POINT('',(0.5,-0.4,0.));
#5086 = DIRECTION('',(0.,1.,0.));
#5087 = DIRECTION('',(0.,-0.,1.));
#5088 = ADVANCED_FACE('',(#5089),#5114,.F.);
#5089 = FACE_BOUND('',#5090,.F.);
#5090 = EDGE_LOOP('',(#5091,#5092,#5100,#5108));
#5091 = ORIENTED_EDGE('',*,*,#4877,.F.);
#5092 = ORIENTED_EDGE('',*,*,#5093,.T.);
#5093 = EDGE_CURVE('',#4676,#5094,#5096,.T.);
#5094 = VERTEX_POINT('',#5095);
#5095 = CARTESIAN_POINT('',(-0.5,-0.4,0.45));
#5096 = LINE('',#5097,#5098);
#5097 = CARTESIAN_POINT('',(-0.5,-0.4,0.405));
#5098 = VECTOR('',#5099,1.);
#5099 = DIRECTION('',(0.,0.,1.));
#5100 = ORIENTED_EDGE('',*,*,#5101,.T.);
#5101 = EDGE_CURVE('',#5094,#5102,#5104,.T.);
#5102 = VERTEX_POINT('',#5103);
#5103 = CARTESIAN_POINT('',(0.5,-0.4,0.45));
#5104 = LINE('',#5105,#5106);
#5105 = CARTESIAN_POINT('',(-0.5,-0.4,0.45));
#5106 = VECTOR('',#5107,1.);
#5107 = DIRECTION('',(1.,0.,0.));
#5108 = ORIENTED_EDGE('',*,*,#5109,.F.);
#5109 = EDGE_CURVE('',#4878,#5102,#5110,.T.);
#5110 = LINE('',#5111,#5112);
#5111 = CARTESIAN_POINT('',(0.5,-0.4,0.405));
#5112 = VECTOR('',#5113,1.);
#5113 = DIRECTION('',(0.,0.,1.));
#5114 = PLANE('',#5115);
#5115 = AXIS2_PLACEMENT_3D('',#5116,#5117,#5118);
#5116 = CARTESIAN_POINT('',(-0.5,-0.4,0.405));
#5117 = DIRECTION('',(0.,1.,0.));
#5118 = DIRECTION('',(0.,-0.,1.));
#5119 = ADVANCED_FACE('',(#5120),#5138,.F.);
#5120 = FACE_BOUND('',#5121,.F.);
#5121 = EDGE_LOOP('',(#5122,#5123,#5124,#5132));
#5122 = ORIENTED_EDGE('',*,*,#5093,.F.);
#5123 = ORIENTED_EDGE('',*,*,#4940,.T.);
#5124 = ORIENTED_EDGE('',*,*,#5125,.T.);
#5125 = EDGE_CURVE('',#4793,#5126,#5128,.T.);
#5126 = VERTEX_POINT('',#5127);
#5127 = CARTESIAN_POINT('',(-0.5,0.4,0.45));
#5128 = LINE('',#5129,#5130);
#5129 = CARTESIAN_POINT('',(-0.5,0.4,0.405));
#5130 = VECTOR('',#5131,1.);
#5131 = DIRECTION('',(0.,0.,1.));
#5132 = ORIENTED_EDGE('',*,*,#5133,.F.);
#5133 = EDGE_CURVE('',#5094,#5126,#5134,.T.);
#5134 = LINE('',#5135,#5136);
#5135 = CARTESIAN_POINT('',(-0.5,-0.4,0.45));
#5136 = VECTOR('',#5137,1.);
#5137 = DIRECTION('',(0.,1.,0.));
#5138 = PLANE('',#5139);
#5139 = AXIS2_PLACEMENT_3D('',#5140,#5141,#5142);
#5140 = CARTESIAN_POINT('',(-0.5,-0.4,0.405));
#5141 = DIRECTION('',(1.,0.,0.));
#5142 = DIRECTION('',(0.,0.,1.));
#5143 = ADVANCED_FACE('',(#5144),#5207,.T.);
#5144 = FACE_BOUND('',#5145,.T.);
#5145 = EDGE_LOOP('',(#5146,#5156,#5163,#5164,#5165,#5166,#5175,#5183,
    #5192,#5200));
#5146 = ORIENTED_EDGE('',*,*,#5147,.F.);
#5147 = EDGE_CURVE('',#5148,#5150,#5152,.T.);
#5148 = VERTEX_POINT('',#5149);
#5149 = CARTESIAN_POINT('',(0.545,0.4,-2.775557561563E-17));
#5150 = VERTEX_POINT('',#5151);
#5151 = CARTESIAN_POINT('',(0.755,0.4,-2.775557561563E-17));
#5152 = LINE('',#5153,#5154);
#5153 = CARTESIAN_POINT('',(0.5,0.4,0.));
#5154 = VECTOR('',#5155,1.);
#5155 = DIRECTION('',(1.,0.,0.));
#5156 = ORIENTED_EDGE('',*,*,#5157,.F.);
#5157 = EDGE_CURVE('',#4985,#5148,#5158,.T.);
#5158 = CIRCLE('',#5159,4.5E-02);
#5159 = AXIS2_PLACEMENT_3D('',#5160,#5161,#5162);
#5160 = CARTESIAN_POINT('',(0.545,0.4,4.5E-02));
#5161 = DIRECTION('',(0.,-1.,0.));
#5162 = DIRECTION('',(0.,0.,1.));
#5163 = ORIENTED_EDGE('',*,*,#4984,.T.);
#5164 = ORIENTED_EDGE('',*,*,#4976,.T.);
#5165 = ORIENTED_EDGE('',*,*,#4968,.F.);
#5166 = ORIENTED_EDGE('',*,*,#5167,.T.);
#5167 = EDGE_CURVE('',#4961,#5168,#5170,.T.);
#5168 = VERTEX_POINT('',#5169);
#5169 = CARTESIAN_POINT('',(0.545,0.4,0.45));
#5170 = CIRCLE('',#5171,4.5E-02);
#5171 = AXIS2_PLACEMENT_3D('',#5172,#5173,#5174);
#5172 = CARTESIAN_POINT('',(0.545,0.4,0.405));
#5173 = DIRECTION('',(0.,1.,0.));
#5174 = DIRECTION('',(0.,-0.,1.));
#5175 = ORIENTED_EDGE('',*,*,#5176,.T.);
#5176 = EDGE_CURVE('',#5168,#5177,#5179,.T.);
#5177 = VERTEX_POINT('',#5178);
#5178 = CARTESIAN_POINT('',(0.755,0.4,0.45));
#5179 = LINE('',#5180,#5181);
#5180 = CARTESIAN_POINT('',(0.5,0.4,0.45));
#5181 = VECTOR('',#5182,1.);
#5182 = DIRECTION('',(1.,0.,0.));
#5183 = ORIENTED_EDGE('',*,*,#5184,.F.);
#5184 = EDGE_CURVE('',#5185,#5177,#5187,.T.);
#5185 = VERTEX_POINT('',#5186);
#5186 = CARTESIAN_POINT('',(0.8,0.4,0.405));
#5187 = CIRCLE('',#5188,4.5E-02);
#5188 = AXIS2_PLACEMENT_3D('',#5189,#5190,#5191);
#5189 = CARTESIAN_POINT('',(0.755,0.4,0.405));
#5190 = DIRECTION('',(0.,-1.,0.));
#5191 = DIRECTION('',(0.,0.,1.));
#5192 = ORIENTED_EDGE('',*,*,#5193,.F.);
#5193 = EDGE_CURVE('',#5194,#5185,#5196,.T.);
#5194 = VERTEX_POINT('',#5195);
#5195 = CARTESIAN_POINT('',(0.8,0.4,4.5E-02));
#5196 = LINE('',#5197,#5198);
#5197 = CARTESIAN_POINT('',(0.8,0.4,0.));
#5198 = VECTOR('',#5199,1.);
#5199 = DIRECTION('',(0.,0.,1.));
#5200 = ORIENTED_EDGE('',*,*,#5201,.T.);
#5201 = EDGE_CURVE('',#5194,#5150,#5202,.T.);
#5202 = CIRCLE('',#5203,4.5E-02);
#5203 = AXIS2_PLACEMENT_3D('',#5204,#5205,#5206);
#5204 = CARTESIAN_POINT('',(0.755,0.4,4.5E-02));
#5205 = DIRECTION('',(0.,1.,0.));
#5206 = DIRECTION('',(0.,-0.,1.));
#5207 = PLANE('',#5208);
#5208 = AXIS2_PLACEMENT_3D('',#5209,#5210,#5211);
#5209 = CARTESIAN_POINT('',(0.5,0.4,0.));
#5210 = DIRECTION('',(0.,1.,0.));
#5211 = DIRECTION('',(0.,-0.,1.));
#5212 = ADVANCED_FACE('',(#5213),#5231,.T.);
#5213 = FACE_BOUND('',#5214,.T.);
#5214 = EDGE_LOOP('',(#5215,#5216,#5217,#5225));
#5215 = ORIENTED_EDGE('',*,*,#4960,.F.);
#5216 = ORIENTED_EDGE('',*,*,#5125,.T.);
#5217 = ORIENTED_EDGE('',*,*,#5218,.T.);
#5218 = EDGE_CURVE('',#5126,#5219,#5221,.T.);
#5219 = VERTEX_POINT('',#5220);
#5220 = CARTESIAN_POINT('',(0.5,0.4,0.45));
#5221 = LINE('',#5222,#5223);
#5222 = CARTESIAN_POINT('',(-0.5,0.4,0.45));
#5223 = VECTOR('',#5224,1.);
#5224 = DIRECTION('',(1.,0.,0.));
#5225 = ORIENTED_EDGE('',*,*,#5226,.F.);
#5226 = EDGE_CURVE('',#4961,#5219,#5227,.T.);
#5227 = LINE('',#5228,#5229);
#5228 = CARTESIAN_POINT('',(0.5,0.4,0.405));
#5229 = VECTOR('',#5230,1.);
#5230 = DIRECTION('',(0.,0.,1.));
#5231 = PLANE('',#5232);
#5232 = AXIS2_PLACEMENT_3D('',#5233,#5234,#5235);
#5233 = CARTESIAN_POINT('',(-0.5,0.4,0.405));
#5234 = DIRECTION('',(0.,1.,0.));
#5235 = DIRECTION('',(0.,-0.,1.));
#5236 = ADVANCED_FACE('',(#5237),#5248,.T.);
#5237 = FACE_BOUND('',#5238,.T.);
#5238 = EDGE_LOOP('',(#5239,#5240,#5241,#5247));
#5239 = ORIENTED_EDGE('',*,*,#5008,.T.);
#5240 = ORIENTED_EDGE('',*,*,#5157,.T.);
#5241 = ORIENTED_EDGE('',*,*,#5242,.F.);
#5242 = EDGE_CURVE('',#5024,#5148,#5243,.T.);
#5243 = LINE('',#5244,#5245);
#5244 = CARTESIAN_POINT('',(0.545,-0.4,-2.775557561563E-17));
#5245 = VECTOR('',#5246,1.);
#5246 = DIRECTION('',(0.,1.,0.));
#5247 = ORIENTED_EDGE('',*,*,#5033,.F.);
#5248 = CYLINDRICAL_SURFACE('',#5249,4.5E-02);
#5249 = AXIS2_PLACEMENT_3D('',#5250,#5251,#5252);
#5250 = CARTESIAN_POINT('',(0.545,-0.4,4.5E-02));
#5251 = DIRECTION('',(0.,1.,0.));
#5252 = DIRECTION('',(-1.,0.,0.));
#5253 = ADVANCED_FACE('',(#5254),#5265,.F.);
#5254 = FACE_BOUND('',#5255,.F.);
#5255 = EDGE_LOOP('',(#5256,#5257,#5258,#5259));
#5256 = ORIENTED_EDGE('',*,*,#5147,.F.);
#5257 = ORIENTED_EDGE('',*,*,#5242,.F.);
#5258 = ORIENTED_EDGE('',*,*,#5023,.T.);
#5259 = ORIENTED_EDGE('',*,*,#5260,.T.);
#5260 = EDGE_CURVE('',#5026,#5150,#5261,.T.);
#5261 = LINE('',#5262,#5263);
#5262 = CARTESIAN_POINT('',(0.755,-0.4,-2.775557561563E-17));
#5263 = VECTOR('',#5264,1.);
#5264 = DIRECTION('',(0.,1.,0.));
#5265 = PLANE('',#5266);
#5266 = AXIS2_PLACEMENT_3D('',#5267,#5268,#5269);
#5267 = CARTESIAN_POINT('',(0.5,-0.4,0.));
#5268 = DIRECTION('',(0.,0.,1.));
#5269 = DIRECTION('',(1.,0.,-0.));
#5270 = ADVANCED_FACE('',(#5271),#5282,.T.);
#5271 = FACE_BOUND('',#5272,.T.);
#5272 = EDGE_LOOP('',(#5273,#5274,#5275,#5276));
#5273 = ORIENTED_EDGE('',*,*,#5077,.T.);
#5274 = ORIENTED_EDGE('',*,*,#5260,.T.);
#5275 = ORIENTED_EDGE('',*,*,#5201,.F.);
#5276 = ORIENTED_EDGE('',*,*,#5277,.F.);
#5277 = EDGE_CURVE('',#5070,#5194,#5278,.T.);
#5278 = LINE('',#5279,#5280);
#5279 = CARTESIAN_POINT('',(0.8,-0.4,4.5E-02));
#5280 = VECTOR('',#5281,1.);
#5281 = DIRECTION('',(0.,1.,0.));
#5282 = CYLINDRICAL_SURFACE('',#5283,4.5E-02);
#5283 = AXIS2_PLACEMENT_3D('',#5284,#5285,#5286);
#5284 = CARTESIAN_POINT('',(0.755,-0.4,4.5E-02));
#5285 = DIRECTION('',(0.,1.,0.));
#5286 = DIRECTION('',(1.,0.,0.));
#5287 = ADVANCED_FACE('',(#5288),#5299,.T.);
#5288 = FACE_BOUND('',#5289,.T.);
#5289 = EDGE_LOOP('',(#5290,#5291,#5292,#5293));
#5290 = ORIENTED_EDGE('',*,*,#5069,.F.);
#5291 = ORIENTED_EDGE('',*,*,#5277,.T.);
#5292 = ORIENTED_EDGE('',*,*,#5193,.T.);
#5293 = ORIENTED_EDGE('',*,*,#5294,.F.);
#5294 = EDGE_CURVE('',#5061,#5185,#5295,.T.);
#5295 = LINE('',#5296,#5297);
#5296 = CARTESIAN_POINT('',(0.8,-0.4,0.405));
#5297 = VECTOR('',#5298,1.);
#5298 = DIRECTION('',(0.,1.,0.));
#5299 = PLANE('',#5300);
#5300 = AXIS2_PLACEMENT_3D('',#5301,#5302,#5303);
#5301 = CARTESIAN_POINT('',(0.8,-0.4,0.));
#5302 = DIRECTION('',(1.,0.,0.));
#5303 = DIRECTION('',(0.,0.,1.));
#5304 = ADVANCED_FACE('',(#5305),#5316,.T.);
#5305 = FACE_BOUND('',#5306,.T.);
#5306 = EDGE_LOOP('',(#5307,#5308,#5309,#5315));
#5307 = ORIENTED_EDGE('',*,*,#5294,.T.);
#5308 = ORIENTED_EDGE('',*,*,#5184,.T.);
#5309 = ORIENTED_EDGE('',*,*,#5310,.F.);
#5310 = EDGE_CURVE('',#5053,#5177,#5311,.T.);
#5311 = LINE('',#5312,#5313);
#5312 = CARTESIAN_POINT('',(0.755,-0.4,0.45));
#5313 = VECTOR('',#5314,1.);
#5314 = DIRECTION('',(0.,1.,0.));
#5315 = ORIENTED_EDGE('',*,*,#5060,.F.);
#5316 = CYLINDRICAL_SURFACE('',#5317,4.5E-02);
#5317 = AXIS2_PLACEMENT_3D('',#5318,#5319,#5320);
#5318 = CARTESIAN_POINT('',(0.755,-0.4,0.405));
#5319 = DIRECTION('',(0.,1.,0.));
#5320 = DIRECTION('',(1.,0.,0.));
#5321 = ADVANCED_FACE('',(#5322),#5333,.T.);
#5322 = FACE_BOUND('',#5323,.T.);
#5323 = EDGE_LOOP('',(#5324,#5325,#5331,#5332));
#5324 = ORIENTED_EDGE('',*,*,#5176,.F.);
#5325 = ORIENTED_EDGE('',*,*,#5326,.F.);
#5326 = EDGE_CURVE('',#5044,#5168,#5327,.T.);
#5327 = LINE('',#5328,#5329);
#5328 = CARTESIAN_POINT('',(0.545,-0.4,0.45));
#5329 = VECTOR('',#5330,1.);
#5330 = DIRECTION('',(0.,1.,0.));
#5331 = ORIENTED_EDGE('',*,*,#5052,.T.);
#5332 = ORIENTED_EDGE('',*,*,#5310,.T.);
#5333 = PLANE('',#5334);
#5334 = AXIS2_PLACEMENT_3D('',#5335,#5336,#5337);
#5335 = CARTESIAN_POINT('',(0.5,-0.4,0.45));
#5336 = DIRECTION('',(0.,0.,1.));
#5337 = DIRECTION('',(1.,0.,-0.));
#5338 = ADVANCED_FACE('',(#5339),#5350,.T.);
#5339 = FACE_BOUND('',#5340,.T.);
#5340 = EDGE_LOOP('',(#5341,#5342,#5343,#5344));
#5341 = ORIENTED_EDGE('',*,*,#5043,.T.);
#5342 = ORIENTED_EDGE('',*,*,#5326,.T.);
#5343 = ORIENTED_EDGE('',*,*,#5167,.F.);
#5344 = ORIENTED_EDGE('',*,*,#5345,.F.);
#5345 = EDGE_CURVE('',#4878,#4961,#5346,.T.);
#5346 = LINE('',#5347,#5348);
#5347 = CARTESIAN_POINT('',(0.5,-0.4,0.405));
#5348 = VECTOR('',#5349,1.);
#5349 = DIRECTION('',(0.,1.,0.));
#5350 = CYLINDRICAL_SURFACE('',#5351,4.5E-02);
#5351 = AXIS2_PLACEMENT_3D('',#5352,#5353,#5354);
#5352 = CARTESIAN_POINT('',(0.545,-0.4,0.405));
#5353 = DIRECTION('',(0.,1.,0.));
#5354 = DIRECTION('',(-1.,0.,0.));
#5355 = ADVANCED_FACE('',(#5356),#5367,.T.);
#5356 = FACE_BOUND('',#5357,.T.);
#5357 = EDGE_LOOP('',(#5358,#5359,#5360,#5361));
#5358 = ORIENTED_EDGE('',*,*,#5109,.F.);
#5359 = ORIENTED_EDGE('',*,*,#5345,.T.);
#5360 = ORIENTED_EDGE('',*,*,#5226,.T.);
#5361 = ORIENTED_EDGE('',*,*,#5362,.F.);
#5362 = EDGE_CURVE('',#5102,#5219,#5363,.T.);
#5363 = LINE('',#5364,#5365);
#5364 = CARTESIAN_POINT('',(0.5,-0.4,0.45));
#5365 = VECTOR('',#5366,1.);
#5366 = DIRECTION('',(0.,1.,0.));
#5367 = PLANE('',#5368);
#5368 = AXIS2_PLACEMENT_3D('',#5369,#5370,#5371);
#5369 = CARTESIAN_POINT('',(0.5,-0.4,0.405));
#5370 = DIRECTION('',(1.,0.,0.));
#5371 = DIRECTION('',(0.,0.,1.));
#5372 = ADVANCED_FACE('',(#5373),#5379,.T.);
#5373 = FACE_BOUND('',#5374,.T.);
#5374 = EDGE_LOOP('',(#5375,#5376,#5377,#5378));
#5375 = ORIENTED_EDGE('',*,*,#5133,.F.);
#5376 = ORIENTED_EDGE('',*,*,#5101,.T.);
#5377 = ORIENTED_EDGE('',*,*,#5362,.T.);
#5378 = ORIENTED_EDGE('',*,*,#5218,.F.);
#5379 = PLANE('',#5380);
#5380 = AXIS2_PLACEMENT_3D('',#5381,#5382,#5383);
#5381 = CARTESIAN_POINT('',(-0.5,-0.4,0.45));
#5382 = DIRECTION('',(0.,0.,1.));
#5383 = DIRECTION('',(1.,0.,-0.));
#5384 = ( GEOMETRIC_REPRESENTATION_CONTEXT(3) 
GLOBAL_UNCERTAINTY_ASSIGNED_CONTEXT((#5388)) 
GLOBAL_UNIT_ASSIGNED_CONTEXT((#5385,#5386,#5387)) REPRESENTATION_CONTEXT
('Context #1','3D Context with UNIT and UNCERTAINTY') );
#5385 = ( LENGTH_UNIT() NAMED_UNIT(*) SI_UNIT(.MILLI.,.METRE.) );
#5386 = ( NAMED_UNIT(*) PLANE_ANGLE_UNIT() SI_UNIT($,.RADIAN.) );
#5387 = ( NAMED_UNIT(*) SI_UNIT($,.STERADIAN.) SOLID_ANGLE_UNIT() );
#5388 = UNCERTAINTY_MEASURE_WITH_UNIT(LENGTH_MEASURE(1.E-07),#5385,
  'distance_accuracy_value','confusion accuracy');
#5389 = CONTEXT_DEPENDENT_SHAPE_REPRESENTATION(#5390,#5392);
#5390 = ( REPRESENTATION_RELATIONSHIP('','',#4593,#4570) 
REPRESENTATION_RELATIONSHIP_WITH_TRANSFORMATION(#5391) 
SHAPE_REPRESENTATION_RELATIONSHIP() );
#5391 = ITEM_DEFINED_TRANSFORMATION('','',#11,#4571);
#5392 = PRODUCT_DEFINITION_SHAPE('Placement','Placement of an item',
  #5393);
#5393 = NEXT_ASSEMBLY_USAGE_OCCURRENCE('3','=>[0:1:1:5]','',#4565,#4588,
  $);
#5394 = PRODUCT_RELATED_PRODUCT_CATEGORY('part',$,(#4590));
#5395 = SHAPE_DEFINITION_REPRESENTATION(#5396,#5402);
#5396 = PRODUCT_DEFINITION_SHAPE('','',#5397);
#5397 = PRODUCT_DEFINITION('design','',#5398,#5401);
#5398 = PRODUCT_DEFINITION_FORMATION('','',#5399);
#5399 = PRODUCT('LED_0603_1608Metric','LED_0603_1608Metric','',(#5400));
#5400 = PRODUCT_CONTEXT('',#2,'mechanical');
#5401 = PRODUCT_DEFINITION_CONTEXT('part definition',#2,'design');
#5402 = SHAPE_REPRESENTATION('',(#11,#5403),#5407);
#5403 = AXIS2_PLACEMENT_3D('',#5404,#5405,#5406);
#5404 = CARTESIAN_POINT('',(0.,0.,0.));
#5405 = DIRECTION('',(0.,0.,1.));
#5406 = DIRECTION('',(1.,0.,-0.));
#5407 = ( GEOMETRIC_REPRESENTATION_CONTEXT(3) 
GLOBAL_UNCERTAINTY_ASSIGNED_CONTEXT((#5411)) 
GLOBAL_UNIT_ASSIGNED_CONTEXT((#5408,#5409,#5410)) REPRESENTATION_CONTEXT
('Context #1','3D Context with UNIT and UNCERTAINTY') );
#5408 = ( LENGTH_UNIT() NAMED_UNIT(*) SI_UNIT(.MILLI.,.METRE.) );
#5409 = ( NAMED_UNIT(*) PLANE_ANGLE_UNIT() SI_UNIT($,.RADIAN.) );
#5410 = ( NAMED_UNIT(*) SI_UNIT($,.STERADIAN.) SOLID_ANGLE_UNIT() );
#5411 = UNCERTAINTY_MEASURE_WITH_UNIT(LENGTH_MEASURE(1.E-07),#5408,
  'distance_accuracy_value','confusion accuracy');
#5412 = CONTEXT_DEPENDENT_SHAPE_REPRESENTATION(#5413,#5415);
#5413 = ( REPRESENTATION_RELATIONSHIP('','',#5402,#10) 
REPRESENTATION_RELATIONSHIP_WITH_TRANSFORMATION(#5414) 
SHAPE_REPRESENTATION_RELATIONSHIP() );
#5414 = ITEM_DEFINED_TRANSFORMATION('','',#11,#23);
#5415 = PRODUCT_DEFINITION_SHAPE('Placement','Placement of an item',
  #5416);
#5416 = NEXT_ASSEMBLY_USAGE_OCCURRENCE('6','LED3','',#5,#5397,$);
#5417 = PRODUCT_RELATED_PRODUCT_CATEGORY('part',$,(#5399));
#5418 = SHAPE_DEFINITION_REPRESENTATION(#5419,#5425);
#5419 = PRODUCT_DEFINITION_SHAPE('','',#5420);
#5420 = PRODUCT_DEFINITION('design','',#5421,#5424);
#5421 = PRODUCT_DEFINITION_FORMATION('','',#5422);
#5422 = PRODUCT('LED_0603_1608Metric','LED_0603_1608Metric','',(#5423));
#5423 = PRODUCT_CONTEXT('',#2,'mechanical');
#5424 = PRODUCT_DEFINITION_CONTEXT('part definition',#2,'design');
#5425 = ADVANCED_BREP_SHAPE_REPRESENTATION('',(#11,#5426),#6949);
#5426 = MANIFOLD_SOLID_BREP('',#5427);
#5427 = CLOSED_SHELL('',(#5428,#5468,#5515,#5594,#5618,#5658,#5689,#5706
    ,#5739,#5763,#5830,#5951,#6018,#6042,#6073,#6106,#6162,#6186,#6210,
    #6234,#6267,#6279,#6342,#6367,#6384,#6408,#6426,#6444,#6462,#6479,
    #6496,#6527,#6552,#6577,#6601,#6618,#6649,#6673,#6690,#6718,#6743,
    #6767,#6792,#6839,#6856,#6868,#6890,#6902,#6920,#6938));
#5428 = ADVANCED_FACE('',(#5429),#5463,.F.);
#5429 = FACE_BOUND('',#5430,.F.);
#5430 = EDGE_LOOP('',(#5431,#5441,#5449,#5457));
#5431 = ORIENTED_EDGE('',*,*,#5432,.T.);
#5432 = EDGE_CURVE('',#5433,#5435,#5437,.T.);
#5433 = VERTEX_POINT('',#5434);
#5434 = CARTESIAN_POINT('',(-0.5,-0.4,0.47));
#5435 = VERTEX_POINT('',#5436);
#5436 = CARTESIAN_POINT('',(-0.45,-0.4,1.1));
#5437 = LINE('',#5438,#5439);
#5438 = CARTESIAN_POINT('',(-0.5,-0.4,0.47));
#5439 = VECTOR('',#5440,1.);
#5440 = DIRECTION('',(7.911630099815E-02,0.,0.996865392576));
#5441 = ORIENTED_EDGE('',*,*,#5442,.T.);
#5442 = EDGE_CURVE('',#5435,#5443,#5445,.T.);
#5443 = VERTEX_POINT('',#5444);
#5444 = CARTESIAN_POINT('',(0.45,-0.4,1.1));
#5445 = LINE('',#5446,#5447);
#5446 = CARTESIAN_POINT('',(-0.45,-0.4,1.1));
#5447 = VECTOR('',#5448,1.);
#5448 = DIRECTION('',(1.,0.,0.));
#5449 = ORIENTED_EDGE('',*,*,#5450,.T.);
#5450 = EDGE_CURVE('',#5443,#5451,#5453,.T.);
#5451 = VERTEX_POINT('',#5452);
#5452 = CARTESIAN_POINT('',(0.5,-0.4,0.47));
#5453 = LINE('',#5454,#5455);
#5454 = CARTESIAN_POINT('',(0.45,-0.4,1.1));
#5455 = VECTOR('',#5456,1.);
#5456 = DIRECTION('',(7.911630099815E-02,0.,-0.996865392576));
#5457 = ORIENTED_EDGE('',*,*,#5458,.T.);
#5458 = EDGE_CURVE('',#5451,#5433,#5459,.T.);
#5459 = LINE('',#5460,#5461);
#5460 = CARTESIAN_POINT('',(0.5,-0.4,0.47));
#5461 = VECTOR('',#5462,1.);
#5462 = DIRECTION('',(-1.,0.,0.));
#5463 = PLANE('',#5464);
#5464 = AXIS2_PLACEMENT_3D('',#5465,#5466,#5467);
#5465 = CARTESIAN_POINT('',(-8.772411109409E-18,-0.4,0.775044128294));
#5466 = DIRECTION('',(0.,1.,0.));
#5467 = DIRECTION('',(0.,-0.,1.));
#5468 = ADVANCED_FACE('',(#5469),#5510,.T.);
#5469 = FACE_BOUND('',#5470,.T.);
#5470 = EDGE_LOOP('',(#5471,#5481,#5489,#5495,#5496,#5504));
#5471 = ORIENTED_EDGE('',*,*,#5472,.T.);
#5472 = EDGE_CURVE('',#5473,#5475,#5477,.T.);
#5473 = VERTEX_POINT('',#5474);
#5474 = CARTESIAN_POINT('',(-0.5,0.4,0.47));
#5475 = VERTEX_POINT('',#5476);
#5476 = CARTESIAN_POINT('',(-0.5,0.3,0.47));
#5477 = LINE('',#5478,#5479);
#5478 = CARTESIAN_POINT('',(-0.5,0.4,0.47));
#5479 = VECTOR('',#5480,1.);
#5480 = DIRECTION('',(0.,-1.,0.));
#5481 = ORIENTED_EDGE('',*,*,#5482,.F.);
#5482 = EDGE_CURVE('',#5483,#5475,#5485,.T.);
#5483 = VERTEX_POINT('',#5484);
#5484 = CARTESIAN_POINT('',(-0.5,-0.3,0.47));
#5485 = LINE('',#5486,#5487);
#5486 = CARTESIAN_POINT('',(-0.5,-0.4,0.47));
#5487 = VECTOR('',#5488,1.);
#5488 = DIRECTION('',(0.,1.,0.));
#5489 = ORIENTED_EDGE('',*,*,#5490,.T.);
#5490 = EDGE_CURVE('',#5483,#5433,#5491,.T.);
#5491 = LINE('',#5492,#5493);
#5492 = CARTESIAN_POINT('',(-0.5,0.4,0.47));
#5493 = VECTOR('',#5494,1.);
#5494 = DIRECTION('',(0.,-1.,0.));
#5495 = ORIENTED_EDGE('',*,*,#5432,.T.);
#5496 = ORIENTED_EDGE('',*,*,#5497,.F.);
#5497 = EDGE_CURVE('',#5498,#5435,#5500,.T.);
#5498 = VERTEX_POINT('',#5499);
#5499 = CARTESIAN_POINT('',(-0.45,0.4,1.1));
#5500 = LINE('',#5501,#5502);
#5501 = CARTESIAN_POINT('',(-0.45,0.4,1.1));
#5502 = VECTOR('',#5503,1.);
#5503 = DIRECTION('',(0.,-1.,0.));
#5504 = ORIENTED_EDGE('',*,*,#5505,.F.);
#5505 = EDGE_CURVE('',#5473,#5498,#5506,.T.);
#5506 = LINE('',#5507,#5508);
#5507 = CARTESIAN_POINT('',(-0.5,0.4,0.47));
#5508 = VECTOR('',#5509,1.);
#5509 = DIRECTION('',(7.911630099815E-02,0.,0.996865392576));
#5510 = PLANE('',#5511);
#5511 = AXIS2_PLACEMENT_3D('',#5512,#5513,#5514);
#5512 = CARTESIAN_POINT('',(-0.5,0.4,0.47));
#5513 = DIRECTION('',(-0.996865392576,0.,7.911630099815E-02));
#5514 = DIRECTION('',(7.911630099815E-02,0.,0.996865392576));
#5515 = ADVANCED_FACE('',(#5516),#5589,.F.);
#5516 = FACE_BOUND('',#5517,.F.);
#5517 = EDGE_LOOP('',(#5518,#5528,#5536,#5544,#5550,#5551,#5559,#5567,
    #5575,#5583));
#5518 = ORIENTED_EDGE('',*,*,#5519,.F.);
#5519 = EDGE_CURVE('',#5520,#5522,#5524,.T.);
#5520 = VERTEX_POINT('',#5521);
#5521 = CARTESIAN_POINT('',(-0.77,-0.4,3.E-02));
#5522 = VERTEX_POINT('',#5523);
#5523 = CARTESIAN_POINT('',(-0.725,-0.4,3.E-02));
#5524 = LINE('',#5525,#5526);
#5525 = CARTESIAN_POINT('',(-0.77,-0.4,3.E-02));
#5526 = VECTOR('',#5527,1.);
#5527 = DIRECTION('',(1.,0.,0.));
#5528 = ORIENTED_EDGE('',*,*,#5529,.T.);
#5529 = EDGE_CURVE('',#5520,#5530,#5532,.T.);
#5530 = VERTEX_POINT('',#5531);
#5531 = CARTESIAN_POINT('',(-0.77,-0.4,0.47));
#5532 = LINE('',#5533,#5534);
#5533 = CARTESIAN_POINT('',(-0.77,-0.4,3.E-02));
#5534 = VECTOR('',#5535,1.);
#5535 = DIRECTION('',(0.,0.,1.));
#5536 = ORIENTED_EDGE('',*,*,#5537,.T.);
#5537 = EDGE_CURVE('',#5530,#5538,#5540,.T.);
#5538 = VERTEX_POINT('',#5539);
#5539 = CARTESIAN_POINT('',(-0.725,-0.4,0.47));
#5540 = LINE('',#5541,#5542);
#5541 = CARTESIAN_POINT('',(-0.77,-0.4,0.47));
#5542 = VECTOR('',#5543,1.);
#5543 = DIRECTION('',(1.,0.,0.));
#5544 = ORIENTED_EDGE('',*,*,#5545,.T.);
#5545 = EDGE_CURVE('',#5538,#5433,#5546,.T.);
#5546 = LINE('',#5547,#5548);
#5547 = CARTESIAN_POINT('',(-0.77,-0.4,0.47));
#5548 = VECTOR('',#5549,1.);
#5549 = DIRECTION('',(1.,0.,0.));
#5550 = ORIENTED_EDGE('',*,*,#5458,.F.);
#5551 = ORIENTED_EDGE('',*,*,#5552,.T.);
#5552 = EDGE_CURVE('',#5451,#5553,#5555,.T.);
#5553 = VERTEX_POINT('',#5554);
#5554 = CARTESIAN_POINT('',(0.725,-0.4,0.47));
#5555 = LINE('',#5556,#5557);
#5556 = CARTESIAN_POINT('',(-0.77,-0.4,0.47));
#5557 = VECTOR('',#5558,1.);
#5558 = DIRECTION('',(1.,0.,0.));
#5559 = ORIENTED_EDGE('',*,*,#5560,.T.);
#5560 = EDGE_CURVE('',#5553,#5561,#5563,.T.);
#5561 = VERTEX_POINT('',#5562);
#5562 = CARTESIAN_POINT('',(0.77,-0.4,0.47));
#5563 = LINE('',#5564,#5565);
#5564 = CARTESIAN_POINT('',(-0.77,-0.4,0.47));
#5565 = VECTOR('',#5566,1.);
#5566 = DIRECTION('',(1.,0.,0.));
#5567 = ORIENTED_EDGE('',*,*,#5568,.F.);
#5568 = EDGE_CURVE('',#5569,#5561,#5571,.T.);
#5569 = VERTEX_POINT('',#5570);
#5570 = CARTESIAN_POINT('',(0.77,-0.4,3.E-02));
#5571 = LINE('',#5572,#5573);
#5572 = CARTESIAN_POINT('',(0.77,-0.4,3.E-02));
#5573 = VECTOR('',#5574,1.);
#5574 = DIRECTION('',(0.,0.,1.));
#5575 = ORIENTED_EDGE('',*,*,#5576,.F.);
#5576 = EDGE_CURVE('',#5577,#5569,#5579,.T.);
#5577 = VERTEX_POINT('',#5578);
#5578 = CARTESIAN_POINT('',(0.725,-0.4,3.E-02));
#5579 = LINE('',#5580,#5581);
#5580 = CARTESIAN_POINT('',(-0.77,-0.4,3.E-02));
#5581 = VECTOR('',#5582,1.);
#5582 = DIRECTION('',(1.,0.,0.));
#5583 = ORIENTED_EDGE('',*,*,#5584,.F.);
#5584 = EDGE_CURVE('',#5522,#5577,#5585,.T.);
#5585 = LINE('',#5586,#5587);
#5586 = CARTESIAN_POINT('',(-0.77,-0.4,3.E-02));
#5587 = VECTOR('',#5588,1.);
#5588 = DIRECTION('',(1.,0.,0.));
#5589 = PLANE('',#5590);
#5590 = AXIS2_PLACEMENT_3D('',#5591,#5592,#5593);
#5591 = CARTESIAN_POINT('',(-0.77,-0.4,3.E-02));
#5592 = DIRECTION('',(0.,1.,0.));
#5593 = DIRECTION('',(0.,-0.,1.));
#5594 = ADVANCED_FACE('',(#5595),#5613,.T.);
#5595 = FACE_BOUND('',#5596,.T.);
#5596 = EDGE_LOOP('',(#5597,#5598,#5599,#5607));
#5597 = ORIENTED_EDGE('',*,*,#5497,.T.);
#5598 = ORIENTED_EDGE('',*,*,#5442,.T.);
#5599 = ORIENTED_EDGE('',*,*,#5600,.F.);
#5600 = EDGE_CURVE('',#5601,#5443,#5603,.T.);
#5601 = VERTEX_POINT('',#5602);
#5602 = CARTESIAN_POINT('',(0.45,0.4,1.1));
#5603 = LINE('',#5604,#5605);
#5604 = CARTESIAN_POINT('',(0.45,0.4,1.1));
#5605 = VECTOR('',#5606,1.);
#5606 = DIRECTION('',(0.,-1.,0.));
#5607 = ORIENTED_EDGE('',*,*,#5608,.F.);
#5608 = EDGE_CURVE('',#5498,#5601,#5609,.T.);
#5609 = LINE('',#5610,#5611);
#5610 = CARTESIAN_POINT('',(-0.45,0.4,1.1));
#5611 = VECTOR('',#5612,1.);
#5612 = DIRECTION('',(1.,0.,0.));
#5613 = PLANE('',#5614);
#5614 = AXIS2_PLACEMENT_3D('',#5615,#5616,#5617);
#5615 = CARTESIAN_POINT('',(-0.45,0.4,1.1));
#5616 = DIRECTION('',(0.,0.,1.));
#5617 = DIRECTION('',(1.,0.,-0.));
#5618 = ADVANCED_FACE('',(#5619),#5653,.T.);
#5619 = FACE_BOUND('',#5620,.T.);
#5620 = EDGE_LOOP('',(#5621,#5622,#5623,#5631,#5639,#5647));
#5621 = ORIENTED_EDGE('',*,*,#5600,.T.);
#5622 = ORIENTED_EDGE('',*,*,#5450,.T.);
#5623 = ORIENTED_EDGE('',*,*,#5624,.F.);
#5624 = EDGE_CURVE('',#5625,#5451,#5627,.T.);
#5625 = VERTEX_POINT('',#5626);
#5626 = CARTESIAN_POINT('',(0.5,-0.3,0.47));
#5627 = LINE('',#5628,#5629);
#5628 = CARTESIAN_POINT('',(0.5,0.4,0.47));
#5629 = VECTOR('',#5630,1.);
#5630 = DIRECTION('',(0.,-1.,0.));
#5631 = ORIENTED_EDGE('',*,*,#5632,.T.);
#5632 = EDGE_CURVE('',#5625,#5633,#5635,.T.);
#5633 = VERTEX_POINT('',#5634);
#5634 = CARTESIAN_POINT('',(0.5,0.3,0.47));
#5635 = LINE('',#5636,#5637);
#5636 = CARTESIAN_POINT('',(0.5,-0.4,0.47));
#5637 = VECTOR('',#5638,1.);
#5638 = DIRECTION('',(0.,1.,0.));
#5639 = ORIENTED_EDGE('',*,*,#5640,.F.);
#5640 = EDGE_CURVE('',#5641,#5633,#5643,.T.);
#5641 = VERTEX_POINT('',#5642);
#5642 = CARTESIAN_POINT('',(0.5,0.4,0.47));
#5643 = LINE('',#5644,#5645);
#5644 = CARTESIAN_POINT('',(0.5,0.4,0.47));
#5645 = VECTOR('',#5646,1.);
#5646 = DIRECTION('',(0.,-1.,0.));
#5647 = ORIENTED_EDGE('',*,*,#5648,.F.);
#5648 = EDGE_CURVE('',#5601,#5641,#5649,.T.);
#5649 = LINE('',#5650,#5651);
#5650 = CARTESIAN_POINT('',(0.45,0.4,1.1));
#5651 = VECTOR('',#5652,1.);
#5652 = DIRECTION('',(7.911630099815E-02,0.,-0.996865392576));
#5653 = PLANE('',#5654);
#5654 = AXIS2_PLACEMENT_3D('',#5655,#5656,#5657);
#5655 = CARTESIAN_POINT('',(0.45,0.4,1.1));
#5656 = DIRECTION('',(0.996865392576,0.,7.911630099815E-02));
#5657 = DIRECTION('',(7.911630099815E-02,0.,-0.996865392576));
#5658 = ADVANCED_FACE('',(#5659),#5684,.T.);
#5659 = FACE_BOUND('',#5660,.T.);
#5660 = EDGE_LOOP('',(#5661,#5669,#5677,#5683));
#5661 = ORIENTED_EDGE('',*,*,#5662,.F.);
#5662 = EDGE_CURVE('',#5663,#5473,#5665,.T.);
#5663 = VERTEX_POINT('',#5664);
#5664 = CARTESIAN_POINT('',(-0.725,0.4,0.47));
#5665 = LINE('',#5666,#5667);
#5666 = CARTESIAN_POINT('',(-0.77,0.4,0.47));
#5667 = VECTOR('',#5668,1.);
#5668 = DIRECTION('',(1.,0.,0.));
#5669 = ORIENTED_EDGE('',*,*,#5670,.F.);
#5670 = EDGE_CURVE('',#5671,#5663,#5673,.T.);
#5671 = VERTEX_POINT('',#5672);
#5672 = CARTESIAN_POINT('',(-0.725,0.3,0.47));
#5673 = LINE('',#5674,#5675);
#5674 = CARTESIAN_POINT('',(-0.725,5.E-02,0.47));
#5675 = VECTOR('',#5676,1.);
#5676 = DIRECTION('',(0.,1.,0.));
#5677 = ORIENTED_EDGE('',*,*,#5678,.F.);
#5678 = EDGE_CURVE('',#5475,#5671,#5679,.T.);
#5679 = LINE('',#5680,#5681);
#5680 = CARTESIAN_POINT('',(-0.7475,0.3,0.47));
#5681 = VECTOR('',#5682,1.);
#5682 = DIRECTION('',(-1.,0.,0.));
#5683 = ORIENTED_EDGE('',*,*,#5472,.F.);
#5684 = PLANE('',#5685);
#5685 = AXIS2_PLACEMENT_3D('',#5686,#5687,#5688);
#5686 = CARTESIAN_POINT('',(-0.77,-0.4,0.47));
#5687 = DIRECTION('',(0.,0.,1.));
#5688 = DIRECTION('',(1.,0.,-0.));
#5689 = ADVANCED_FACE('',(#5690),#5701,.T.);
#5690 = FACE_BOUND('',#5691,.T.);
#5691 = EDGE_LOOP('',(#5692,#5693,#5694,#5695));
#5692 = ORIENTED_EDGE('',*,*,#5505,.T.);
#5693 = ORIENTED_EDGE('',*,*,#5608,.T.);
#5694 = ORIENTED_EDGE('',*,*,#5648,.T.);
#5695 = ORIENTED_EDGE('',*,*,#5696,.T.);
#5696 = EDGE_CURVE('',#5641,#5473,#5697,.T.);
#5697 = LINE('',#5698,#5699);
#5698 = CARTESIAN_POINT('',(0.5,0.4,0.47));
#5699 = VECTOR('',#5700,1.);
#5700 = DIRECTION('',(-1.,0.,0.));
#5701 = PLANE('',#5702);
#5702 = AXIS2_PLACEMENT_3D('',#5703,#5704,#5705);
#5703 = CARTESIAN_POINT('',(-8.772411109409E-18,0.4,0.775044128294));
#5704 = DIRECTION('',(0.,1.,0.));
#5705 = DIRECTION('',(0.,-0.,1.));
#5706 = ADVANCED_FACE('',(#5707),#5734,.T.);
#5707 = FACE_BOUND('',#5708,.T.);
#5708 = EDGE_LOOP('',(#5709,#5718,#5726,#5733));
#5709 = ORIENTED_EDGE('',*,*,#5710,.F.);
#5710 = EDGE_CURVE('',#5711,#5475,#5713,.T.);
#5711 = VERTEX_POINT('',#5712);
#5712 = CARTESIAN_POINT('',(-0.53,0.3,0.5));
#5713 = CIRCLE('',#5714,3.E-02);
#5714 = AXIS2_PLACEMENT_3D('',#5715,#5716,#5717);
#5715 = CARTESIAN_POINT('',(-0.53,0.3,0.47));
#5716 = DIRECTION('',(-0.,1.,0.));
#5717 = DIRECTION('',(1.,0.,0.));
#5718 = ORIENTED_EDGE('',*,*,#5719,.F.);
#5719 = EDGE_CURVE('',#5720,#5711,#5722,.T.);
#5720 = VERTEX_POINT('',#5721);
#5721 = CARTESIAN_POINT('',(-0.53,-0.3,0.5));
#5722 = LINE('',#5723,#5724);
#5723 = CARTESIAN_POINT('',(-0.53,-0.4,0.5));
#5724 = VECTOR('',#5725,1.);
#5725 = DIRECTION('',(0.,1.,0.));
#5726 = ORIENTED_EDGE('',*,*,#5727,.T.);
#5727 = EDGE_CURVE('',#5720,#5483,#5728,.T.);
#5728 = CIRCLE('',#5729,3.E-02);
#5729 = AXIS2_PLACEMENT_3D('',#5730,#5731,#5732);
#5730 = CARTESIAN_POINT('',(-0.53,-0.3,0.47));
#5731 = DIRECTION('',(-0.,1.,0.));
#5732 = DIRECTION('',(1.,0.,0.));
#5733 = ORIENTED_EDGE('',*,*,#5482,.T.);
#5734 = CYLINDRICAL_SURFACE('',#5735,3.E-02);
#5735 = AXIS2_PLACEMENT_3D('',#5736,#5737,#5738);
#5736 = CARTESIAN_POINT('',(-0.53,-0.4,0.47));
#5737 = DIRECTION('',(0.,1.,0.));
#5738 = DIRECTION('',(1.,0.,0.));
#5739 = ADVANCED_FACE('',(#5740),#5758,.T.);
#5740 = FACE_BOUND('',#5741,.T.);
#5741 = EDGE_LOOP('',(#5742,#5750,#5751,#5752));
#5742 = ORIENTED_EDGE('',*,*,#5743,.F.);
#5743 = EDGE_CURVE('',#5538,#5744,#5746,.T.);
#5744 = VERTEX_POINT('',#5745);
#5745 = CARTESIAN_POINT('',(-0.725,-0.3,0.47));
#5746 = LINE('',#5747,#5748);
#5747 = CARTESIAN_POINT('',(-0.725,-0.35,0.47));
#5748 = VECTOR('',#5749,1.);
#5749 = DIRECTION('',(0.,1.,0.));
#5750 = ORIENTED_EDGE('',*,*,#5545,.T.);
#5751 = ORIENTED_EDGE('',*,*,#5490,.F.);
#5752 = ORIENTED_EDGE('',*,*,#5753,.F.);
#5753 = EDGE_CURVE('',#5744,#5483,#5754,.T.);
#5754 = LINE('',#5755,#5756);
#5755 = CARTESIAN_POINT('',(-2.25E-02,-0.3,0.47));
#5756 = VECTOR('',#5757,1.);
#5757 = DIRECTION('',(1.,0.,0.));
#5758 = PLANE('',#5759);
#5759 = AXIS2_PLACEMENT_3D('',#5760,#5761,#5762);
#5760 = CARTESIAN_POINT('',(-0.77,-0.4,0.47));
#5761 = DIRECTION('',(0.,0.,1.));
#5762 = DIRECTION('',(1.,0.,-0.));
#5763 = ADVANCED_FACE('',(#5764),#5825,.F.);
#5764 = FACE_BOUND('',#5765,.F.);
#5765 = EDGE_LOOP('',(#5766,#5776,#5785,#5793,#5802,#5810,#5816,#5817,
    #5818,#5819));
#5766 = ORIENTED_EDGE('',*,*,#5767,.F.);
#5767 = EDGE_CURVE('',#5768,#5770,#5772,.T.);
#5768 = VERTEX_POINT('',#5769);
#5769 = CARTESIAN_POINT('',(-0.77,-0.4,-3.469446951954E-18));
#5770 = VERTEX_POINT('',#5771);
#5771 = CARTESIAN_POINT('',(-0.725,-0.4,0.));
#5772 = LINE('',#5773,#5774);
#5773 = CARTESIAN_POINT('',(-0.8,-0.4,0.));
#5774 = VECTOR('',#5775,1.);
#5775 = DIRECTION('',(1.,0.,0.));
#5776 = ORIENTED_EDGE('',*,*,#5777,.F.);
#5777 = EDGE_CURVE('',#5778,#5768,#5780,.T.);
#5778 = VERTEX_POINT('',#5779);
#5779 = CARTESIAN_POINT('',(-0.8,-0.4,3.E-02));
#5780 = CIRCLE('',#5781,3.E-02);
#5781 = AXIS2_PLACEMENT_3D('',#5782,#5783,#5784);
#5782 = CARTESIAN_POINT('',(-0.77,-0.4,3.E-02));
#5783 = DIRECTION('',(0.,-1.,0.));
#5784 = DIRECTION('',(0.,0.,1.));
#5785 = ORIENTED_EDGE('',*,*,#5786,.T.);
#5786 = EDGE_CURVE('',#5778,#5787,#5789,.T.);
#5787 = VERTEX_POINT('',#5788);
#5788 = CARTESIAN_POINT('',(-0.8,-0.4,0.47));
#5789 = LINE('',#5790,#5791);
#5790 = CARTESIAN_POINT('',(-0.8,-0.4,0.));
#5791 = VECTOR('',#5792,1.);
#5792 = DIRECTION('',(0.,0.,1.));
#5793 = ORIENTED_EDGE('',*,*,#5794,.T.);
#5794 = EDGE_CURVE('',#5787,#5795,#5797,.T.);
#5795 = VERTEX_POINT('',#5796);
#5796 = CARTESIAN_POINT('',(-0.77,-0.4,0.5));
#5797 = CIRCLE('',#5798,3.E-02);
#5798 = AXIS2_PLACEMENT_3D('',#5799,#5800,#5801);
#5799 = CARTESIAN_POINT('',(-0.77,-0.4,0.47));
#5800 = DIRECTION('',(0.,1.,0.));
#5801 = DIRECTION('',(0.,-0.,1.));
#5802 = ORIENTED_EDGE('',*,*,#5803,.T.);
#5803 = EDGE_CURVE('',#5795,#5804,#5806,.T.);
#5804 = VERTEX_POINT('',#5805);
#5805 = CARTESIAN_POINT('',(-0.725,-0.4,0.5));
#5806 = LINE('',#5807,#5808);
#5807 = CARTESIAN_POINT('',(-0.8,-0.4,0.5));
#5808 = VECTOR('',#5809,1.);
#5809 = DIRECTION('',(1.,0.,0.));
#5810 = ORIENTED_EDGE('',*,*,#5811,.F.);
#5811 = EDGE_CURVE('',#5538,#5804,#5812,.T.);
#5812 = LINE('',#5813,#5814);
#5813 = CARTESIAN_POINT('',(-0.725,-0.4,0.375));
#5814 = VECTOR('',#5815,1.);
#5815 = DIRECTION('',(0.,0.,1.));
#5816 = ORIENTED_EDGE('',*,*,#5537,.F.);
#5817 = ORIENTED_EDGE('',*,*,#5529,.F.);
#5818 = ORIENTED_EDGE('',*,*,#5519,.T.);
#5819 = ORIENTED_EDGE('',*,*,#5820,.F.);
#5820 = EDGE_CURVE('',#5770,#5522,#5821,.T.);
#5821 = LINE('',#5822,#5823);
#5822 = CARTESIAN_POINT('',(-0.725,-0.4,0.375));
#5823 = VECTOR('',#5824,1.);
#5824 = DIRECTION('',(0.,0.,1.));
#5825 = PLANE('',#5826);
#5826 = AXIS2_PLACEMENT_3D('',#5827,#5828,#5829);
#5827 = CARTESIAN_POINT('',(-0.8,-0.4,0.));
#5828 = DIRECTION('',(0.,1.,0.));
#5829 = DIRECTION('',(0.,-0.,1.));
#5830 = ADVANCED_FACE('',(#5831,#5920),#5946,.F.);
#5831 = FACE_BOUND('',#5832,.F.);
#5832 = EDGE_LOOP('',(#5833,#5841,#5842,#5850,#5858,#5866,#5874,#5882,
    #5890,#5898,#5906,#5914));
#5833 = ORIENTED_EDGE('',*,*,#5834,.F.);
#5834 = EDGE_CURVE('',#5522,#5835,#5837,.T.);
#5835 = VERTEX_POINT('',#5836);
#5836 = CARTESIAN_POINT('',(-0.725,-0.3,3.E-02));
#5837 = LINE('',#5838,#5839);
#5838 = CARTESIAN_POINT('',(-0.725,-0.35,3.E-02));
#5839 = VECTOR('',#5840,1.);
#5840 = DIRECTION('',(0.,1.,0.));
#5841 = ORIENTED_EDGE('',*,*,#5584,.T.);
#5842 = ORIENTED_EDGE('',*,*,#5843,.F.);
#5843 = EDGE_CURVE('',#5844,#5577,#5846,.T.);
#5844 = VERTEX_POINT('',#5845);
#5845 = CARTESIAN_POINT('',(0.725,-0.3,3.E-02));
#5846 = LINE('',#5847,#5848);
#5847 = CARTESIAN_POINT('',(0.725,-0.45,3.E-02));
#5848 = VECTOR('',#5849,1.);
#5849 = DIRECTION('',(0.,-1.,0.));
#5850 = ORIENTED_EDGE('',*,*,#5851,.F.);
#5851 = EDGE_CURVE('',#5852,#5844,#5854,.T.);
#5852 = VERTEX_POINT('',#5853);
#5853 = CARTESIAN_POINT('',(0.5,-0.3,3.E-02));
#5854 = LINE('',#5855,#5856);
#5855 = CARTESIAN_POINT('',(-2.25E-02,-0.3,3.E-02));
#5856 = VECTOR('',#5857,1.);
#5857 = DIRECTION('',(1.,0.,0.));
#5858 = ORIENTED_EDGE('',*,*,#5859,.T.);
#5859 = EDGE_CURVE('',#5852,#5860,#5862,.T.);
#5860 = VERTEX_POINT('',#5861);
#5861 = CARTESIAN_POINT('',(0.5,0.3,3.E-02));
#5862 = LINE('',#5863,#5864);
#5863 = CARTESIAN_POINT('',(0.5,-0.4,3.E-02));
#5864 = VECTOR('',#5865,1.);
#5865 = DIRECTION('',(0.,1.,0.));
#5866 = ORIENTED_EDGE('',*,*,#5867,.F.);
#5867 = EDGE_CURVE('',#5868,#5860,#5870,.T.);
#5868 = VERTEX_POINT('',#5869);
#5869 = CARTESIAN_POINT('',(0.725,0.3,3.E-02));
#5870 = LINE('',#5871,#5872);
#5871 = CARTESIAN_POINT('',(-0.7475,0.3,3.E-02));
#5872 = VECTOR('',#5873,1.);
#5873 = DIRECTION('',(-1.,0.,0.));
#5874 = ORIENTED_EDGE('',*,*,#5875,.F.);
#5875 = EDGE_CURVE('',#5876,#5868,#5878,.T.);
#5876 = VERTEX_POINT('',#5877);
#5877 = CARTESIAN_POINT('',(0.725,0.4,3.E-02));
#5878 = LINE('',#5879,#5880);
#5879 = CARTESIAN_POINT('',(0.725,-5.E-02,3.E-02));
#5880 = VECTOR('',#5881,1.);
#5881 = DIRECTION('',(0.,-1.,0.));
#5882 = ORIENTED_EDGE('',*,*,#5883,.F.);
#5883 = EDGE_CURVE('',#5884,#5876,#5886,.T.);
#5884 = VERTEX_POINT('',#5885);
#5885 = CARTESIAN_POINT('',(-0.725,0.4,3.E-02));
#5886 = LINE('',#5887,#5888);
#5887 = CARTESIAN_POINT('',(-0.77,0.4,3.E-02));
#5888 = VECTOR('',#5889,1.);
#5889 = DIRECTION('',(1.,0.,0.));
#5890 = ORIENTED_EDGE('',*,*,#5891,.F.);
#5891 = EDGE_CURVE('',#5892,#5884,#5894,.T.);
#5892 = VERTEX_POINT('',#5893);
#5893 = CARTESIAN_POINT('',(-0.725,0.3,3.E-02));
#5894 = LINE('',#5895,#5896);
#5895 = CARTESIAN_POINT('',(-0.725,5.E-02,3.E-02));
#5896 = VECTOR('',#5897,1.);
#5897 = DIRECTION('',(0.,1.,0.));
#5898 = ORIENTED_EDGE('',*,*,#5899,.F.);
#5899 = EDGE_CURVE('',#5900,#5892,#5902,.T.);
#5900 = VERTEX_POINT('',#5901);
#5901 = CARTESIAN_POINT('',(-0.5,0.3,3.E-02));
#5902 = LINE('',#5903,#5904);
#5903 = CARTESIAN_POINT('',(-0.7475,0.3,3.E-02));
#5904 = VECTOR('',#5905,1.);
#5905 = DIRECTION('',(-1.,0.,0.));
#5906 = ORIENTED_EDGE('',*,*,#5907,.F.);
#5907 = EDGE_CURVE('',#5908,#5900,#5910,.T.);
#5908 = VERTEX_POINT('',#5909);
#5909 = CARTESIAN_POINT('',(-0.5,-0.3,3.E-02));
#5910 = LINE('',#5911,#5912);
#5911 = CARTESIAN_POINT('',(-0.5,-0.4,3.E-02));
#5912 = VECTOR('',#5913,1.);
#5913 = DIRECTION('',(0.,1.,0.));
#5914 = ORIENTED_EDGE('',*,*,#5915,.F.);
#5915 = EDGE_CURVE('',#5835,#5908,#5916,.T.);
#5916 = LINE('',#5917,#5918);
#5917 = CARTESIAN_POINT('',(-2.25E-02,-0.3,3.E-02));
#5918 = VECTOR('',#5919,1.);
#5919 = DIRECTION('',(1.,0.,0.));
#5920 = FACE_BOUND('',#5921,.F.);
#5921 = EDGE_LOOP('',(#5922,#5932,#5940));
#5922 = ORIENTED_EDGE('',*,*,#5923,.T.);
#5923 = EDGE_CURVE('',#5924,#5926,#5928,.T.);
#5924 = VERTEX_POINT('',#5925);
#5925 = CARTESIAN_POINT('',(0.277128129211,0.32,3.E-02));
#5926 = VERTEX_POINT('',#5927);
#5927 = CARTESIAN_POINT('',(0.277128129211,-0.32,3.E-02));
#5928 = LINE('',#5929,#5930);
#5929 = CARTESIAN_POINT('',(0.277128129211,0.32,3.E-02));
#5930 = VECTOR('',#5931,1.);
#5931 = DIRECTION('',(0.,-1.,0.));
#5932 = ORIENTED_EDGE('',*,*,#5933,.T.);
#5933 = EDGE_CURVE('',#5926,#5934,#5936,.T.);
#5934 = VERTEX_POINT('',#5935);
#5935 = CARTESIAN_POINT('',(-0.277128129211,0.,3.E-02));
#5936 = LINE('',#5937,#5938);
#5937 = CARTESIAN_POINT('',(0.277128129211,-0.32,3.E-02));
#5938 = VECTOR('',#5939,1.);
#5939 = DIRECTION('',(-0.866025403784,0.5,0.));
#5940 = ORIENTED_EDGE('',*,*,#5941,.T.);
#5941 = EDGE_CURVE('',#5934,#5924,#5942,.T.);
#5942 = LINE('',#5943,#5944);
#5943 = CARTESIAN_POINT('',(-0.277128129211,0.,3.E-02));
#5944 = VECTOR('',#5945,1.);
#5945 = DIRECTION('',(0.866025403784,0.5,0.));
#5946 = PLANE('',#5947);
#5947 = AXIS2_PLACEMENT_3D('',#5948,#5949,#5950);
#5948 = CARTESIAN_POINT('',(-0.77,-0.4,3.E-02));
#5949 = DIRECTION('',(0.,0.,1.));
#5950 = DIRECTION('',(1.,0.,-0.));
#5951 = ADVANCED_FACE('',(#5952),#6013,.F.);
#5952 = FACE_BOUND('',#5953,.F.);
#5953 = EDGE_LOOP('',(#5954,#5964,#5970,#5971,#5972,#5973,#5981,#5989,
    #5998,#6006));
#5954 = ORIENTED_EDGE('',*,*,#5955,.F.);
#5955 = EDGE_CURVE('',#5956,#5958,#5960,.T.);
#5956 = VERTEX_POINT('',#5957);
#5957 = CARTESIAN_POINT('',(0.725,-0.4,0.));
#5958 = VERTEX_POINT('',#5959);
#5959 = CARTESIAN_POINT('',(0.77,-0.4,-3.469446951954E-18));
#5960 = LINE('',#5961,#5962);
#5961 = CARTESIAN_POINT('',(0.5,-0.4,0.));
#5962 = VECTOR('',#5963,1.);
#5963 = DIRECTION('',(1.,0.,0.));
#5964 = ORIENTED_EDGE('',*,*,#5965,.F.);
#5965 = EDGE_CURVE('',#5577,#5956,#5966,.T.);
#5966 = LINE('',#5967,#5968);
#5967 = CARTESIAN_POINT('',(0.725,-0.4,0.375));
#5968 = VECTOR('',#5969,1.);
#5969 = DIRECTION('',(0.,0.,-1.));
#5970 = ORIENTED_EDGE('',*,*,#5576,.T.);
#5971 = ORIENTED_EDGE('',*,*,#5568,.T.);
#5972 = ORIENTED_EDGE('',*,*,#5560,.F.);
#5973 = ORIENTED_EDGE('',*,*,#5974,.F.);
#5974 = EDGE_CURVE('',#5975,#5553,#5977,.T.);
#5975 = VERTEX_POINT('',#5976);
#5976 = CARTESIAN_POINT('',(0.725,-0.4,0.5));
#5977 = LINE('',#5978,#5979);
#5978 = CARTESIAN_POINT('',(0.725,-0.4,0.375));
#5979 = VECTOR('',#5980,1.);
#5980 = DIRECTION('',(0.,0.,-1.));
#5981 = ORIENTED_EDGE('',*,*,#5982,.T.);
#5982 = EDGE_CURVE('',#5975,#5983,#5985,.T.);
#5983 = VERTEX_POINT('',#5984);
#5984 = CARTESIAN_POINT('',(0.77,-0.4,0.5));
#5985 = LINE('',#5986,#5987);
#5986 = CARTESIAN_POINT('',(0.5,-0.4,0.5));
#5987 = VECTOR('',#5988,1.);
#5988 = DIRECTION('',(1.,0.,0.));
#5989 = ORIENTED_EDGE('',*,*,#5990,.F.);
#5990 = EDGE_CURVE('',#5991,#5983,#5993,.T.);
#5991 = VERTEX_POINT('',#5992);
#5992 = CARTESIAN_POINT('',(0.8,-0.4,0.47));
#5993 = CIRCLE('',#5994,3.E-02);
#5994 = AXIS2_PLACEMENT_3D('',#5995,#5996,#5997);
#5995 = CARTESIAN_POINT('',(0.77,-0.4,0.47));
#5996 = DIRECTION('',(0.,-1.,0.));
#5997 = DIRECTION('',(0.,0.,1.));
#5998 = ORIENTED_EDGE('',*,*,#5999,.F.);
#5999 = EDGE_CURVE('',#6000,#5991,#6002,.T.);
#6000 = VERTEX_POINT('',#6001);
#6001 = CARTESIAN_POINT('',(0.8,-0.4,3.E-02));
#6002 = LINE('',#6003,#6004);
#6003 = CARTESIAN_POINT('',(0.8,-0.4,0.));
#6004 = VECTOR('',#6005,1.);
#6005 = DIRECTION('',(0.,0.,1.));
#6006 = ORIENTED_EDGE('',*,*,#6007,.T.);
#6007 = EDGE_CURVE('',#6000,#5958,#6008,.T.);
#6008 = CIRCLE('',#6009,3.E-02);
#6009 = AXIS2_PLACEMENT_3D('',#6010,#6011,#6012);
#6010 = CARTESIAN_POINT('',(0.77,-0.4,3.E-02));
#6011 = DIRECTION('',(0.,1.,0.));
#6012 = DIRECTION('',(0.,-0.,1.));
#6013 = PLANE('',#6014);
#6014 = AXIS2_PLACEMENT_3D('',#6015,#6016,#6017);
#6015 = CARTESIAN_POINT('',(0.5,-0.4,0.));
#6016 = DIRECTION('',(0.,1.,0.));
#6017 = DIRECTION('',(0.,-0.,1.));
#6018 = ADVANCED_FACE('',(#6019),#6037,.T.);
#6019 = FACE_BOUND('',#6020,.T.);
#6020 = EDGE_LOOP('',(#6021,#6029,#6030,#6031));
#6021 = ORIENTED_EDGE('',*,*,#6022,.F.);
#6022 = EDGE_CURVE('',#5625,#6023,#6025,.T.);
#6023 = VERTEX_POINT('',#6024);
#6024 = CARTESIAN_POINT('',(0.725,-0.3,0.47));
#6025 = LINE('',#6026,#6027);
#6026 = CARTESIAN_POINT('',(-2.25E-02,-0.3,0.47));
#6027 = VECTOR('',#6028,1.);
#6028 = DIRECTION('',(1.,0.,0.));
#6029 = ORIENTED_EDGE('',*,*,#5624,.T.);
#6030 = ORIENTED_EDGE('',*,*,#5552,.T.);
#6031 = ORIENTED_EDGE('',*,*,#6032,.F.);
#6032 = EDGE_CURVE('',#6023,#5553,#6033,.T.);
#6033 = LINE('',#6034,#6035);
#6034 = CARTESIAN_POINT('',(0.725,-0.45,0.47));
#6035 = VECTOR('',#6036,1.);
#6036 = DIRECTION('',(0.,-1.,0.));
#6037 = PLANE('',#6038);
#6038 = AXIS2_PLACEMENT_3D('',#6039,#6040,#6041);
#6039 = CARTESIAN_POINT('',(-0.77,-0.4,0.47));
#6040 = DIRECTION('',(0.,0.,1.));
#6041 = DIRECTION('',(1.,0.,-0.));
#6042 = ADVANCED_FACE('',(#6043),#6068,.T.);
#6043 = FACE_BOUND('',#6044,.T.);
#6044 = EDGE_LOOP('',(#6045,#6053,#6054,#6062));
#6045 = ORIENTED_EDGE('',*,*,#6046,.F.);
#6046 = EDGE_CURVE('',#5641,#6047,#6049,.T.);
#6047 = VERTEX_POINT('',#6048);
#6048 = CARTESIAN_POINT('',(0.725,0.4,0.47));
#6049 = LINE('',#6050,#6051);
#6050 = CARTESIAN_POINT('',(-0.77,0.4,0.47));
#6051 = VECTOR('',#6052,1.);
#6052 = DIRECTION('',(1.,0.,0.));
#6053 = ORIENTED_EDGE('',*,*,#5640,.T.);
#6054 = ORIENTED_EDGE('',*,*,#6055,.F.);
#6055 = EDGE_CURVE('',#6056,#5633,#6058,.T.);
#6056 = VERTEX_POINT('',#6057);
#6057 = CARTESIAN_POINT('',(0.725,0.3,0.47));
#6058 = LINE('',#6059,#6060);
#6059 = CARTESIAN_POINT('',(-0.7475,0.3,0.47));
#6060 = VECTOR('',#6061,1.);
#6061 = DIRECTION('',(-1.,0.,0.));
#6062 = ORIENTED_EDGE('',*,*,#6063,.F.);
#6063 = EDGE_CURVE('',#6047,#6056,#6064,.T.);
#6064 = LINE('',#6065,#6066);
#6065 = CARTESIAN_POINT('',(0.725,-5.E-02,0.47));
#6066 = VECTOR('',#6067,1.);
#6067 = DIRECTION('',(0.,-1.,0.));
#6068 = PLANE('',#6069);
#6069 = AXIS2_PLACEMENT_3D('',#6070,#6071,#6072);
#6070 = CARTESIAN_POINT('',(-0.77,-0.4,0.47));
#6071 = DIRECTION('',(0.,0.,1.));
#6072 = DIRECTION('',(1.,0.,-0.));
#6073 = ADVANCED_FACE('',(#6074),#6101,.T.);
#6074 = FACE_BOUND('',#6075,.T.);
#6075 = EDGE_LOOP('',(#6076,#6077,#6086,#6094));
#6076 = ORIENTED_EDGE('',*,*,#5632,.F.);
#6077 = ORIENTED_EDGE('',*,*,#6078,.T.);
#6078 = EDGE_CURVE('',#5625,#6079,#6081,.T.);
#6079 = VERTEX_POINT('',#6080);
#6080 = CARTESIAN_POINT('',(0.53,-0.3,0.5));
#6081 = CIRCLE('',#6082,3.E-02);
#6082 = AXIS2_PLACEMENT_3D('',#6083,#6084,#6085);
#6083 = CARTESIAN_POINT('',(0.53,-0.3,0.47));
#6084 = DIRECTION('',(0.,1.,-0.));
#6085 = DIRECTION('',(-1.,0.,0.));
#6086 = ORIENTED_EDGE('',*,*,#6087,.T.);
#6087 = EDGE_CURVE('',#6079,#6088,#6090,.T.);
#6088 = VERTEX_POINT('',#6089);
#6089 = CARTESIAN_POINT('',(0.53,0.3,0.5));
#6090 = LINE('',#6091,#6092);
#6091 = CARTESIAN_POINT('',(0.53,-0.4,0.5));
#6092 = VECTOR('',#6093,1.);
#6093 = DIRECTION('',(0.,1.,0.));
#6094 = ORIENTED_EDGE('',*,*,#6095,.F.);
#6095 = EDGE_CURVE('',#5633,#6088,#6096,.T.);
#6096 = CIRCLE('',#6097,3.E-02);
#6097 = AXIS2_PLACEMENT_3D('',#6098,#6099,#6100);
#6098 = CARTESIAN_POINT('',(0.53,0.3,0.47));
#6099 = DIRECTION('',(0.,1.,-0.));
#6100 = DIRECTION('',(-1.,0.,0.));
#6101 = CYLINDRICAL_SURFACE('',#6102,3.E-02);
#6102 = AXIS2_PLACEMENT_3D('',#6103,#6104,#6105);
#6103 = CARTESIAN_POINT('',(0.53,-0.4,0.47));
#6104 = DIRECTION('',(0.,1.,0.));
#6105 = DIRECTION('',(-1.,0.,0.));
#6106 = ADVANCED_FACE('',(#6107),#6157,.T.);
#6107 = FACE_BOUND('',#6108,.T.);
#6108 = EDGE_LOOP('',(#6109,#6117,#6125,#6131,#6132,#6133,#6134,#6142,
    #6150,#6156));
#6109 = ORIENTED_EDGE('',*,*,#6110,.F.);
#6110 = EDGE_CURVE('',#6111,#5884,#6113,.T.);
#6111 = VERTEX_POINT('',#6112);
#6112 = CARTESIAN_POINT('',(-0.77,0.4,3.E-02));
#6113 = LINE('',#6114,#6115);
#6114 = CARTESIAN_POINT('',(-0.77,0.4,3.E-02));
#6115 = VECTOR('',#6116,1.);
#6116 = DIRECTION('',(1.,0.,0.));
#6117 = ORIENTED_EDGE('',*,*,#6118,.T.);
#6118 = EDGE_CURVE('',#6111,#6119,#6121,.T.);
#6119 = VERTEX_POINT('',#6120);
#6120 = CARTESIAN_POINT('',(-0.77,0.4,0.47));
#6121 = LINE('',#6122,#6123);
#6122 = CARTESIAN_POINT('',(-0.77,0.4,3.E-02));
#6123 = VECTOR('',#6124,1.);
#6124 = DIRECTION('',(0.,0.,1.));
#6125 = ORIENTED_EDGE('',*,*,#6126,.T.);
#6126 = EDGE_CURVE('',#6119,#5663,#6127,.T.);
#6127 = LINE('',#6128,#6129);
#6128 = CARTESIAN_POINT('',(-0.77,0.4,0.47));
#6129 = VECTOR('',#6130,1.);
#6130 = DIRECTION('',(1.,0.,0.));
#6131 = ORIENTED_EDGE('',*,*,#5662,.T.);
#6132 = ORIENTED_EDGE('',*,*,#5696,.F.);
#6133 = ORIENTED_EDGE('',*,*,#6046,.T.);
#6134 = ORIENTED_EDGE('',*,*,#6135,.T.);
#6135 = EDGE_CURVE('',#6047,#6136,#6138,.T.);
#6136 = VERTEX_POINT('',#6137);
#6137 = CARTESIAN_POINT('',(0.77,0.4,0.47));
#6138 = LINE('',#6139,#6140);
#6139 = CARTESIAN_POINT('',(-0.77,0.4,0.47));
#6140 = VECTOR('',#6141,1.);
#6141 = DIRECTION('',(1.,0.,0.));
#6142 = ORIENTED_EDGE('',*,*,#6143,.F.);
#6143 = EDGE_CURVE('',#6144,#6136,#6146,.T.);
#6144 = VERTEX_POINT('',#6145);
#6145 = CARTESIAN_POINT('',(0.77,0.4,3.E-02));
#6146 = LINE('',#6147,#6148);
#6147 = CARTESIAN_POINT('',(0.77,0.4,3.E-02));
#6148 = VECTOR('',#6149,1.);
#6149 = DIRECTION('',(0.,0.,1.));
#6150 = ORIENTED_EDGE('',*,*,#6151,.F.);
#6151 = EDGE_CURVE('',#5876,#6144,#6152,.T.);
#6152 = LINE('',#6153,#6154);
#6153 = CARTESIAN_POINT('',(-0.77,0.4,3.E-02));
#6154 = VECTOR('',#6155,1.);
#6155 = DIRECTION('',(1.,0.,0.));
#6156 = ORIENTED_EDGE('',*,*,#5883,.F.);
#6157 = PLANE('',#6158);
#6158 = AXIS2_PLACEMENT_3D('',#6159,#6160,#6161);
#6159 = CARTESIAN_POINT('',(-0.77,0.4,3.E-02));
#6160 = DIRECTION('',(0.,1.,0.));
#6161 = DIRECTION('',(0.,-0.,1.));
#6162 = ADVANCED_FACE('',(#6163),#6181,.F.);
#6163 = FACE_BOUND('',#6164,.F.);
#6164 = EDGE_LOOP('',(#6165,#6173,#6179,#6180));
#6165 = ORIENTED_EDGE('',*,*,#6166,.F.);
#6166 = EDGE_CURVE('',#6167,#5711,#6169,.T.);
#6167 = VERTEX_POINT('',#6168);
#6168 = CARTESIAN_POINT('',(-0.725,0.3,0.5));
#6169 = LINE('',#6170,#6171);
#6170 = CARTESIAN_POINT('',(-0.7625,0.3,0.5));
#6171 = VECTOR('',#6172,1.);
#6172 = DIRECTION('',(1.,0.,0.));
#6173 = ORIENTED_EDGE('',*,*,#6174,.T.);
#6174 = EDGE_CURVE('',#6167,#5671,#6175,.T.);
#6175 = LINE('',#6176,#6177);
#6176 = CARTESIAN_POINT('',(-0.725,0.3,0.75));
#6177 = VECTOR('',#6178,1.);
#6178 = DIRECTION('',(-0.,-0.,-1.));
#6179 = ORIENTED_EDGE('',*,*,#5678,.F.);
#6180 = ORIENTED_EDGE('',*,*,#5710,.F.);
#6181 = PLANE('',#6182);
#6182 = AXIS2_PLACEMENT_3D('',#6183,#6184,#6185);
#6183 = CARTESIAN_POINT('',(-0.725,0.3,0.75));
#6184 = DIRECTION('',(0.,-1.,0.));
#6185 = DIRECTION('',(1.,0.,0.));
#6186 = ADVANCED_FACE('',(#6187),#6205,.F.);
#6187 = FACE_BOUND('',#6188,.F.);
#6188 = EDGE_LOOP('',(#6189,#6190,#6198,#6204));
#6189 = ORIENTED_EDGE('',*,*,#6174,.F.);
#6190 = ORIENTED_EDGE('',*,*,#6191,.F.);
#6191 = EDGE_CURVE('',#6192,#6167,#6194,.T.);
#6192 = VERTEX_POINT('',#6193);
#6193 = CARTESIAN_POINT('',(-0.725,0.4,0.5));
#6194 = LINE('',#6195,#6196);
#6195 = CARTESIAN_POINT('',(-0.725,5.E-02,0.5));
#6196 = VECTOR('',#6197,1.);
#6197 = DIRECTION('',(0.,-1.,0.));
#6198 = ORIENTED_EDGE('',*,*,#6199,.F.);
#6199 = EDGE_CURVE('',#5663,#6192,#6200,.T.);
#6200 = LINE('',#6201,#6202);
#6201 = CARTESIAN_POINT('',(-0.725,0.4,0.375));
#6202 = VECTOR('',#6203,1.);
#6203 = DIRECTION('',(0.,0.,1.));
#6204 = ORIENTED_EDGE('',*,*,#5670,.F.);
#6205 = PLANE('',#6206);
#6206 = AXIS2_PLACEMENT_3D('',#6207,#6208,#6209);
#6207 = CARTESIAN_POINT('',(-0.725,0.5,0.75));
#6208 = DIRECTION('',(-1.,0.,0.));
#6209 = DIRECTION('',(0.,-1.,0.));
#6210 = ADVANCED_FACE('',(#6211),#6229,.F.);
#6211 = FACE_BOUND('',#6212,.F.);
#6212 = EDGE_LOOP('',(#6213,#6221,#6227,#6228));
#6213 = ORIENTED_EDGE('',*,*,#6214,.F.);
#6214 = EDGE_CURVE('',#6215,#5744,#6217,.T.);
#6215 = VERTEX_POINT('',#6216);
#6216 = CARTESIAN_POINT('',(-0.725,-0.3,0.5));
#6217 = LINE('',#6218,#6219);
#6218 = CARTESIAN_POINT('',(-0.725,-0.3,0.75));
#6219 = VECTOR('',#6220,1.);
#6220 = DIRECTION('',(-0.,-0.,-1.));
#6221 = ORIENTED_EDGE('',*,*,#6222,.F.);
#6222 = EDGE_CURVE('',#5720,#6215,#6223,.T.);
#6223 = LINE('',#6224,#6225);
#6224 = CARTESIAN_POINT('',(-3.75E-02,-0.3,0.5));
#6225 = VECTOR('',#6226,1.);
#6226 = DIRECTION('',(-1.,0.,0.));
#6227 = ORIENTED_EDGE('',*,*,#5727,.T.);
#6228 = ORIENTED_EDGE('',*,*,#5753,.F.);
#6229 = PLANE('',#6230);
#6230 = AXIS2_PLACEMENT_3D('',#6231,#6232,#6233);
#6231 = CARTESIAN_POINT('',(0.725,-0.3,0.75));
#6232 = DIRECTION('',(0.,1.,0.));
#6233 = DIRECTION('',(-1.,0.,0.));
#6234 = ADVANCED_FACE('',(#6235),#6262,.T.);
#6235 = FACE_BOUND('',#6236,.T.);
#6236 = EDGE_LOOP('',(#6237,#6245,#6251,#6252,#6258,#6259,#6260,#6261));
#6237 = ORIENTED_EDGE('',*,*,#6238,.F.);
#6238 = EDGE_CURVE('',#6239,#6192,#6241,.T.);
#6239 = VERTEX_POINT('',#6240);
#6240 = CARTESIAN_POINT('',(-0.77,0.4,0.5));
#6241 = LINE('',#6242,#6243);
#6242 = CARTESIAN_POINT('',(-0.8,0.4,0.5));
#6243 = VECTOR('',#6244,1.);
#6244 = DIRECTION('',(1.,0.,0.));
#6245 = ORIENTED_EDGE('',*,*,#6246,.F.);
#6246 = EDGE_CURVE('',#5795,#6239,#6247,.T.);
#6247 = LINE('',#6248,#6249);
#6248 = CARTESIAN_POINT('',(-0.77,-0.4,0.5));
#6249 = VECTOR('',#6250,1.);
#6250 = DIRECTION('',(0.,1.,0.));
#6251 = ORIENTED_EDGE('',*,*,#5803,.T.);
#6252 = ORIENTED_EDGE('',*,*,#6253,.F.);
#6253 = EDGE_CURVE('',#6215,#5804,#6254,.T.);
#6254 = LINE('',#6255,#6256);
#6255 = CARTESIAN_POINT('',(-0.725,-0.35,0.5));
#6256 = VECTOR('',#6257,1.);
#6257 = DIRECTION('',(0.,-1.,0.));
#6258 = ORIENTED_EDGE('',*,*,#6222,.F.);
#6259 = ORIENTED_EDGE('',*,*,#5719,.T.);
#6260 = ORIENTED_EDGE('',*,*,#6166,.F.);
#6261 = ORIENTED_EDGE('',*,*,#6191,.F.);
#6262 = PLANE('',#6263);
#6263 = AXIS2_PLACEMENT_3D('',#6264,#6265,#6266);
#6264 = CARTESIAN_POINT('',(-0.8,-0.4,0.5));
#6265 = DIRECTION('',(0.,0.,1.));
#6266 = DIRECTION('',(1.,0.,-0.));
#6267 = ADVANCED_FACE('',(#6268),#6274,.F.);
#6268 = FACE_BOUND('',#6269,.F.);
#6269 = EDGE_LOOP('',(#6270,#6271,#6272,#6273));
#6270 = ORIENTED_EDGE('',*,*,#6253,.F.);
#6271 = ORIENTED_EDGE('',*,*,#6214,.T.);
#6272 = ORIENTED_EDGE('',*,*,#5743,.F.);
#6273 = ORIENTED_EDGE('',*,*,#5811,.T.);
#6274 = PLANE('',#6275);
#6275 = AXIS2_PLACEMENT_3D('',#6276,#6277,#6278);
#6276 = CARTESIAN_POINT('',(-0.725,-0.3,0.75));
#6277 = DIRECTION('',(-1.,0.,0.));
#6278 = DIRECTION('',(0.,-1.,0.));
#6279 = ADVANCED_FACE('',(#6280),#6337,.F.);
#6280 = FACE_BOUND('',#6281,.F.);
#6281 = EDGE_LOOP('',(#6282,#6292,#6298,#6299,#6307,#6315,#6323,#6331));
#6282 = ORIENTED_EDGE('',*,*,#6283,.F.);
#6283 = EDGE_CURVE('',#6284,#6286,#6288,.T.);
#6284 = VERTEX_POINT('',#6285);
#6285 = CARTESIAN_POINT('',(-0.77,0.4,-3.469446951954E-18));
#6286 = VERTEX_POINT('',#6287);
#6287 = CARTESIAN_POINT('',(-0.725,0.4,0.));
#6288 = LINE('',#6289,#6290);
#6289 = CARTESIAN_POINT('',(-0.8,0.4,0.));
#6290 = VECTOR('',#6291,1.);
#6291 = DIRECTION('',(1.,0.,0.));
#6292 = ORIENTED_EDGE('',*,*,#6293,.F.);
#6293 = EDGE_CURVE('',#5768,#6284,#6294,.T.);
#6294 = LINE('',#6295,#6296);
#6295 = CARTESIAN_POINT('',(-0.77,-0.4,-3.469446951954E-18));
#6296 = VECTOR('',#6297,1.);
#6297 = DIRECTION('',(0.,1.,0.));
#6298 = ORIENTED_EDGE('',*,*,#5767,.T.);
#6299 = ORIENTED_EDGE('',*,*,#6300,.F.);
#6300 = EDGE_CURVE('',#6301,#5770,#6303,.T.);
#6301 = VERTEX_POINT('',#6302);
#6302 = CARTESIAN_POINT('',(-0.725,-0.3,0.));
#6303 = LINE('',#6304,#6305);
#6304 = CARTESIAN_POINT('',(-0.725,-0.35,0.));
#6305 = VECTOR('',#6306,1.);
#6306 = DIRECTION('',(0.,-1.,0.));
#6307 = ORIENTED_EDGE('',*,*,#6308,.F.);
#6308 = EDGE_CURVE('',#6309,#6301,#6311,.T.);
#6309 = VERTEX_POINT('',#6310);
#6310 = CARTESIAN_POINT('',(-0.53,-0.3,-3.469446951954E-18));
#6311 = LINE('',#6312,#6313);
#6312 = CARTESIAN_POINT('',(-3.75E-02,-0.3,0.));
#6313 = VECTOR('',#6314,1.);
#6314 = DIRECTION('',(-1.,0.,0.));
#6315 = ORIENTED_EDGE('',*,*,#6316,.T.);
#6316 = EDGE_CURVE('',#6309,#6317,#6319,.T.);
#6317 = VERTEX_POINT('',#6318);
#6318 = CARTESIAN_POINT('',(-0.53,0.3,-3.469446951954E-18));
#6319 = LINE('',#6320,#6321);
#6320 = CARTESIAN_POINT('',(-0.53,-0.4,-3.469446951954E-18));
#6321 = VECTOR('',#6322,1.);
#6322 = DIRECTION('',(0.,1.,0.));
#6323 = ORIENTED_EDGE('',*,*,#6324,.F.);
#6324 = EDGE_CURVE('',#6325,#6317,#6327,.T.);
#6325 = VERTEX_POINT('',#6326);
#6326 = CARTESIAN_POINT('',(-0.725,0.3,0.));
#6327 = LINE('',#6328,#6329);
#6328 = CARTESIAN_POINT('',(-0.7625,0.3,0.));
#6329 = VECTOR('',#6330,1.);
#6330 = DIRECTION('',(1.,0.,0.));
#6331 = ORIENTED_EDGE('',*,*,#6332,.F.);
#6332 = EDGE_CURVE('',#6286,#6325,#6333,.T.);
#6333 = LINE('',#6334,#6335);
#6334 = CARTESIAN_POINT('',(-0.725,5.E-02,0.));
#6335 = VECTOR('',#6336,1.);
#6336 = DIRECTION('',(0.,-1.,0.));
#6337 = PLANE('',#6338);
#6338 = AXIS2_PLACEMENT_3D('',#6339,#6340,#6341);
#6339 = CARTESIAN_POINT('',(-0.8,-0.4,0.));
#6340 = DIRECTION('',(0.,0.,1.));
#6341 = DIRECTION('',(1.,0.,-0.));
#6342 = ADVANCED_FACE('',(#6343),#6362,.T.);
#6343 = FACE_BOUND('',#6344,.T.);
#6344 = EDGE_LOOP('',(#6345,#6353,#6360,#6361));
#6345 = ORIENTED_EDGE('',*,*,#6346,.T.);
#6346 = EDGE_CURVE('',#5778,#6347,#6349,.T.);
#6347 = VERTEX_POINT('',#6348);
#6348 = CARTESIAN_POINT('',(-0.8,0.4,3.E-02));
#6349 = LINE('',#6350,#6351);
#6350 = CARTESIAN_POINT('',(-0.8,-0.4,3.E-02));
#6351 = VECTOR('',#6352,1.);
#6352 = DIRECTION('',(0.,1.,0.));
#6353 = ORIENTED_EDGE('',*,*,#6354,.T.);
#6354 = EDGE_CURVE('',#6347,#6284,#6355,.T.);
#6355 = CIRCLE('',#6356,3.E-02);
#6356 = AXIS2_PLACEMENT_3D('',#6357,#6358,#6359);
#6357 = CARTESIAN_POINT('',(-0.77,0.4,3.E-02));
#6358 = DIRECTION('',(0.,-1.,0.));
#6359 = DIRECTION('',(0.,0.,1.));
#6360 = ORIENTED_EDGE('',*,*,#6293,.F.);
#6361 = ORIENTED_EDGE('',*,*,#5777,.F.);
#6362 = CYLINDRICAL_SURFACE('',#6363,3.E-02);
#6363 = AXIS2_PLACEMENT_3D('',#6364,#6365,#6366);
#6364 = CARTESIAN_POINT('',(-0.77,-0.4,3.E-02));
#6365 = DIRECTION('',(0.,1.,0.));
#6366 = DIRECTION('',(-1.,0.,0.));
#6367 = ADVANCED_FACE('',(#6368),#6379,.F.);
#6368 = FACE_BOUND('',#6369,.F.);
#6369 = EDGE_LOOP('',(#6370,#6371,#6377,#6378));
#6370 = ORIENTED_EDGE('',*,*,#5834,.T.);
#6371 = ORIENTED_EDGE('',*,*,#6372,.T.);
#6372 = EDGE_CURVE('',#5835,#6301,#6373,.T.);
#6373 = LINE('',#6374,#6375);
#6374 = CARTESIAN_POINT('',(-0.725,-0.3,0.75));
#6375 = VECTOR('',#6376,1.);
#6376 = DIRECTION('',(-0.,-0.,-1.));
#6377 = ORIENTED_EDGE('',*,*,#6300,.T.);
#6378 = ORIENTED_EDGE('',*,*,#5820,.T.);
#6379 = PLANE('',#6380);
#6380 = AXIS2_PLACEMENT_3D('',#6381,#6382,#6383);
#6381 = CARTESIAN_POINT('',(-0.725,-0.3,0.75));
#6382 = DIRECTION('',(-1.,0.,0.));
#6383 = DIRECTION('',(0.,-1.,0.));
#6384 = ADVANCED_FACE('',(#6385),#6403,.F.);
#6385 = FACE_BOUND('',#6386,.F.);
#6386 = EDGE_LOOP('',(#6387,#6388,#6389,#6397));
#6387 = ORIENTED_EDGE('',*,*,#5786,.F.);
#6388 = ORIENTED_EDGE('',*,*,#6346,.T.);
#6389 = ORIENTED_EDGE('',*,*,#6390,.T.);
#6390 = EDGE_CURVE('',#6347,#6391,#6393,.T.);
#6391 = VERTEX_POINT('',#6392);
#6392 = CARTESIAN_POINT('',(-0.8,0.4,0.47));
#6393 = LINE('',#6394,#6395);
#6394 = CARTESIAN_POINT('',(-0.8,0.4,0.));
#6395 = VECTOR('',#6396,1.);
#6396 = DIRECTION('',(0.,0.,1.));
#6397 = ORIENTED_EDGE('',*,*,#6398,.F.);
#6398 = EDGE_CURVE('',#5787,#6391,#6399,.T.);
#6399 = LINE('',#6400,#6401);
#6400 = CARTESIAN_POINT('',(-0.8,-0.4,0.47));
#6401 = VECTOR('',#6402,1.);
#6402 = DIRECTION('',(0.,1.,0.));
#6403 = PLANE('',#6404);
#6404 = AXIS2_PLACEMENT_3D('',#6405,#6406,#6407);
#6405 = CARTESIAN_POINT('',(-0.8,-0.4,0.));
#6406 = DIRECTION('',(1.,0.,0.));
#6407 = DIRECTION('',(0.,0.,1.));
#6408 = ADVANCED_FACE('',(#6409),#6421,.T.);
#6409 = FACE_BOUND('',#6410,.T.);
#6410 = EDGE_LOOP('',(#6411,#6412,#6413,#6420));
#6411 = ORIENTED_EDGE('',*,*,#5794,.T.);
#6412 = ORIENTED_EDGE('',*,*,#6246,.T.);
#6413 = ORIENTED_EDGE('',*,*,#6414,.F.);
#6414 = EDGE_CURVE('',#6391,#6239,#6415,.T.);
#6415 = CIRCLE('',#6416,3.E-02);
#6416 = AXIS2_PLACEMENT_3D('',#6417,#6418,#6419);
#6417 = CARTESIAN_POINT('',(-0.77,0.4,0.47));
#6418 = DIRECTION('',(0.,1.,0.));
#6419 = DIRECTION('',(0.,-0.,1.));
#6420 = ORIENTED_EDGE('',*,*,#6398,.F.);
#6421 = CYLINDRICAL_SURFACE('',#6422,3.E-02);
#6422 = AXIS2_PLACEMENT_3D('',#6423,#6424,#6425);
#6423 = CARTESIAN_POINT('',(-0.77,-0.4,0.47));
#6424 = DIRECTION('',(0.,1.,0.));
#6425 = DIRECTION('',(-1.,0.,0.));
#6426 = ADVANCED_FACE('',(#6427),#6439,.F.);
#6427 = FACE_BOUND('',#6428,.F.);
#6428 = EDGE_LOOP('',(#6429,#6430,#6431,#6438));
#6429 = ORIENTED_EDGE('',*,*,#6372,.F.);
#6430 = ORIENTED_EDGE('',*,*,#5915,.T.);
#6431 = ORIENTED_EDGE('',*,*,#6432,.T.);
#6432 = EDGE_CURVE('',#5908,#6309,#6433,.T.);
#6433 = CIRCLE('',#6434,3.E-02);
#6434 = AXIS2_PLACEMENT_3D('',#6435,#6436,#6437);
#6435 = CARTESIAN_POINT('',(-0.53,-0.3,3.E-02));
#6436 = DIRECTION('',(-0.,1.,0.));
#6437 = DIRECTION('',(1.,0.,0.));
#6438 = ORIENTED_EDGE('',*,*,#6308,.T.);
#6439 = PLANE('',#6440);
#6440 = AXIS2_PLACEMENT_3D('',#6441,#6442,#6443);
#6441 = CARTESIAN_POINT('',(0.725,-0.3,0.75));
#6442 = DIRECTION('',(0.,1.,0.));
#6443 = DIRECTION('',(-1.,0.,0.));
#6444 = ADVANCED_FACE('',(#6445),#6457,.T.);
#6445 = FACE_BOUND('',#6446,.T.);
#6446 = EDGE_LOOP('',(#6447,#6448,#6449,#6450));
#6447 = ORIENTED_EDGE('',*,*,#5907,.F.);
#6448 = ORIENTED_EDGE('',*,*,#6432,.T.);
#6449 = ORIENTED_EDGE('',*,*,#6316,.T.);
#6450 = ORIENTED_EDGE('',*,*,#6451,.F.);
#6451 = EDGE_CURVE('',#5900,#6317,#6452,.T.);
#6452 = CIRCLE('',#6453,3.E-02);
#6453 = AXIS2_PLACEMENT_3D('',#6454,#6455,#6456);
#6454 = CARTESIAN_POINT('',(-0.53,0.3,3.E-02));
#6455 = DIRECTION('',(-0.,1.,0.));
#6456 = DIRECTION('',(1.,0.,0.));
#6457 = CYLINDRICAL_SURFACE('',#6458,3.E-02);
#6458 = AXIS2_PLACEMENT_3D('',#6459,#6460,#6461);
#6459 = CARTESIAN_POINT('',(-0.53,-0.4,3.E-02));
#6460 = DIRECTION('',(0.,1.,0.));
#6461 = DIRECTION('',(1.,0.,0.));
#6462 = ADVANCED_FACE('',(#6463),#6474,.F.);
#6463 = FACE_BOUND('',#6464,.F.);
#6464 = EDGE_LOOP('',(#6465,#6466,#6472,#6473));
#6465 = ORIENTED_EDGE('',*,*,#5899,.T.);
#6466 = ORIENTED_EDGE('',*,*,#6467,.T.);
#6467 = EDGE_CURVE('',#5892,#6325,#6468,.T.);
#6468 = LINE('',#6469,#6470);
#6469 = CARTESIAN_POINT('',(-0.725,0.3,0.75));
#6470 = VECTOR('',#6471,1.);
#6471 = DIRECTION('',(-0.,-0.,-1.));
#6472 = ORIENTED_EDGE('',*,*,#6324,.T.);
#6473 = ORIENTED_EDGE('',*,*,#6451,.F.);
#6474 = PLANE('',#6475);
#6475 = AXIS2_PLACEMENT_3D('',#6476,#6477,#6478);
#6476 = CARTESIAN_POINT('',(-0.725,0.3,0.75));
#6477 = DIRECTION('',(0.,-1.,0.));
#6478 = DIRECTION('',(1.,0.,0.));
#6479 = ADVANCED_FACE('',(#6480),#6491,.F.);
#6480 = FACE_BOUND('',#6481,.F.);
#6481 = EDGE_LOOP('',(#6482,#6483,#6484,#6490));
#6482 = ORIENTED_EDGE('',*,*,#6467,.F.);
#6483 = ORIENTED_EDGE('',*,*,#5891,.T.);
#6484 = ORIENTED_EDGE('',*,*,#6485,.F.);
#6485 = EDGE_CURVE('',#6286,#5884,#6486,.T.);
#6486 = LINE('',#6487,#6488);
#6487 = CARTESIAN_POINT('',(-0.725,0.4,0.375));
#6488 = VECTOR('',#6489,1.);
#6489 = DIRECTION('',(0.,0.,1.));
#6490 = ORIENTED_EDGE('',*,*,#6332,.T.);
#6491 = PLANE('',#6492);
#6492 = AXIS2_PLACEMENT_3D('',#6493,#6494,#6495);
#6493 = CARTESIAN_POINT('',(-0.725,0.5,0.75));
#6494 = DIRECTION('',(-1.,0.,0.));
#6495 = DIRECTION('',(0.,-1.,0.));
#6496 = ADVANCED_FACE('',(#6497),#6522,.F.);
#6497 = FACE_BOUND('',#6498,.F.);
#6498 = EDGE_LOOP('',(#6499,#6500,#6508,#6516));
#6499 = ORIENTED_EDGE('',*,*,#5875,.T.);
#6500 = ORIENTED_EDGE('',*,*,#6501,.T.);
#6501 = EDGE_CURVE('',#5868,#6502,#6504,.T.);
#6502 = VERTEX_POINT('',#6503);
#6503 = CARTESIAN_POINT('',(0.725,0.3,0.));
#6504 = LINE('',#6505,#6506);
#6505 = CARTESIAN_POINT('',(0.725,0.3,0.75));
#6506 = VECTOR('',#6507,1.);
#6507 = DIRECTION('',(-0.,-0.,-1.));
#6508 = ORIENTED_EDGE('',*,*,#6509,.T.);
#6509 = EDGE_CURVE('',#6502,#6510,#6512,.T.);
#6510 = VERTEX_POINT('',#6511);
#6511 = CARTESIAN_POINT('',(0.725,0.4,0.));
#6512 = LINE('',#6513,#6514);
#6513 = CARTESIAN_POINT('',(0.725,-5.E-02,0.));
#6514 = VECTOR('',#6515,1.);
#6515 = DIRECTION('',(0.,1.,0.));
#6516 = ORIENTED_EDGE('',*,*,#6517,.F.);
#6517 = EDGE_CURVE('',#5876,#6510,#6518,.T.);
#6518 = LINE('',#6519,#6520);
#6519 = CARTESIAN_POINT('',(0.725,0.4,0.375));
#6520 = VECTOR('',#6521,1.);
#6521 = DIRECTION('',(0.,0.,-1.));
#6522 = PLANE('',#6523);
#6523 = AXIS2_PLACEMENT_3D('',#6524,#6525,#6526);
#6524 = CARTESIAN_POINT('',(0.725,0.3,0.75));
#6525 = DIRECTION('',(1.,0.,0.));
#6526 = DIRECTION('',(-0.,1.,0.));
#6527 = ADVANCED_FACE('',(#6528),#6547,.F.);
#6528 = FACE_BOUND('',#6529,.F.);
#6529 = EDGE_LOOP('',(#6530,#6531,#6532,#6541));
#6530 = ORIENTED_EDGE('',*,*,#6501,.F.);
#6531 = ORIENTED_EDGE('',*,*,#5867,.T.);
#6532 = ORIENTED_EDGE('',*,*,#6533,.F.);
#6533 = EDGE_CURVE('',#6534,#5860,#6536,.T.);
#6534 = VERTEX_POINT('',#6535);
#6535 = CARTESIAN_POINT('',(0.53,0.3,-3.469446951954E-18));
#6536 = CIRCLE('',#6537,3.E-02);
#6537 = AXIS2_PLACEMENT_3D('',#6538,#6539,#6540);
#6538 = CARTESIAN_POINT('',(0.53,0.3,3.E-02));
#6539 = DIRECTION('',(0.,1.,-0.));
#6540 = DIRECTION('',(-1.,0.,0.));
#6541 = ORIENTED_EDGE('',*,*,#6542,.T.);
#6542 = EDGE_CURVE('',#6534,#6502,#6543,.T.);
#6543 = LINE('',#6544,#6545);
#6544 = CARTESIAN_POINT('',(-0.1125,0.3,0.));
#6545 = VECTOR('',#6546,1.);
#6546 = DIRECTION('',(1.,0.,0.));
#6547 = PLANE('',#6548);
#6548 = AXIS2_PLACEMENT_3D('',#6549,#6550,#6551);
#6549 = CARTESIAN_POINT('',(-0.725,0.3,0.75));
#6550 = DIRECTION('',(0.,-1.,0.));
#6551 = DIRECTION('',(1.,0.,0.));
#6552 = ADVANCED_FACE('',(#6553),#6572,.T.);
#6553 = FACE_BOUND('',#6554,.T.);
#6554 = EDGE_LOOP('',(#6555,#6556,#6564,#6571));
#6555 = ORIENTED_EDGE('',*,*,#6533,.F.);
#6556 = ORIENTED_EDGE('',*,*,#6557,.F.);
#6557 = EDGE_CURVE('',#6558,#6534,#6560,.T.);
#6558 = VERTEX_POINT('',#6559);
#6559 = CARTESIAN_POINT('',(0.53,-0.3,-3.469446951954E-18));
#6560 = LINE('',#6561,#6562);
#6561 = CARTESIAN_POINT('',(0.53,-0.4,-3.469446951954E-18));
#6562 = VECTOR('',#6563,1.);
#6563 = DIRECTION('',(0.,1.,0.));
#6564 = ORIENTED_EDGE('',*,*,#6565,.T.);
#6565 = EDGE_CURVE('',#6558,#5852,#6566,.T.);
#6566 = CIRCLE('',#6567,3.E-02);
#6567 = AXIS2_PLACEMENT_3D('',#6568,#6569,#6570);
#6568 = CARTESIAN_POINT('',(0.53,-0.3,3.E-02));
#6569 = DIRECTION('',(0.,1.,-0.));
#6570 = DIRECTION('',(-1.,0.,0.));
#6571 = ORIENTED_EDGE('',*,*,#5859,.T.);
#6572 = CYLINDRICAL_SURFACE('',#6573,3.E-02);
#6573 = AXIS2_PLACEMENT_3D('',#6574,#6575,#6576);
#6574 = CARTESIAN_POINT('',(0.53,-0.4,3.E-02));
#6575 = DIRECTION('',(0.,1.,0.));
#6576 = DIRECTION('',(-1.,0.,0.));
#6577 = ADVANCED_FACE('',(#6578),#6596,.F.);
#6578 = FACE_BOUND('',#6579,.F.);
#6579 = EDGE_LOOP('',(#6580,#6581,#6589,#6595));
#6580 = ORIENTED_EDGE('',*,*,#5851,.T.);
#6581 = ORIENTED_EDGE('',*,*,#6582,.T.);
#6582 = EDGE_CURVE('',#5844,#6583,#6585,.T.);
#6583 = VERTEX_POINT('',#6584);
#6584 = CARTESIAN_POINT('',(0.725,-0.3,0.));
#6585 = LINE('',#6586,#6587);
#6586 = CARTESIAN_POINT('',(0.725,-0.3,0.75));
#6587 = VECTOR('',#6588,1.);
#6588 = DIRECTION('',(-0.,-0.,-1.));
#6589 = ORIENTED_EDGE('',*,*,#6590,.T.);
#6590 = EDGE_CURVE('',#6583,#6558,#6591,.T.);
#6591 = LINE('',#6592,#6593);
#6592 = CARTESIAN_POINT('',(0.6125,-0.3,0.));
#6593 = VECTOR('',#6594,1.);
#6594 = DIRECTION('',(-1.,0.,0.));
#6595 = ORIENTED_EDGE('',*,*,#6565,.T.);
#6596 = PLANE('',#6597);
#6597 = AXIS2_PLACEMENT_3D('',#6598,#6599,#6600);
#6598 = CARTESIAN_POINT('',(0.725,-0.3,0.75));
#6599 = DIRECTION('',(0.,1.,0.));
#6600 = DIRECTION('',(-1.,0.,0.));
#6601 = ADVANCED_FACE('',(#6602),#6613,.F.);
#6602 = FACE_BOUND('',#6603,.F.);
#6603 = EDGE_LOOP('',(#6604,#6605,#6606,#6607));
#6604 = ORIENTED_EDGE('',*,*,#6582,.F.);
#6605 = ORIENTED_EDGE('',*,*,#5843,.T.);
#6606 = ORIENTED_EDGE('',*,*,#5965,.T.);
#6607 = ORIENTED_EDGE('',*,*,#6608,.T.);
#6608 = EDGE_CURVE('',#5956,#6583,#6609,.T.);
#6609 = LINE('',#6610,#6611);
#6610 = CARTESIAN_POINT('',(0.725,-0.45,0.));
#6611 = VECTOR('',#6612,1.);
#6612 = DIRECTION('',(0.,1.,0.));
#6613 = PLANE('',#6614);
#6614 = AXIS2_PLACEMENT_3D('',#6615,#6616,#6617);
#6615 = CARTESIAN_POINT('',(0.725,-0.5,0.75));
#6616 = DIRECTION('',(1.,0.,0.));
#6617 = DIRECTION('',(-0.,1.,0.));
#6618 = ADVANCED_FACE('',(#6619),#6644,.T.);
#6619 = FACE_BOUND('',#6620,.T.);
#6620 = EDGE_LOOP('',(#6621,#6629,#6630,#6638));
#6621 = ORIENTED_EDGE('',*,*,#6622,.T.);
#6622 = EDGE_CURVE('',#6623,#5924,#6625,.T.);
#6623 = VERTEX_POINT('',#6624);
#6624 = CARTESIAN_POINT('',(0.277128129211,0.32,1.5E-02));
#6625 = LINE('',#6626,#6627);
#6626 = CARTESIAN_POINT('',(0.277128129211,0.32,1.5E-02));
#6627 = VECTOR('',#6628,1.);
#6628 = DIRECTION('',(0.,0.,1.));
#6629 = ORIENTED_EDGE('',*,*,#5923,.T.);
#6630 = ORIENTED_EDGE('',*,*,#6631,.F.);
#6631 = EDGE_CURVE('',#6632,#5926,#6634,.T.);
#6632 = VERTEX_POINT('',#6633);
#6633 = CARTESIAN_POINT('',(0.277128129211,-0.32,1.5E-02));
#6634 = LINE('',#6635,#6636);
#6635 = CARTESIAN_POINT('',(0.277128129211,-0.32,1.5E-02));
#6636 = VECTOR('',#6637,1.);
#6637 = DIRECTION('',(0.,0.,1.));
#6638 = ORIENTED_EDGE('',*,*,#6639,.F.);
#6639 = EDGE_CURVE('',#6623,#6632,#6640,.T.);
#6640 = LINE('',#6641,#6642);
#6641 = CARTESIAN_POINT('',(0.277128129211,0.32,1.5E-02));
#6642 = VECTOR('',#6643,1.);
#6643 = DIRECTION('',(0.,-1.,0.));
#6644 = PLANE('',#6645);
#6645 = AXIS2_PLACEMENT_3D('',#6646,#6647,#6648);
#6646 = CARTESIAN_POINT('',(0.277128129211,0.32,1.5E-02));
#6647 = DIRECTION('',(1.,0.,0.));
#6648 = DIRECTION('',(0.,-1.,0.));
#6649 = ADVANCED_FACE('',(#6650),#6668,.T.);
#6650 = FACE_BOUND('',#6651,.T.);
#6651 = EDGE_LOOP('',(#6652,#6660,#6661,#6662));
#6652 = ORIENTED_EDGE('',*,*,#6653,.T.);
#6653 = EDGE_CURVE('',#6654,#5934,#6656,.T.);
#6654 = VERTEX_POINT('',#6655);
#6655 = CARTESIAN_POINT('',(-0.277128129211,0.,1.5E-02));
#6656 = LINE('',#6657,#6658);
#6657 = CARTESIAN_POINT('',(-0.277128129211,0.,1.5E-02));
#6658 = VECTOR('',#6659,1.);
#6659 = DIRECTION('',(0.,0.,1.));
#6660 = ORIENTED_EDGE('',*,*,#5941,.T.);
#6661 = ORIENTED_EDGE('',*,*,#6622,.F.);
#6662 = ORIENTED_EDGE('',*,*,#6663,.F.);
#6663 = EDGE_CURVE('',#6654,#6623,#6664,.T.);
#6664 = LINE('',#6665,#6666);
#6665 = CARTESIAN_POINT('',(-0.277128129211,0.,1.5E-02));
#6666 = VECTOR('',#6667,1.);
#6667 = DIRECTION('',(0.866025403784,0.5,0.));
#6668 = PLANE('',#6669);
#6669 = AXIS2_PLACEMENT_3D('',#6670,#6671,#6672);
#6670 = CARTESIAN_POINT('',(-0.277128129211,0.,1.5E-02));
#6671 = DIRECTION('',(-0.5,0.866025403784,0.));
#6672 = DIRECTION('',(0.866025403784,0.5,0.));
#6673 = ADVANCED_FACE('',(#6674),#6685,.T.);
#6674 = FACE_BOUND('',#6675,.T.);
#6675 = EDGE_LOOP('',(#6676,#6677,#6678,#6679));
#6676 = ORIENTED_EDGE('',*,*,#6631,.T.);
#6677 = ORIENTED_EDGE('',*,*,#5933,.T.);
#6678 = ORIENTED_EDGE('',*,*,#6653,.F.);
#6679 = ORIENTED_EDGE('',*,*,#6680,.F.);
#6680 = EDGE_CURVE('',#6632,#6654,#6681,.T.);
#6681 = LINE('',#6682,#6683);
#6682 = CARTESIAN_POINT('',(0.277128129211,-0.32,1.5E-02));
#6683 = VECTOR('',#6684,1.);
#6684 = DIRECTION('',(-0.866025403784,0.5,0.));
#6685 = PLANE('',#6686);
#6686 = AXIS2_PLACEMENT_3D('',#6687,#6688,#6689);
#6687 = CARTESIAN_POINT('',(0.277128129211,-0.32,1.5E-02));
#6688 = DIRECTION('',(-0.5,-0.866025403784,0.));
#6689 = DIRECTION('',(-0.866025403784,0.5,0.));
#6690 = ADVANCED_FACE('',(#6691),#6713,.F.);
#6691 = FACE_BOUND('',#6692,.F.);
#6692 = EDGE_LOOP('',(#6693,#6701,#6702,#6703,#6704,#6705,#6706,#6707));
#6693 = ORIENTED_EDGE('',*,*,#6694,.F.);
#6694 = EDGE_CURVE('',#6510,#6695,#6697,.T.);
#6695 = VERTEX_POINT('',#6696);
#6696 = CARTESIAN_POINT('',(0.77,0.4,-3.469446951954E-18));
#6697 = LINE('',#6698,#6699);
#6698 = CARTESIAN_POINT('',(0.5,0.4,0.));
#6699 = VECTOR('',#6700,1.);
#6700 = DIRECTION('',(1.,0.,0.));
#6701 = ORIENTED_EDGE('',*,*,#6509,.F.);
#6702 = ORIENTED_EDGE('',*,*,#6542,.F.);
#6703 = ORIENTED_EDGE('',*,*,#6557,.F.);
#6704 = ORIENTED_EDGE('',*,*,#6590,.F.);
#6705 = ORIENTED_EDGE('',*,*,#6608,.F.);
#6706 = ORIENTED_EDGE('',*,*,#5955,.T.);
#6707 = ORIENTED_EDGE('',*,*,#6708,.T.);
#6708 = EDGE_CURVE('',#5958,#6695,#6709,.T.);
#6709 = LINE('',#6710,#6711);
#6710 = CARTESIAN_POINT('',(0.77,-0.4,-3.469446951954E-18));
#6711 = VECTOR('',#6712,1.);
#6712 = DIRECTION('',(0.,1.,0.));
#6713 = PLANE('',#6714);
#6714 = AXIS2_PLACEMENT_3D('',#6715,#6716,#6717);
#6715 = CARTESIAN_POINT('',(0.5,-0.4,0.));
#6716 = DIRECTION('',(0.,0.,1.));
#6717 = DIRECTION('',(1.,0.,-0.));
#6718 = ADVANCED_FACE('',(#6719),#6738,.T.);
#6719 = FACE_BOUND('',#6720,.T.);
#6720 = EDGE_LOOP('',(#6721,#6722,#6723,#6732));
#6721 = ORIENTED_EDGE('',*,*,#6007,.T.);
#6722 = ORIENTED_EDGE('',*,*,#6708,.T.);
#6723 = ORIENTED_EDGE('',*,*,#6724,.F.);
#6724 = EDGE_CURVE('',#6725,#6695,#6727,.T.);
#6725 = VERTEX_POINT('',#6726);
#6726 = CARTESIAN_POINT('',(0.8,0.4,3.E-02));
#6727 = CIRCLE('',#6728,3.E-02);
#6728 = AXIS2_PLACEMENT_3D('',#6729,#6730,#6731);
#6729 = CARTESIAN_POINT('',(0.77,0.4,3.E-02));
#6730 = DIRECTION('',(0.,1.,0.));
#6731 = DIRECTION('',(0.,-0.,1.));
#6732 = ORIENTED_EDGE('',*,*,#6733,.F.);
#6733 = EDGE_CURVE('',#6000,#6725,#6734,.T.);
#6734 = LINE('',#6735,#6736);
#6735 = CARTESIAN_POINT('',(0.8,-0.4,3.E-02));
#6736 = VECTOR('',#6737,1.);
#6737 = DIRECTION('',(0.,1.,0.));
#6738 = CYLINDRICAL_SURFACE('',#6739,3.E-02);
#6739 = AXIS2_PLACEMENT_3D('',#6740,#6741,#6742);
#6740 = CARTESIAN_POINT('',(0.77,-0.4,3.E-02));
#6741 = DIRECTION('',(0.,1.,0.));
#6742 = DIRECTION('',(1.,0.,0.));
#6743 = ADVANCED_FACE('',(#6744),#6762,.T.);
#6744 = FACE_BOUND('',#6745,.T.);
#6745 = EDGE_LOOP('',(#6746,#6747,#6748,#6756));
#6746 = ORIENTED_EDGE('',*,*,#5999,.F.);
#6747 = ORIENTED_EDGE('',*,*,#6733,.T.);
#6748 = ORIENTED_EDGE('',*,*,#6749,.T.);
#6749 = EDGE_CURVE('',#6725,#6750,#6752,.T.);
#6750 = VERTEX_POINT('',#6751);
#6751 = CARTESIAN_POINT('',(0.8,0.4,0.47));
#6752 = LINE('',#6753,#6754);
#6753 = CARTESIAN_POINT('',(0.8,0.4,0.));
#6754 = VECTOR('',#6755,1.);
#6755 = DIRECTION('',(0.,0.,1.));
#6756 = ORIENTED_EDGE('',*,*,#6757,.F.);
#6757 = EDGE_CURVE('',#5991,#6750,#6758,.T.);
#6758 = LINE('',#6759,#6760);
#6759 = CARTESIAN_POINT('',(0.8,-0.4,0.47));
#6760 = VECTOR('',#6761,1.);
#6761 = DIRECTION('',(0.,1.,0.));
#6762 = PLANE('',#6763);
#6763 = AXIS2_PLACEMENT_3D('',#6764,#6765,#6766);
#6764 = CARTESIAN_POINT('',(0.8,-0.4,0.));
#6765 = DIRECTION('',(1.,0.,0.));
#6766 = DIRECTION('',(0.,0.,1.));
#6767 = ADVANCED_FACE('',(#6768),#6787,.T.);
#6768 = FACE_BOUND('',#6769,.T.);
#6769 = EDGE_LOOP('',(#6770,#6771,#6780,#6786));
#6770 = ORIENTED_EDGE('',*,*,#6757,.T.);
#6771 = ORIENTED_EDGE('',*,*,#6772,.T.);
#6772 = EDGE_CURVE('',#6750,#6773,#6775,.T.);
#6773 = VERTEX_POINT('',#6774);
#6774 = CARTESIAN_POINT('',(0.77,0.4,0.5));
#6775 = CIRCLE('',#6776,3.E-02);
#6776 = AXIS2_PLACEMENT_3D('',#6777,#6778,#6779);
#6777 = CARTESIAN_POINT('',(0.77,0.4,0.47));
#6778 = DIRECTION('',(0.,-1.,0.));
#6779 = DIRECTION('',(0.,0.,1.));
#6780 = ORIENTED_EDGE('',*,*,#6781,.F.);
#6781 = EDGE_CURVE('',#5983,#6773,#6782,.T.);
#6782 = LINE('',#6783,#6784);
#6783 = CARTESIAN_POINT('',(0.77,-0.4,0.5));
#6784 = VECTOR('',#6785,1.);
#6785 = DIRECTION('',(0.,1.,0.));
#6786 = ORIENTED_EDGE('',*,*,#5990,.F.);
#6787 = CYLINDRICAL_SURFACE('',#6788,3.E-02);
#6788 = AXIS2_PLACEMENT_3D('',#6789,#6790,#6791);
#6789 = CARTESIAN_POINT('',(0.77,-0.4,0.47));
#6790 = DIRECTION('',(0.,1.,0.));
#6791 = DIRECTION('',(1.,0.,0.));
#6792 = ADVANCED_FACE('',(#6793),#6834,.T.);
#6793 = FACE_BOUND('',#6794,.T.);
#6794 = EDGE_LOOP('',(#6795,#6803,#6811,#6817,#6818,#6826,#6832,#6833));
#6795 = ORIENTED_EDGE('',*,*,#6796,.F.);
#6796 = EDGE_CURVE('',#6797,#6773,#6799,.T.);
#6797 = VERTEX_POINT('',#6798);
#6798 = CARTESIAN_POINT('',(0.725,0.4,0.5));
#6799 = LINE('',#6800,#6801);
#6800 = CARTESIAN_POINT('',(0.5,0.4,0.5));
#6801 = VECTOR('',#6802,1.);
#6802 = DIRECTION('',(1.,0.,0.));
#6803 = ORIENTED_EDGE('',*,*,#6804,.F.);
#6804 = EDGE_CURVE('',#6805,#6797,#6807,.T.);
#6805 = VERTEX_POINT('',#6806);
#6806 = CARTESIAN_POINT('',(0.725,0.3,0.5));
#6807 = LINE('',#6808,#6809);
#6808 = CARTESIAN_POINT('',(0.725,-5.E-02,0.5));
#6809 = VECTOR('',#6810,1.);
#6810 = DIRECTION('',(0.,1.,0.));
#6811 = ORIENTED_EDGE('',*,*,#6812,.F.);
#6812 = EDGE_CURVE('',#6088,#6805,#6813,.T.);
#6813 = LINE('',#6814,#6815);
#6814 = CARTESIAN_POINT('',(-0.1125,0.3,0.5));
#6815 = VECTOR('',#6816,1.);
#6816 = DIRECTION('',(1.,0.,0.));
#6817 = ORIENTED_EDGE('',*,*,#6087,.F.);
#6818 = ORIENTED_EDGE('',*,*,#6819,.F.);
#6819 = EDGE_CURVE('',#6820,#6079,#6822,.T.);
#6820 = VERTEX_POINT('',#6821);
#6821 = CARTESIAN_POINT('',(0.725,-0.3,0.5));
#6822 = LINE('',#6823,#6824);
#6823 = CARTESIAN_POINT('',(0.6125,-0.3,0.5));
#6824 = VECTOR('',#6825,1.);
#6825 = DIRECTION('',(-1.,0.,0.));
#6826 = ORIENTED_EDGE('',*,*,#6827,.F.);
#6827 = EDGE_CURVE('',#5975,#6820,#6828,.T.);
#6828 = LINE('',#6829,#6830);
#6829 = CARTESIAN_POINT('',(0.725,-0.45,0.5));
#6830 = VECTOR('',#6831,1.);
#6831 = DIRECTION('',(0.,1.,0.));
#6832 = ORIENTED_EDGE('',*,*,#5982,.T.);
#6833 = ORIENTED_EDGE('',*,*,#6781,.T.);
#6834 = PLANE('',#6835);
#6835 = AXIS2_PLACEMENT_3D('',#6836,#6837,#6838);
#6836 = CARTESIAN_POINT('',(0.5,-0.4,0.5));
#6837 = DIRECTION('',(0.,0.,1.));
#6838 = DIRECTION('',(1.,0.,-0.));
#6839 = ADVANCED_FACE('',(#6840),#6851,.F.);
#6840 = FACE_BOUND('',#6841,.F.);
#6841 = EDGE_LOOP('',(#6842,#6848,#6849,#6850));
#6842 = ORIENTED_EDGE('',*,*,#6843,.F.);
#6843 = EDGE_CURVE('',#6820,#6023,#6844,.T.);
#6844 = LINE('',#6845,#6846);
#6845 = CARTESIAN_POINT('',(0.725,-0.3,0.75));
#6846 = VECTOR('',#6847,1.);
#6847 = DIRECTION('',(-0.,-0.,-1.));
#6848 = ORIENTED_EDGE('',*,*,#6827,.F.);
#6849 = ORIENTED_EDGE('',*,*,#5974,.T.);
#6850 = ORIENTED_EDGE('',*,*,#6032,.F.);
#6851 = PLANE('',#6852);
#6852 = AXIS2_PLACEMENT_3D('',#6853,#6854,#6855);
#6853 = CARTESIAN_POINT('',(0.725,-0.5,0.75));
#6854 = DIRECTION('',(1.,0.,0.));
#6855 = DIRECTION('',(-0.,1.,0.));
#6856 = ADVANCED_FACE('',(#6857),#6863,.F.);
#6857 = FACE_BOUND('',#6858,.F.);
#6858 = EDGE_LOOP('',(#6859,#6860,#6861,#6862));
#6859 = ORIENTED_EDGE('',*,*,#6819,.F.);
#6860 = ORIENTED_EDGE('',*,*,#6843,.T.);
#6861 = ORIENTED_EDGE('',*,*,#6022,.F.);
#6862 = ORIENTED_EDGE('',*,*,#6078,.T.);
#6863 = PLANE('',#6864);
#6864 = AXIS2_PLACEMENT_3D('',#6865,#6866,#6867);
#6865 = CARTESIAN_POINT('',(0.725,-0.3,0.75));
#6866 = DIRECTION('',(0.,1.,0.));
#6867 = DIRECTION('',(-1.,0.,0.));
#6868 = ADVANCED_FACE('',(#6869),#6885,.F.);
#6869 = FACE_BOUND('',#6870,.F.);
#6870 = EDGE_LOOP('',(#6871,#6872,#6878,#6879));
#6871 = ORIENTED_EDGE('',*,*,#6804,.F.);
#6872 = ORIENTED_EDGE('',*,*,#6873,.T.);
#6873 = EDGE_CURVE('',#6805,#6056,#6874,.T.);
#6874 = LINE('',#6875,#6876);
#6875 = CARTESIAN_POINT('',(0.725,0.3,0.75));
#6876 = VECTOR('',#6877,1.);
#6877 = DIRECTION('',(-0.,-0.,-1.));
#6878 = ORIENTED_EDGE('',*,*,#6063,.F.);
#6879 = ORIENTED_EDGE('',*,*,#6880,.F.);
#6880 = EDGE_CURVE('',#6797,#6047,#6881,.T.);
#6881 = LINE('',#6882,#6883);
#6882 = CARTESIAN_POINT('',(0.725,0.4,0.375));
#6883 = VECTOR('',#6884,1.);
#6884 = DIRECTION('',(0.,0.,-1.));
#6885 = PLANE('',#6886);
#6886 = AXIS2_PLACEMENT_3D('',#6887,#6888,#6889);
#6887 = CARTESIAN_POINT('',(0.725,0.3,0.75));
#6888 = DIRECTION('',(1.,0.,0.));
#6889 = DIRECTION('',(-0.,1.,0.));
#6890 = ADVANCED_FACE('',(#6891),#6897,.F.);
#6891 = FACE_BOUND('',#6892,.F.);
#6892 = EDGE_LOOP('',(#6893,#6894,#6895,#6896));
#6893 = ORIENTED_EDGE('',*,*,#6873,.F.);
#6894 = ORIENTED_EDGE('',*,*,#6812,.F.);
#6895 = ORIENTED_EDGE('',*,*,#6095,.F.);
#6896 = ORIENTED_EDGE('',*,*,#6055,.F.);
#6897 = PLANE('',#6898);
#6898 = AXIS2_PLACEMENT_3D('',#6899,#6900,#6901);
#6899 = CARTESIAN_POINT('',(-0.725,0.3,0.75));
#6900 = DIRECTION('',(0.,-1.,0.));
#6901 = DIRECTION('',(1.,0.,0.));
#6902 = ADVANCED_FACE('',(#6903),#6915,.T.);
#6903 = FACE_BOUND('',#6904,.T.);
#6904 = EDGE_LOOP('',(#6905,#6906,#6907,#6908,#6909,#6910,#6911,#6912,
    #6913,#6914));
#6905 = ORIENTED_EDGE('',*,*,#6283,.F.);
#6906 = ORIENTED_EDGE('',*,*,#6354,.F.);
#6907 = ORIENTED_EDGE('',*,*,#6390,.T.);
#6908 = ORIENTED_EDGE('',*,*,#6414,.T.);
#6909 = ORIENTED_EDGE('',*,*,#6238,.T.);
#6910 = ORIENTED_EDGE('',*,*,#6199,.F.);
#6911 = ORIENTED_EDGE('',*,*,#6126,.F.);
#6912 = ORIENTED_EDGE('',*,*,#6118,.F.);
#6913 = ORIENTED_EDGE('',*,*,#6110,.T.);
#6914 = ORIENTED_EDGE('',*,*,#6485,.F.);
#6915 = PLANE('',#6916);
#6916 = AXIS2_PLACEMENT_3D('',#6917,#6918,#6919);
#6917 = CARTESIAN_POINT('',(-0.8,0.4,0.));
#6918 = DIRECTION('',(0.,1.,0.));
#6919 = DIRECTION('',(0.,-0.,1.));
#6920 = ADVANCED_FACE('',(#6921),#6933,.T.);
#6921 = FACE_BOUND('',#6922,.T.);
#6922 = EDGE_LOOP('',(#6923,#6924,#6925,#6926,#6927,#6928,#6929,#6930,
    #6931,#6932));
#6923 = ORIENTED_EDGE('',*,*,#6694,.F.);
#6924 = ORIENTED_EDGE('',*,*,#6517,.F.);
#6925 = ORIENTED_EDGE('',*,*,#6151,.T.);
#6926 = ORIENTED_EDGE('',*,*,#6143,.T.);
#6927 = ORIENTED_EDGE('',*,*,#6135,.F.);
#6928 = ORIENTED_EDGE('',*,*,#6880,.F.);
#6929 = ORIENTED_EDGE('',*,*,#6796,.T.);
#6930 = ORIENTED_EDGE('',*,*,#6772,.F.);
#6931 = ORIENTED_EDGE('',*,*,#6749,.F.);
#6932 = ORIENTED_EDGE('',*,*,#6724,.T.);
#6933 = PLANE('',#6934);
#6934 = AXIS2_PLACEMENT_3D('',#6935,#6936,#6937);
#6935 = CARTESIAN_POINT('',(0.5,0.4,0.));
#6936 = DIRECTION('',(0.,1.,0.));
#6937 = DIRECTION('',(0.,-0.,1.));
#6938 = ADVANCED_FACE('',(#6939),#6944,.T.);
#6939 = FACE_BOUND('',#6940,.T.);
#6940 = EDGE_LOOP('',(#6941,#6942,#6943));
#6941 = ORIENTED_EDGE('',*,*,#6663,.T.);
#6942 = ORIENTED_EDGE('',*,*,#6639,.T.);
#6943 = ORIENTED_EDGE('',*,*,#6680,.T.);
#6944 = PLANE('',#6945);
#6945 = AXIS2_PLACEMENT_3D('',#6946,#6947,#6948);
#6946 = CARTESIAN_POINT('',(9.237604307034E-02,0.,1.5E-02));
#6947 = DIRECTION('',(-0.,-0.,-1.));
#6948 = DIRECTION('',(-1.,0.,0.));
#6949 = ( GEOMETRIC_REPRESENTATION_CONTEXT(3) 
GLOBAL_UNCERTAINTY_ASSIGNED_CONTEXT((#6953)) 
GLOBAL_UNIT_ASSIGNED_CONTEXT((#6950,#6951,#6952)) REPRESENTATION_CONTEXT
('Context #1','3D Context with UNIT and UNCERTAINTY') );
#6950 = ( LENGTH_UNIT() NAMED_UNIT(*) SI_UNIT(.MILLI.,.METRE.) );
#6951 = ( NAMED_UNIT(*) PLANE_ANGLE_UNIT() SI_UNIT($,.RADIAN.) );
#6952 = ( NAMED_UNIT(*) SI_UNIT($,.STERADIAN.) SOLID_ANGLE_UNIT() );
#6953 = UNCERTAINTY_MEASURE_WITH_UNIT(LENGTH_MEASURE(1.E-07),#6950,
  'distance_accuracy_value','confusion accuracy');
#6954 = CONTEXT_DEPENDENT_SHAPE_REPRESENTATION(#6955,#6957);
#6955 = ( REPRESENTATION_RELATIONSHIP('','',#5425,#5402) 
REPRESENTATION_RELATIONSHIP_WITH_TRANSFORMATION(#6956) 
SHAPE_REPRESENTATION_RELATIONSHIP() );
#6956 = ITEM_DEFINED_TRANSFORMATION('','',#11,#5403);
#6957 = PRODUCT_DEFINITION_SHAPE('Placement','Placement of an item',
  #6958);
#6958 = NEXT_ASSEMBLY_USAGE_OCCURRENCE('5','=>[0:1:1:7]','',#5397,#5420,
  $);
#6959 = PRODUCT_RELATED_PRODUCT_CATEGORY('part',$,(#5422));
#6960 = SHAPE_DEFINITION_REPRESENTATION(#6961,#6967);
#6961 = PRODUCT_DEFINITION_SHAPE('','',#6962);
#6962 = PRODUCT_DEFINITION('design','',#6963,#6966);
#6963 = PRODUCT_DEFINITION_FORMATION('','',#6964);
#6964 = PRODUCT('C_0603_1608Metric','C_0603_1608Metric','',(#6965));
#6965 = PRODUCT_CONTEXT('',#2,'mechanical');
#6966 = PRODUCT_DEFINITION_CONTEXT('part definition',#2,'design');
#6967 = SHAPE_REPRESENTATION('',(#11,#6968),#6972);
#6968 = AXIS2_PLACEMENT_3D('',#6969,#6970,#6971);
#6969 = CARTESIAN_POINT('',(0.,0.,0.));
#6970 = DIRECTION('',(0.,0.,1.));
#6971 = DIRECTION('',(1.,0.,-0.));
#6972 = ( GEOMETRIC_REPRESENTATION_CONTEXT(3) 
GLOBAL_UNCERTAINTY_ASSIGNED_CONTEXT((#6976)) 
GLOBAL_UNIT_ASSIGNED_CONTEXT((#6973,#6974,#6975)) REPRESENTATION_CONTEXT
('Context #1','3D Context with UNIT and UNCERTAINTY') );
#6973 = ( LENGTH_UNIT() NAMED_UNIT(*) SI_UNIT(.MILLI.,.METRE.) );
#6974 = ( NAMED_UNIT(*) PLANE_ANGLE_UNIT() SI_UNIT($,.RADIAN.) );
#6975 = ( NAMED_UNIT(*) SI_UNIT($,.STERADIAN.) SOLID_ANGLE_UNIT() );
#6976 = UNCERTAINTY_MEASURE_WITH_UNIT(LENGTH_MEASURE(1.E-07),#6973,
  'distance_accuracy_value','confusion accuracy');
#6977 = CONTEXT_DEPENDENT_SHAPE_REPRESENTATION(#6978,#6980);
#6978 = ( REPRESENTATION_RELATIONSHIP('','',#6967,#10) 
REPRESENTATION_RELATIONSHIP_WITH_TRANSFORMATION(#6979) 
SHAPE_REPRESENTATION_RELATIONSHIP() );
#6979 = ITEM_DEFINED_TRANSFORMATION('','',#11,#27);
#6980 = PRODUCT_DEFINITION_SHAPE('Placement','Placement of an item',
  #6981);
#6981 = NEXT_ASSEMBLY_USAGE_OCCURRENCE('8','C3','',#5,#6962,$);
#6982 = PRODUCT_RELATED_PRODUCT_CATEGORY('part',$,(#6964));
#6983 = SHAPE_DEFINITION_REPRESENTATION(#6984,#6990);
#6984 = PRODUCT_DEFINITION_SHAPE('','',#6985);
#6985 = PRODUCT_DEFINITION('design','',#6986,#6989);
#6986 = PRODUCT_DEFINITION_FORMATION('','',#6987);
#6987 = PRODUCT('C_0603_1608Metric','C_0603_1608Metric','',(#6988));
#6988 = PRODUCT_CONTEXT('',#2,'mechanical');
#6989 = PRODUCT_DEFINITION_CONTEXT('part definition',#2,'design');
#6990 = ADVANCED_BREP_SHAPE_REPRESENTATION('',(#11,#6991),#7845);
#6991 = MANIFOLD_SOLID_BREP('',#6992);
#6992 = CLOSED_SHELL('',(#6993,#7069,#7100,#7125,#7150,#7174,#7198,#7223
    ,#7248,#7265,#7351,#7383,#7407,#7432,#7456,#7481,#7505,#7530,#7547,
    #7633,#7664,#7689,#7714,#7738,#7762,#7787,#7812,#7829));
#6993 = ADVANCED_FACE('',(#6994),#7064,.F.);
#6994 = FACE_BOUND('',#6995,.F.);
#6995 = EDGE_LOOP('',(#6996,#7006,#7015,#7023,#7032,#7040,#7049,#7057));
#6996 = ORIENTED_EDGE('',*,*,#6997,.F.);
#6997 = EDGE_CURVE('',#6998,#7000,#7002,.T.);
#6998 = VERTEX_POINT('',#6999);
#6999 = CARTESIAN_POINT('',(-0.8,-0.4,3.E-02));
#7000 = VERTEX_POINT('',#7001);
#7001 = CARTESIAN_POINT('',(-0.8,-0.4,0.77));
#7002 = LINE('',#7003,#7004);
#7003 = CARTESIAN_POINT('',(-0.8,-0.4,0.));
#7004 = VECTOR('',#7005,1.);
#7005 = DIRECTION('',(0.,0.,1.));
#7006 = ORIENTED_EDGE('',*,*,#7007,.T.);
#7007 = EDGE_CURVE('',#6998,#7008,#7010,.T.);
#7008 = VERTEX_POINT('',#7009);
#7009 = CARTESIAN_POINT('',(-0.8,-0.37,0.));
#7010 = CIRCLE('',#7011,3.E-02);
#7011 = AXIS2_PLACEMENT_3D('',#7012,#7013,#7014);
#7012 = CARTESIAN_POINT('',(-0.8,-0.37,3.E-02));
#7013 = DIRECTION('',(1.,0.,-0.));
#7014 = DIRECTION('',(0.,0.,1.));
#7015 = ORIENTED_EDGE('',*,*,#7016,.T.);
#7016 = EDGE_CURVE('',#7008,#7017,#7019,.T.);
#7017 = VERTEX_POINT('',#7018);
#7018 = CARTESIAN_POINT('',(-0.8,0.37,0.));
#7019 = LINE('',#7020,#7021);
#7020 = CARTESIAN_POINT('',(-0.8,-0.4,0.));
#7021 = VECTOR('',#7022,1.);
#7022 = DIRECTION('',(0.,1.,0.));
#7023 = ORIENTED_EDGE('',*,*,#7024,.F.);
#7024 = EDGE_CURVE('',#7025,#7017,#7027,.T.);
#7025 = VERTEX_POINT('',#7026);
#7026 = CARTESIAN_POINT('',(-0.8,0.4,3.E-02));
#7027 = CIRCLE('',#7028,3.E-02);
#7028 = AXIS2_PLACEMENT_3D('',#7029,#7030,#7031);
#7029 = CARTESIAN_POINT('',(-0.8,0.37,3.E-02));
#7030 = DIRECTION('',(-1.,0.,0.));
#7031 = DIRECTION('',(0.,0.,1.));
#7032 = ORIENTED_EDGE('',*,*,#7033,.T.);
#7033 = EDGE_CURVE('',#7025,#7034,#7036,.T.);
#7034 = VERTEX_POINT('',#7035);
#7035 = CARTESIAN_POINT('',(-0.8,0.4,0.77));
#7036 = LINE('',#7037,#7038);
#7037 = CARTESIAN_POINT('',(-0.8,0.4,0.));
#7038 = VECTOR('',#7039,1.);
#7039 = DIRECTION('',(0.,0.,1.));
#7040 = ORIENTED_EDGE('',*,*,#7041,.T.);
#7041 = EDGE_CURVE('',#7034,#7042,#7044,.T.);
#7042 = VERTEX_POINT('',#7043);
#7043 = CARTESIAN_POINT('',(-0.8,0.37,0.8));
#7044 = CIRCLE('',#7045,3.E-02);
#7045 = AXIS2_PLACEMENT_3D('',#7046,#7047,#7048);
#7046 = CARTESIAN_POINT('',(-0.8,0.37,0.77));
#7047 = DIRECTION('',(1.,0.,-0.));
#7048 = DIRECTION('',(0.,0.,1.));
#7049 = ORIENTED_EDGE('',*,*,#7050,.F.);
#7050 = EDGE_CURVE('',#7051,#7042,#7053,.T.);
#7051 = VERTEX_POINT('',#7052);
#7052 = CARTESIAN_POINT('',(-0.8,-0.37,0.8));
#7053 = LINE('',#7054,#7055);
#7054 = CARTESIAN_POINT('',(-0.8,-0.4,0.8));
#7055 = VECTOR('',#7056,1.);
#7056 = DIRECTION('',(0.,1.,0.));
#7057 = ORIENTED_EDGE('',*,*,#7058,.F.);
#7058 = EDGE_CURVE('',#7000,#7051,#7059,.T.);
#7059 = CIRCLE('',#7060,3.E-02);
#7060 = AXIS2_PLACEMENT_3D('',#7061,#7062,#7063);
#7061 = CARTESIAN_POINT('',(-0.8,-0.37,0.77));
#7062 = DIRECTION('',(-1.,0.,0.));
#7063 = DIRECTION('',(0.,0.,1.));
#7064 = PLANE('',#7065);
#7065 = AXIS2_PLACEMENT_3D('',#7066,#7067,#7068);
#7066 = CARTESIAN_POINT('',(-0.8,-0.4,0.));
#7067 = DIRECTION('',(1.,0.,0.));
#7068 = DIRECTION('',(0.,0.,1.));
#7069 = ADVANCED_FACE('',(#7070),#7095,.F.);
#7070 = FACE_BOUND('',#7071,.F.);
#7071 = EDGE_LOOP('',(#7072,#7082,#7088,#7089));
#7072 = ORIENTED_EDGE('',*,*,#7073,.F.);
#7073 = EDGE_CURVE('',#7074,#7076,#7078,.T.);
#7074 = VERTEX_POINT('',#7075);
#7075 = CARTESIAN_POINT('',(-0.5,-0.4,3.E-02));
#7076 = VERTEX_POINT('',#7077);
#7077 = CARTESIAN_POINT('',(-0.5,-0.4,0.77));
#7078 = LINE('',#7079,#7080);
#7079 = CARTESIAN_POINT('',(-0.5,-0.4,0.));
#7080 = VECTOR('',#7081,1.);
#7081 = DIRECTION('',(0.,0.,1.));
#7082 = ORIENTED_EDGE('',*,*,#7083,.F.);
#7083 = EDGE_CURVE('',#6998,#7074,#7084,.T.);
#7084 = LINE('',#7085,#7086);
#7085 = CARTESIAN_POINT('',(-0.8,-0.4,3.E-02));
#7086 = VECTOR('',#7087,1.);
#7087 = DIRECTION('',(1.,0.,0.));
#7088 = ORIENTED_EDGE('',*,*,#6997,.T.);
#7089 = ORIENTED_EDGE('',*,*,#7090,.T.);
#7090 = EDGE_CURVE('',#7000,#7076,#7091,.T.);
#7091 = LINE('',#7092,#7093);
#7092 = CARTESIAN_POINT('',(-0.8,-0.4,0.77));
#7093 = VECTOR('',#7094,1.);
#7094 = DIRECTION('',(1.,0.,0.));
#7095 = PLANE('',#7096);
#7096 = AXIS2_PLACEMENT_3D('',#7097,#7098,#7099);
#7097 = CARTESIAN_POINT('',(-0.8,-0.4,0.));
#7098 = DIRECTION('',(0.,1.,0.));
#7099 = DIRECTION('',(0.,-0.,1.));
#7100 = ADVANCED_FACE('',(#7101),#7120,.T.);
#7101 = FACE_BOUND('',#7102,.T.);
#7102 = EDGE_LOOP('',(#7103,#7104,#7112,#7119));
#7103 = ORIENTED_EDGE('',*,*,#7007,.T.);
#7104 = ORIENTED_EDGE('',*,*,#7105,.T.);
#7105 = EDGE_CURVE('',#7008,#7106,#7108,.T.);
#7106 = VERTEX_POINT('',#7107);
#7107 = CARTESIAN_POINT('',(-0.5,-0.37,0.));
#7108 = LINE('',#7109,#7110);
#7109 = CARTESIAN_POINT('',(-0.8,-0.37,0.));
#7110 = VECTOR('',#7111,1.);
#7111 = DIRECTION('',(1.,0.,0.));
#7112 = ORIENTED_EDGE('',*,*,#7113,.F.);
#7113 = EDGE_CURVE('',#7074,#7106,#7114,.T.);
#7114 = CIRCLE('',#7115,3.E-02);
#7115 = AXIS2_PLACEMENT_3D('',#7116,#7117,#7118);
#7116 = CARTESIAN_POINT('',(-0.5,-0.37,3.E-02));
#7117 = DIRECTION('',(1.,0.,-0.));
#7118 = DIRECTION('',(0.,0.,1.));
#7119 = ORIENTED_EDGE('',*,*,#7083,.F.);
#7120 = CYLINDRICAL_SURFACE('',#7121,3.E-02);
#7121 = AXIS2_PLACEMENT_3D('',#7122,#7123,#7124);
#7122 = CARTESIAN_POINT('',(-0.8,-0.37,3.E-02));
#7123 = DIRECTION('',(1.,0.,0.));
#7124 = DIRECTION('',(0.,-1.,0.));
#7125 = ADVANCED_FACE('',(#7126),#7145,.T.);
#7126 = FACE_BOUND('',#7127,.T.);
#7127 = EDGE_LOOP('',(#7128,#7129,#7138,#7144));
#7128 = ORIENTED_EDGE('',*,*,#7090,.T.);
#7129 = ORIENTED_EDGE('',*,*,#7130,.T.);
#7130 = EDGE_CURVE('',#7076,#7131,#7133,.T.);
#7131 = VERTEX_POINT('',#7132);
#7132 = CARTESIAN_POINT('',(-0.5,-0.37,0.8));
#7133 = CIRCLE('',#7134,3.E-02);
#7134 = AXIS2_PLACEMENT_3D('',#7135,#7136,#7137);
#7135 = CARTESIAN_POINT('',(-0.5,-0.37,0.77));
#7136 = DIRECTION('',(-1.,0.,0.));
#7137 = DIRECTION('',(0.,0.,1.));
#7138 = ORIENTED_EDGE('',*,*,#7139,.F.);
#7139 = EDGE_CURVE('',#7051,#7131,#7140,.T.);
#7140 = LINE('',#7141,#7142);
#7141 = CARTESIAN_POINT('',(-0.8,-0.37,0.8));
#7142 = VECTOR('',#7143,1.);
#7143 = DIRECTION('',(1.,0.,0.));
#7144 = ORIENTED_EDGE('',*,*,#7058,.F.);
#7145 = CYLINDRICAL_SURFACE('',#7146,3.E-02);
#7146 = AXIS2_PLACEMENT_3D('',#7147,#7148,#7149);
#7147 = CARTESIAN_POINT('',(-0.8,-0.37,0.77));
#7148 = DIRECTION('',(1.,0.,0.));
#7149 = DIRECTION('',(0.,-1.,0.));
#7150 = ADVANCED_FACE('',(#7151),#7169,.F.);
#7151 = FACE_BOUND('',#7152,.F.);
#7152 = EDGE_LOOP('',(#7153,#7154,#7155,#7163));
#7153 = ORIENTED_EDGE('',*,*,#7016,.F.);
#7154 = ORIENTED_EDGE('',*,*,#7105,.T.);
#7155 = ORIENTED_EDGE('',*,*,#7156,.T.);
#7156 = EDGE_CURVE('',#7106,#7157,#7159,.T.);
#7157 = VERTEX_POINT('',#7158);
#7158 = CARTESIAN_POINT('',(-0.5,0.37,0.));
#7159 = LINE('',#7160,#7161);
#7160 = CARTESIAN_POINT('',(-0.5,-0.4,0.));
#7161 = VECTOR('',#7162,1.);
#7162 = DIRECTION('',(0.,1.,0.));
#7163 = ORIENTED_EDGE('',*,*,#7164,.F.);
#7164 = EDGE_CURVE('',#7017,#7157,#7165,.T.);
#7165 = LINE('',#7166,#7167);
#7166 = CARTESIAN_POINT('',(-0.8,0.37,0.));
#7167 = VECTOR('',#7168,1.);
#7168 = DIRECTION('',(1.,0.,0.));
#7169 = PLANE('',#7170);
#7170 = AXIS2_PLACEMENT_3D('',#7171,#7172,#7173);
#7171 = CARTESIAN_POINT('',(-0.8,-0.4,0.));
#7172 = DIRECTION('',(0.,0.,1.));
#7173 = DIRECTION('',(1.,0.,-0.));
#7174 = ADVANCED_FACE('',(#7175),#7193,.T.);
#7175 = FACE_BOUND('',#7176,.T.);
#7176 = EDGE_LOOP('',(#7177,#7178,#7179,#7187));
#7177 = ORIENTED_EDGE('',*,*,#7050,.F.);
#7178 = ORIENTED_EDGE('',*,*,#7139,.T.);
#7179 = ORIENTED_EDGE('',*,*,#7180,.T.);
#7180 = EDGE_CURVE('',#7131,#7181,#7183,.T.);
#7181 = VERTEX_POINT('',#7182);
#7182 = CARTESIAN_POINT('',(-0.5,0.37,0.8));
#7183 = LINE('',#7184,#7185);
#7184 = CARTESIAN_POINT('',(-0.5,-0.4,0.8));
#7185 = VECTOR('',#7186,1.);
#7186 = DIRECTION('',(0.,1.,0.));
#7187 = ORIENTED_EDGE('',*,*,#7188,.F.);
#7188 = EDGE_CURVE('',#7042,#7181,#7189,.T.);
#7189 = LINE('',#7190,#7191);
#7190 = CARTESIAN_POINT('',(-0.8,0.37,0.8));
#7191 = VECTOR('',#7192,1.);
#7192 = DIRECTION('',(1.,0.,0.));
#7193 = PLANE('',#7194);
#7194 = AXIS2_PLACEMENT_3D('',#7195,#7196,#7197);
#7195 = CARTESIAN_POINT('',(-0.8,-0.4,0.8));
#7196 = DIRECTION('',(0.,0.,1.));
#7197 = DIRECTION('',(1.,0.,-0.));
#7198 = ADVANCED_FACE('',(#7199),#7218,.T.);
#7199 = FACE_BOUND('',#7200,.T.);
#7200 = EDGE_LOOP('',(#7201,#7209,#7216,#7217));
#7201 = ORIENTED_EDGE('',*,*,#7202,.T.);
#7202 = EDGE_CURVE('',#7025,#7203,#7205,.T.);
#7203 = VERTEX_POINT('',#7204);
#7204 = CARTESIAN_POINT('',(-0.5,0.4,3.E-02));
#7205 = LINE('',#7206,#7207);
#7206 = CARTESIAN_POINT('',(-0.8,0.4,3.E-02));
#7207 = VECTOR('',#7208,1.);
#7208 = DIRECTION('',(1.,0.,0.));
#7209 = ORIENTED_EDGE('',*,*,#7210,.T.);
#7210 = EDGE_CURVE('',#7203,#7157,#7211,.T.);
#7211 = CIRCLE('',#7212,3.E-02);
#7212 = AXIS2_PLACEMENT_3D('',#7213,#7214,#7215);
#7213 = CARTESIAN_POINT('',(-0.5,0.37,3.E-02));
#7214 = DIRECTION('',(-1.,0.,0.));
#7215 = DIRECTION('',(0.,0.,1.));
#7216 = ORIENTED_EDGE('',*,*,#7164,.F.);
#7217 = ORIENTED_EDGE('',*,*,#7024,.F.);
#7218 = CYLINDRICAL_SURFACE('',#7219,3.E-02);
#7219 = AXIS2_PLACEMENT_3D('',#7220,#7221,#7222);
#7220 = CARTESIAN_POINT('',(-0.8,0.37,3.E-02));
#7221 = DIRECTION('',(1.,0.,0.));
#7222 = DIRECTION('',(-0.,1.,0.));
#7223 = ADVANCED_FACE('',(#7224),#7243,.T.);
#7224 = FACE_BOUND('',#7225,.T.);
#7225 = EDGE_LOOP('',(#7226,#7227,#7228,#7237));
#7226 = ORIENTED_EDGE('',*,*,#7041,.T.);
#7227 = ORIENTED_EDGE('',*,*,#7188,.T.);
#7228 = ORIENTED_EDGE('',*,*,#7229,.F.);
#7229 = EDGE_CURVE('',#7230,#7181,#7232,.T.);
#7230 = VERTEX_POINT('',#7231);
#7231 = CARTESIAN_POINT('',(-0.5,0.4,0.77));
#7232 = CIRCLE('',#7233,3.E-02);
#7233 = AXIS2_PLACEMENT_3D('',#7234,#7235,#7236);
#7234 = CARTESIAN_POINT('',(-0.5,0.37,0.77));
#7235 = DIRECTION('',(1.,0.,-0.));
#7236 = DIRECTION('',(0.,0.,1.));
#7237 = ORIENTED_EDGE('',*,*,#7238,.F.);
#7238 = EDGE_CURVE('',#7034,#7230,#7239,.T.);
#7239 = LINE('',#7240,#7241);
#7240 = CARTESIAN_POINT('',(-0.8,0.4,0.77));
#7241 = VECTOR('',#7242,1.);
#7242 = DIRECTION('',(1.,0.,0.));
#7243 = CYLINDRICAL_SURFACE('',#7244,3.E-02);
#7244 = AXIS2_PLACEMENT_3D('',#7245,#7246,#7247);
#7245 = CARTESIAN_POINT('',(-0.8,0.37,0.77));
#7246 = DIRECTION('',(1.,0.,0.));
#7247 = DIRECTION('',(-0.,1.,0.));
#7248 = ADVANCED_FACE('',(#7249),#7260,.T.);
#7249 = FACE_BOUND('',#7250,.T.);
#7250 = EDGE_LOOP('',(#7251,#7257,#7258,#7259));
#7251 = ORIENTED_EDGE('',*,*,#7252,.F.);
#7252 = EDGE_CURVE('',#7203,#7230,#7253,.T.);
#7253 = LINE('',#7254,#7255);
#7254 = CARTESIAN_POINT('',(-0.5,0.4,0.));
#7255 = VECTOR('',#7256,1.);
#7256 = DIRECTION('',(0.,0.,1.));
#7257 = ORIENTED_EDGE('',*,*,#7202,.F.);
#7258 = ORIENTED_EDGE('',*,*,#7033,.T.);
#7259 = ORIENTED_EDGE('',*,*,#7238,.T.);
#7260 = PLANE('',#7261);
#7261 = AXIS2_PLACEMENT_3D('',#7262,#7263,#7264);
#7262 = CARTESIAN_POINT('',(-0.8,0.4,0.));
#7263 = DIRECTION('',(0.,1.,0.));
#7264 = DIRECTION('',(0.,-0.,1.));
#7265 = ADVANCED_FACE('',(#7266,#7276),#7346,.T.);
#7266 = FACE_BOUND('',#7267,.T.);
#7267 = EDGE_LOOP('',(#7268,#7269,#7270,#7271,#7272,#7273,#7274,#7275));
#7268 = ORIENTED_EDGE('',*,*,#7073,.F.);
#7269 = ORIENTED_EDGE('',*,*,#7113,.T.);
#7270 = ORIENTED_EDGE('',*,*,#7156,.T.);
#7271 = ORIENTED_EDGE('',*,*,#7210,.F.);
#7272 = ORIENTED_EDGE('',*,*,#7252,.T.);
#7273 = ORIENTED_EDGE('',*,*,#7229,.T.);
#7274 = ORIENTED_EDGE('',*,*,#7180,.F.);
#7275 = ORIENTED_EDGE('',*,*,#7130,.F.);
#7276 = FACE_BOUND('',#7277,.T.);
#7277 = EDGE_LOOP('',(#7278,#7289,#7297,#7306,#7314,#7323,#7331,#7340));
#7278 = ORIENTED_EDGE('',*,*,#7279,.F.);
#7279 = EDGE_CURVE('',#7280,#7282,#7284,.T.);
#7280 = VERTEX_POINT('',#7281);
#7281 = CARTESIAN_POINT('',(-0.5,-0.37,6.E-02));
#7282 = VERTEX_POINT('',#7283);
#7283 = CARTESIAN_POINT('',(-0.5,-0.34,3.E-02));
#7284 = CIRCLE('',#7285,3.E-02);
#7285 = AXIS2_PLACEMENT_3D('',#7286,#7287,#7288);
#7286 = CARTESIAN_POINT('',(-0.5,-0.34,6.E-02));
#7287 = DIRECTION('',(1.,0.,-0.));
#7288 = DIRECTION('',(0.,0.,1.));
#7289 = ORIENTED_EDGE('',*,*,#7290,.T.);
#7290 = EDGE_CURVE('',#7280,#7291,#7293,.T.);
#7291 = VERTEX_POINT('',#7292);
#7292 = CARTESIAN_POINT('',(-0.5,-0.37,0.74));
#7293 = LINE('',#7294,#7295);
#7294 = CARTESIAN_POINT('',(-0.5,-0.37,3.E-02));
#7295 = VECTOR('',#7296,1.);
#7296 = DIRECTION('',(0.,0.,1.));
#7297 = ORIENTED_EDGE('',*,*,#7298,.T.);
#7298 = EDGE_CURVE('',#7291,#7299,#7301,.T.);
#7299 = VERTEX_POINT('',#7300);
#7300 = CARTESIAN_POINT('',(-0.5,-0.34,0.77));
#7301 = CIRCLE('',#7302,3.E-02);
#7302 = AXIS2_PLACEMENT_3D('',#7303,#7304,#7305);
#7303 = CARTESIAN_POINT('',(-0.5,-0.34,0.74));
#7304 = DIRECTION('',(-1.,0.,0.));
#7305 = DIRECTION('',(0.,0.,1.));
#7306 = ORIENTED_EDGE('',*,*,#7307,.T.);
#7307 = EDGE_CURVE('',#7299,#7308,#7310,.T.);
#7308 = VERTEX_POINT('',#7309);
#7309 = CARTESIAN_POINT('',(-0.5,0.34,0.77));
#7310 = LINE('',#7311,#7312);
#7311 = CARTESIAN_POINT('',(-0.5,-0.37,0.77));
#7312 = VECTOR('',#7313,1.);
#7313 = DIRECTION('',(0.,1.,0.));
#7314 = ORIENTED_EDGE('',*,*,#7315,.F.);
#7315 = EDGE_CURVE('',#7316,#7308,#7318,.T.);
#7316 = VERTEX_POINT('',#7317);
#7317 = CARTESIAN_POINT('',(-0.5,0.37,0.74));
#7318 = CIRCLE('',#7319,3.E-02);
#7319 = AXIS2_PLACEMENT_3D('',#7320,#7321,#7322);
#7320 = CARTESIAN_POINT('',(-0.5,0.34,0.74));
#7321 = DIRECTION('',(1.,0.,-0.));
#7322 = DIRECTION('',(0.,0.,1.));
#7323 = ORIENTED_EDGE('',*,*,#7324,.F.);
#7324 = EDGE_CURVE('',#7325,#7316,#7327,.T.);
#7325 = VERTEX_POINT('',#7326);
#7326 = CARTESIAN_POINT('',(-0.5,0.37,6.E-02));
#7327 = LINE('',#7328,#7329);
#7328 = CARTESIAN_POINT('',(-0.5,0.37,3.E-02));
#7329 = VECTOR('',#7330,1.);
#7330 = DIRECTION('',(0.,0.,1.));
#7331 = ORIENTED_EDGE('',*,*,#7332,.T.);
#7332 = EDGE_CURVE('',#7325,#7333,#7335,.T.);
#7333 = VERTEX_POINT('',#7334);
#7334 = CARTESIAN_POINT('',(-0.5,0.34,3.E-02));
#7335 = CIRCLE('',#7336,3.E-02);
#7336 = AXIS2_PLACEMENT_3D('',#7337,#7338,#7339);
#7337 = CARTESIAN_POINT('',(-0.5,0.34,6.E-02));
#7338 = DIRECTION('',(-1.,0.,0.));
#7339 = DIRECTION('',(0.,0.,1.));
#7340 = ORIENTED_EDGE('',*,*,#7341,.F.);
#7341 = EDGE_CURVE('',#7282,#7333,#7342,.T.);
#7342 = LINE('',#7343,#7344);
#7343 = CARTESIAN_POINT('',(-0.5,-0.37,3.E-02));
#7344 = VECTOR('',#7345,1.);
#7345 = DIRECTION('',(0.,1.,0.));
#7346 = PLANE('',#7347);
#7347 = AXIS2_PLACEMENT_3D('',#7348,#7349,#7350);
#7348 = CARTESIAN_POINT('',(-0.5,-0.4,0.));
#7349 = DIRECTION('',(1.,0.,0.));
#7350 = DIRECTION('',(0.,0.,1.));
#7351 = ADVANCED_FACE('',(#7352),#7378,.T.);
#7352 = FACE_BOUND('',#7353,.T.);
#7353 = EDGE_LOOP('',(#7354,#7355,#7363,#7372));
#7354 = ORIENTED_EDGE('',*,*,#7279,.T.);
#7355 = ORIENTED_EDGE('',*,*,#7356,.T.);
#7356 = EDGE_CURVE('',#7282,#7357,#7359,.T.);
#7357 = VERTEX_POINT('',#7358);
#7358 = CARTESIAN_POINT('',(0.5,-0.34,3.E-02));
#7359 = LINE('',#7360,#7361);
#7360 = CARTESIAN_POINT('',(-0.5,-0.34,3.E-02));
#7361 = VECTOR('',#7362,1.);
#7362 = DIRECTION('',(1.,0.,0.));
#7363 = ORIENTED_EDGE('',*,*,#7364,.F.);
#7364 = EDGE_CURVE('',#7365,#7357,#7367,.T.);
#7365 = VERTEX_POINT('',#7366);
#7366 = CARTESIAN_POINT('',(0.5,-0.37,6.E-02));
#7367 = CIRCLE('',#7368,3.E-02);
#7368 = AXIS2_PLACEMENT_3D('',#7369,#7370,#7371);
#7369 = CARTESIAN_POINT('',(0.5,-0.34,6.E-02));
#7370 = DIRECTION('',(1.,0.,-0.));
#7371 = DIRECTION('',(0.,0.,1.));
#7372 = ORIENTED_EDGE('',*,*,#7373,.F.);
#7373 = EDGE_CURVE('',#7280,#7365,#7374,.T.);
#7374 = LINE('',#7375,#7376);
#7375 = CARTESIAN_POINT('',(-0.5,-0.37,6.E-02));
#7376 = VECTOR('',#7377,1.);
#7377 = DIRECTION('',(1.,0.,0.));
#7378 = CYLINDRICAL_SURFACE('',#7379,3.E-02);
#7379 = AXIS2_PLACEMENT_3D('',#7380,#7381,#7382);
#7380 = CARTESIAN_POINT('',(-0.5,-0.34,6.E-02));
#7381 = DIRECTION('',(1.,0.,0.));
#7382 = DIRECTION('',(0.,-1.,0.));
#7383 = ADVANCED_FACE('',(#7384),#7402,.F.);
#7384 = FACE_BOUND('',#7385,.F.);
#7385 = EDGE_LOOP('',(#7386,#7387,#7388,#7396));
#7386 = ORIENTED_EDGE('',*,*,#7341,.F.);
#7387 = ORIENTED_EDGE('',*,*,#7356,.T.);
#7388 = ORIENTED_EDGE('',*,*,#7389,.T.);
#7389 = EDGE_CURVE('',#7357,#7390,#7392,.T.);
#7390 = VERTEX_POINT('',#7391);
#7391 = CARTESIAN_POINT('',(0.5,0.34,3.E-02));
#7392 = LINE('',#7393,#7394);
#7393 = CARTESIAN_POINT('',(0.5,-0.37,3.E-02));
#7394 = VECTOR('',#7395,1.);
#7395 = DIRECTION('',(0.,1.,0.));
#7396 = ORIENTED_EDGE('',*,*,#7397,.F.);
#7397 = EDGE_CURVE('',#7333,#7390,#7398,.T.);
#7398 = LINE('',#7399,#7400);
#7399 = CARTESIAN_POINT('',(-0.5,0.34,3.E-02));
#7400 = VECTOR('',#7401,1.);
#7401 = DIRECTION('',(1.,0.,0.));
#7402 = PLANE('',#7403);
#7403 = AXIS2_PLACEMENT_3D('',#7404,#7405,#7406);
#7404 = CARTESIAN_POINT('',(-0.5,-0.37,3.E-02));
#7405 = DIRECTION('',(0.,0.,1.));
#7406 = DIRECTION('',(1.,0.,-0.));
#7407 = ADVANCED_FACE('',(#7408),#7427,.T.);
#7408 = FACE_BOUND('',#7409,.T.);
#7409 = EDGE_LOOP('',(#7410,#7418,#7425,#7426));
#7410 = ORIENTED_EDGE('',*,*,#7411,.T.);
#7411 = EDGE_CURVE('',#7325,#7412,#7414,.T.);
#7412 = VERTEX_POINT('',#7413);
#7413 = CARTESIAN_POINT('',(0.5,0.37,6.E-02));
#7414 = LINE('',#7415,#7416);
#7415 = CARTESIAN_POINT('',(-0.5,0.37,6.E-02));
#7416 = VECTOR('',#7417,1.);
#7417 = DIRECTION('',(1.,0.,0.));
#7418 = ORIENTED_EDGE('',*,*,#7419,.T.);
#7419 = EDGE_CURVE('',#7412,#7390,#7420,.T.);
#7420 = CIRCLE('',#7421,3.E-02);
#7421 = AXIS2_PLACEMENT_3D('',#7422,#7423,#7424);
#7422 = CARTESIAN_POINT('',(0.5,0.34,6.E-02));
#7423 = DIRECTION('',(-1.,0.,0.));
#7424 = DIRECTION('',(0.,0.,1.));
#7425 = ORIENTED_EDGE('',*,*,#7397,.F.);
#7426 = ORIENTED_EDGE('',*,*,#7332,.F.);
#7427 = CYLINDRICAL_SURFACE('',#7428,3.E-02);
#7428 = AXIS2_PLACEMENT_3D('',#7429,#7430,#7431);
#7429 = CARTESIAN_POINT('',(-0.5,0.34,6.E-02));
#7430 = DIRECTION('',(1.,0.,0.));
#7431 = DIRECTION('',(-0.,1.,0.));
#7432 = ADVANCED_FACE('',(#7433),#7451,.T.);
#7433 = FACE_BOUND('',#7434,.T.);
#7434 = EDGE_LOOP('',(#7435,#7443,#7444,#7445));
#7435 = ORIENTED_EDGE('',*,*,#7436,.F.);
#7436 = EDGE_CURVE('',#7412,#7437,#7439,.T.);
#7437 = VERTEX_POINT('',#7438);
#7438 = CARTESIAN_POINT('',(0.5,0.37,0.74));
#7439 = LINE('',#7440,#7441);
#7440 = CARTESIAN_POINT('',(0.5,0.37,3.E-02));
#7441 = VECTOR('',#7442,1.);
#7442 = DIRECTION('',(0.,0.,1.));
#7443 = ORIENTED_EDGE('',*,*,#7411,.F.);
#7444 = ORIENTED_EDGE('',*,*,#7324,.T.);
#7445 = ORIENTED_EDGE('',*,*,#7446,.T.);
#7446 = EDGE_CURVE('',#7316,#7437,#7447,.T.);
#7447 = LINE('',#7448,#7449);
#7448 = CARTESIAN_POINT('',(-0.5,0.37,0.74));
#7449 = VECTOR('',#7450,1.);
#7450 = DIRECTION('',(1.,0.,0.));
#7451 = PLANE('',#7452);
#7452 = AXIS2_PLACEMENT_3D('',#7453,#7454,#7455);
#7453 = CARTESIAN_POINT('',(-0.5,0.37,3.E-02));
#7454 = DIRECTION('',(0.,1.,0.));
#7455 = DIRECTION('',(0.,-0.,1.));
#7456 = ADVANCED_FACE('',(#7457),#7476,.T.);
#7457 = FACE_BOUND('',#7458,.T.);
#7458 = EDGE_LOOP('',(#7459,#7460,#7468,#7475));
#7459 = ORIENTED_EDGE('',*,*,#7315,.T.);
#7460 = ORIENTED_EDGE('',*,*,#7461,.T.);
#7461 = EDGE_CURVE('',#7308,#7462,#7464,.T.);
#7462 = VERTEX_POINT('',#7463);
#7463 = CARTESIAN_POINT('',(0.5,0.34,0.77));
#7464 = LINE('',#7465,#7466);
#7465 = CARTESIAN_POINT('',(-0.5,0.34,0.77));
#7466 = VECTOR('',#7467,1.);
#7467 = DIRECTION('',(1.,0.,0.));
#7468 = ORIENTED_EDGE('',*,*,#7469,.F.);
#7469 = EDGE_CURVE('',#7437,#7462,#7470,.T.);
#7470 = CIRCLE('',#7471,3.E-02);
#7471 = AXIS2_PLACEMENT_3D('',#7472,#7473,#7474);
#7472 = CARTESIAN_POINT('',(0.5,0.34,0.74));
#7473 = DIRECTION('',(1.,0.,-0.));
#7474 = DIRECTION('',(0.,0.,1.));
#7475 = ORIENTED_EDGE('',*,*,#7446,.F.);
#7476 = CYLINDRICAL_SURFACE('',#7477,3.E-02);
#7477 = AXIS2_PLACEMENT_3D('',#7478,#7479,#7480);
#7478 = CARTESIAN_POINT('',(-0.5,0.34,0.74));
#7479 = DIRECTION('',(1.,0.,0.));
#7480 = DIRECTION('',(-0.,1.,0.));
#7481 = ADVANCED_FACE('',(#7482),#7500,.T.);
#7482 = FACE_BOUND('',#7483,.T.);
#7483 = EDGE_LOOP('',(#7484,#7485,#7493,#7499));
#7484 = ORIENTED_EDGE('',*,*,#7307,.F.);
#7485 = ORIENTED_EDGE('',*,*,#7486,.T.);
#7486 = EDGE_CURVE('',#7299,#7487,#7489,.T.);
#7487 = VERTEX_POINT('',#7488);
#7488 = CARTESIAN_POINT('',(0.5,-0.34,0.77));
#7489 = LINE('',#7490,#7491);
#7490 = CARTESIAN_POINT('',(-0.5,-0.34,0.77));
#7491 = VECTOR('',#7492,1.);
#7492 = DIRECTION('',(1.,0.,0.));
#7493 = ORIENTED_EDGE('',*,*,#7494,.T.);
#7494 = EDGE_CURVE('',#7487,#7462,#7495,.T.);
#7495 = LINE('',#7496,#7497);
#7496 = CARTESIAN_POINT('',(0.5,-0.37,0.77));
#7497 = VECTOR('',#7498,1.);
#7498 = DIRECTION('',(0.,1.,0.));
#7499 = ORIENTED_EDGE('',*,*,#7461,.F.);
#7500 = PLANE('',#7501);
#7501 = AXIS2_PLACEMENT_3D('',#7502,#7503,#7504);
#7502 = CARTESIAN_POINT('',(-0.5,-0.37,0.77));
#7503 = DIRECTION('',(0.,0.,1.));
#7504 = DIRECTION('',(1.,0.,-0.));
#7505 = ADVANCED_FACE('',(#7506),#7525,.T.);
#7506 = FACE_BOUND('',#7507,.T.);
#7507 = EDGE_LOOP('',(#7508,#7516,#7523,#7524));
#7508 = ORIENTED_EDGE('',*,*,#7509,.T.);
#7509 = EDGE_CURVE('',#7291,#7510,#7512,.T.);
#7510 = VERTEX_POINT('',#7511);
#7511 = CARTESIAN_POINT('',(0.5,-0.37,0.74));
#7512 = LINE('',#7513,#7514);
#7513 = CARTESIAN_POINT('',(-0.5,-0.37,0.74));
#7514 = VECTOR('',#7515,1.);
#7515 = DIRECTION('',(1.,0.,0.));
#7516 = ORIENTED_EDGE('',*,*,#7517,.T.);
#7517 = EDGE_CURVE('',#7510,#7487,#7518,.T.);
#7518 = CIRCLE('',#7519,3.E-02);
#7519 = AXIS2_PLACEMENT_3D('',#7520,#7521,#7522);
#7520 = CARTESIAN_POINT('',(0.5,-0.34,0.74));
#7521 = DIRECTION('',(-1.,0.,0.));
#7522 = DIRECTION('',(0.,0.,1.));
#7523 = ORIENTED_EDGE('',*,*,#7486,.F.);
#7524 = ORIENTED_EDGE('',*,*,#7298,.F.);
#7525 = CYLINDRICAL_SURFACE('',#7526,3.E-02);
#7526 = AXIS2_PLACEMENT_3D('',#7527,#7528,#7529);
#7527 = CARTESIAN_POINT('',(-0.5,-0.34,0.74));
#7528 = DIRECTION('',(1.,0.,0.));
#7529 = DIRECTION('',(0.,-1.,0.));
#7530 = ADVANCED_FACE('',(#7531),#7542,.F.);
#7531 = FACE_BOUND('',#7532,.F.);
#7532 = EDGE_LOOP('',(#7533,#7539,#7540,#7541));
#7533 = ORIENTED_EDGE('',*,*,#7534,.F.);
#7534 = EDGE_CURVE('',#7365,#7510,#7535,.T.);
#7535 = LINE('',#7536,#7537);
#7536 = CARTESIAN_POINT('',(0.5,-0.37,3.E-02));
#7537 = VECTOR('',#7538,1.);
#7538 = DIRECTION('',(0.,0.,1.));
#7539 = ORIENTED_EDGE('',*,*,#7373,.F.);
#7540 = ORIENTED_EDGE('',*,*,#7290,.T.);
#7541 = ORIENTED_EDGE('',*,*,#7509,.T.);
#7542 = PLANE('',#7543);
#7543 = AXIS2_PLACEMENT_3D('',#7544,#7545,#7546);
#7544 = CARTESIAN_POINT('',(-0.5,-0.37,3.E-02));
#7545 = DIRECTION('',(0.,1.,0.));
#7546 = DIRECTION('',(0.,-0.,1.));
#7547 = ADVANCED_FACE('',(#7548,#7618),#7628,.F.);
#7548 = FACE_BOUND('',#7549,.F.);
#7549 = EDGE_LOOP('',(#7550,#7560,#7569,#7577,#7586,#7594,#7603,#7611));
#7550 = ORIENTED_EDGE('',*,*,#7551,.F.);
#7551 = EDGE_CURVE('',#7552,#7554,#7556,.T.);
#7552 = VERTEX_POINT('',#7553);
#7553 = CARTESIAN_POINT('',(0.5,-0.4,3.E-02));
#7554 = VERTEX_POINT('',#7555);
#7555 = CARTESIAN_POINT('',(0.5,-0.4,0.77));
#7556 = LINE('',#7557,#7558);
#7557 = CARTESIAN_POINT('',(0.5,-0.4,0.));
#7558 = VECTOR('',#7559,1.);
#7559 = DIRECTION('',(0.,0.,1.));
#7560 = ORIENTED_EDGE('',*,*,#7561,.T.);
#7561 = EDGE_CURVE('',#7552,#7562,#7564,.T.);
#7562 = VERTEX_POINT('',#7563);
#7563 = CARTESIAN_POINT('',(0.5,-0.37,0.));
#7564 = CIRCLE('',#7565,3.E-02);
#7565 = AXIS2_PLACEMENT_3D('',#7566,#7567,#7568);
#7566 = CARTESIAN_POINT('',(0.5,-0.37,3.E-02));
#7567 = DIRECTION('',(1.,0.,-0.));
#7568 = DIRECTION('',(0.,0.,1.));
#7569 = ORIENTED_EDGE('',*,*,#7570,.T.);
#7570 = EDGE_CURVE('',#7562,#7571,#7573,.T.);
#7571 = VERTEX_POINT('',#7572);
#7572 = CARTESIAN_POINT('',(0.5,0.37,0.));
#7573 = LINE('',#7574,#7575);
#7574 = CARTESIAN_POINT('',(0.5,-0.4,0.));
#7575 = VECTOR('',#7576,1.);
#7576 = DIRECTION('',(0.,1.,0.));
#7577 = ORIENTED_EDGE('',*,*,#7578,.F.);
#7578 = EDGE_CURVE('',#7579,#7571,#7581,.T.);
#7579 = VERTEX_POINT('',#7580);
#7580 = CARTESIAN_POINT('',(0.5,0.4,3.E-02));
#7581 = CIRCLE('',#7582,3.E-02);
#7582 = AXIS2_PLACEMENT_3D('',#7583,#7584,#7585);
#7583 = CARTESIAN_POINT('',(0.5,0.37,3.E-02));
#7584 = DIRECTION('',(-1.,0.,0.));
#7585 = DIRECTION('',(0.,0.,1.));
#7586 = ORIENTED_EDGE('',*,*,#7587,.T.);
#7587 = EDGE_CURVE('',#7579,#7588,#7590,.T.);
#7588 = VERTEX_POINT('',#7589);
#7589 = CARTESIAN_POINT('',(0.5,0.4,0.77));
#7590 = LINE('',#7591,#7592);
#7591 = CARTESIAN_POINT('',(0.5,0.4,0.));
#7592 = VECTOR('',#7593,1.);
#7593 = DIRECTION('',(0.,0.,1.));
#7594 = ORIENTED_EDGE('',*,*,#7595,.T.);
#7595 = EDGE_CURVE('',#7588,#7596,#7598,.T.);
#7596 = VERTEX_POINT('',#7597);
#7597 = CARTESIAN_POINT('',(0.5,0.37,0.8));
#7598 = CIRCLE('',#7599,3.E-02);
#7599 = AXIS2_PLACEMENT_3D('',#7600,#7601,#7602);
#7600 = CARTESIAN_POINT('',(0.5,0.37,0.77));
#7601 = DIRECTION('',(1.,0.,-0.));
#7602 = DIRECTION('',(0.,0.,1.));
#7603 = ORIENTED_EDGE('',*,*,#7604,.F.);
#7604 = EDGE_CURVE('',#7605,#7596,#7607,.T.);
#7605 = VERTEX_POINT('',#7606);
#7606 = CARTESIAN_POINT('',(0.5,-0.37,0.8));
#7607 = LINE('',#7608,#7609);
#7608 = CARTESIAN_POINT('',(0.5,-0.4,0.8));
#7609 = VECTOR('',#7610,1.);
#7610 = DIRECTION('',(0.,1.,0.));
#7611 = ORIENTED_EDGE('',*,*,#7612,.F.);
#7612 = EDGE_CURVE('',#7554,#7605,#7613,.T.);
#7613 = CIRCLE('',#7614,3.E-02);
#7614 = AXIS2_PLACEMENT_3D('',#7615,#7616,#7617);
#7615 = CARTESIAN_POINT('',(0.5,-0.37,0.77));
#7616 = DIRECTION('',(-1.,0.,0.));
#7617 = DIRECTION('',(0.,0.,1.));
#7618 = FACE_BOUND('',#7619,.F.);
#7619 = EDGE_LOOP('',(#7620,#7621,#7622,#7623,#7624,#7625,#7626,#7627));
#7620 = ORIENTED_EDGE('',*,*,#7364,.F.);
#7621 = ORIENTED_EDGE('',*,*,#7534,.T.);
#7622 = ORIENTED_EDGE('',*,*,#7517,.T.);
#7623 = ORIENTED_EDGE('',*,*,#7494,.T.);
#7624 = ORIENTED_EDGE('',*,*,#7469,.F.);
#7625 = ORIENTED_EDGE('',*,*,#7436,.F.);
#7626 = ORIENTED_EDGE('',*,*,#7419,.T.);
#7627 = ORIENTED_EDGE('',*,*,#7389,.F.);
#7628 = PLANE('',#7629);
#7629 = AXIS2_PLACEMENT_3D('',#7630,#7631,#7632);
#7630 = CARTESIAN_POINT('',(0.5,-0.4,0.));
#7631 = DIRECTION('',(1.,0.,0.));
#7632 = DIRECTION('',(0.,0.,1.));
#7633 = ADVANCED_FACE('',(#7634),#7659,.F.);
#7634 = FACE_BOUND('',#7635,.F.);
#7635 = EDGE_LOOP('',(#7636,#7646,#7652,#7653));
#7636 = ORIENTED_EDGE('',*,*,#7637,.F.);
#7637 = EDGE_CURVE('',#7638,#7640,#7642,.T.);
#7638 = VERTEX_POINT('',#7639);
#7639 = CARTESIAN_POINT('',(0.8,-0.4,3.E-02));
#7640 = VERTEX_POINT('',#7641);
#7641 = CARTESIAN_POINT('',(0.8,-0.4,0.77));
#7642 = LINE('',#7643,#7644);
#7643 = CARTESIAN_POINT('',(0.8,-0.4,0.));
#7644 = VECTOR('',#7645,1.);
#7645 = DIRECTION('',(0.,0.,1.));
#7646 = ORIENTED_EDGE('',*,*,#7647,.F.);
#7647 = EDGE_CURVE('',#7552,#7638,#7648,.T.);
#7648 = LINE('',#7649,#7650);
#7649 = CARTESIAN_POINT('',(0.5,-0.4,3.E-02));
#7650 = VECTOR('',#7651,1.);
#7651 = DIRECTION('',(1.,0.,0.));
#7652 = ORIENTED_EDGE('',*,*,#7551,.T.);
#7653 = ORIENTED_EDGE('',*,*,#7654,.T.);
#7654 = EDGE_CURVE('',#7554,#7640,#7655,.T.);
#7655 = LINE('',#7656,#7657);
#7656 = CARTESIAN_POINT('',(0.5,-0.4,0.77));
#7657 = VECTOR('',#7658,1.);
#7658 = DIRECTION('',(1.,0.,0.));
#7659 = PLANE('',#7660);
#7660 = AXIS2_PLACEMENT_3D('',#7661,#7662,#7663);
#7661 = CARTESIAN_POINT('',(0.5,-0.4,0.));
#7662 = DIRECTION('',(0.,1.,0.));
#7663 = DIRECTION('',(0.,-0.,1.));
#7664 = ADVANCED_FACE('',(#7665),#7684,.T.);
#7665 = FACE_BOUND('',#7666,.T.);
#7666 = EDGE_LOOP('',(#7667,#7668,#7676,#7683));
#7667 = ORIENTED_EDGE('',*,*,#7561,.T.);
#7668 = ORIENTED_EDGE('',*,*,#7669,.T.);
#7669 = EDGE_CURVE('',#7562,#7670,#7672,.T.);
#7670 = VERTEX_POINT('',#7671);
#7671 = CARTESIAN_POINT('',(0.8,-0.37,0.));
#7672 = LINE('',#7673,#7674);
#7673 = CARTESIAN_POINT('',(0.5,-0.37,0.));
#7674 = VECTOR('',#7675,1.);
#7675 = DIRECTION('',(1.,0.,0.));
#7676 = ORIENTED_EDGE('',*,*,#7677,.F.);
#7677 = EDGE_CURVE('',#7638,#7670,#7678,.T.);
#7678 = CIRCLE('',#7679,3.E-02);
#7679 = AXIS2_PLACEMENT_3D('',#7680,#7681,#7682);
#7680 = CARTESIAN_POINT('',(0.8,-0.37,3.E-02));
#7681 = DIRECTION('',(1.,0.,-0.));
#7682 = DIRECTION('',(0.,0.,1.));
#7683 = ORIENTED_EDGE('',*,*,#7647,.F.);
#7684 = CYLINDRICAL_SURFACE('',#7685,3.E-02);
#7685 = AXIS2_PLACEMENT_3D('',#7686,#7687,#7688);
#7686 = CARTESIAN_POINT('',(0.5,-0.37,3.E-02));
#7687 = DIRECTION('',(1.,0.,0.));
#7688 = DIRECTION('',(0.,-1.,0.));
#7689 = ADVANCED_FACE('',(#7690),#7709,.T.);
#7690 = FACE_BOUND('',#7691,.T.);
#7691 = EDGE_LOOP('',(#7692,#7693,#7702,#7708));
#7692 = ORIENTED_EDGE('',*,*,#7654,.T.);
#7693 = ORIENTED_EDGE('',*,*,#7694,.T.);
#7694 = EDGE_CURVE('',#7640,#7695,#7697,.T.);
#7695 = VERTEX_POINT('',#7696);
#7696 = CARTESIAN_POINT('',(0.8,-0.37,0.8));
#7697 = CIRCLE('',#7698,3.E-02);
#7698 = AXIS2_PLACEMENT_3D('',#7699,#7700,#7701);
#7699 = CARTESIAN_POINT('',(0.8,-0.37,0.77));
#7700 = DIRECTION('',(-1.,0.,0.));
#7701 = DIRECTION('',(0.,0.,1.));
#7702 = ORIENTED_EDGE('',*,*,#7703,.F.);
#7703 = EDGE_CURVE('',#7605,#7695,#7704,.T.);
#7704 = LINE('',#7705,#7706);
#7705 = CARTESIAN_POINT('',(0.5,-0.37,0.8));
#7706 = VECTOR('',#7707,1.);
#7707 = DIRECTION('',(1.,0.,0.));
#7708 = ORIENTED_EDGE('',*,*,#7612,.F.);
#7709 = CYLINDRICAL_SURFACE('',#7710,3.E-02);
#7710 = AXIS2_PLACEMENT_3D('',#7711,#7712,#7713);
#7711 = CARTESIAN_POINT('',(0.5,-0.37,0.77));
#7712 = DIRECTION('',(1.,0.,0.));
#7713 = DIRECTION('',(0.,-1.,0.));
#7714 = ADVANCED_FACE('',(#7715),#7733,.F.);
#7715 = FACE_BOUND('',#7716,.F.);
#7716 = EDGE_LOOP('',(#7717,#7718,#7719,#7727));
#7717 = ORIENTED_EDGE('',*,*,#7570,.F.);
#7718 = ORIENTED_EDGE('',*,*,#7669,.T.);
#7719 = ORIENTED_EDGE('',*,*,#7720,.T.);
#7720 = EDGE_CURVE('',#7670,#7721,#7723,.T.);
#7721 = VERTEX_POINT('',#7722);
#7722 = CARTESIAN_POINT('',(0.8,0.37,0.));
#7723 = LINE('',#7724,#7725);
#7724 = CARTESIAN_POINT('',(0.8,-0.4,0.));
#7725 = VECTOR('',#7726,1.);
#7726 = DIRECTION('',(0.,1.,0.));
#7727 = ORIENTED_EDGE('',*,*,#7728,.F.);
#7728 = EDGE_CURVE('',#7571,#7721,#7729,.T.);
#7729 = LINE('',#7730,#7731);
#7730 = CARTESIAN_POINT('',(0.5,0.37,0.));
#7731 = VECTOR('',#7732,1.);
#7732 = DIRECTION('',(1.,0.,0.));
#7733 = PLANE('',#7734);
#7734 = AXIS2_PLACEMENT_3D('',#7735,#7736,#7737);
#7735 = CARTESIAN_POINT('',(0.5,-0.4,0.));
#7736 = DIRECTION('',(0.,0.,1.));
#7737 = DIRECTION('',(1.,0.,-0.));
#7738 = ADVANCED_FACE('',(#7739),#7757,.T.);
#7739 = FACE_BOUND('',#7740,.T.);
#7740 = EDGE_LOOP('',(#7741,#7742,#7743,#7751));
#7741 = ORIENTED_EDGE('',*,*,#7604,.F.);
#7742 = ORIENTED_EDGE('',*,*,#7703,.T.);
#7743 = ORIENTED_EDGE('',*,*,#7744,.T.);
#7744 = EDGE_CURVE('',#7695,#7745,#7747,.T.);
#7745 = VERTEX_POINT('',#7746);
#7746 = CARTESIAN_POINT('',(0.8,0.37,0.8));
#7747 = LINE('',#7748,#7749);
#7748 = CARTESIAN_POINT('',(0.8,-0.4,0.8));
#7749 = VECTOR('',#7750,1.);
#7750 = DIRECTION('',(0.,1.,0.));
#7751 = ORIENTED_EDGE('',*,*,#7752,.F.);
#7752 = EDGE_CURVE('',#7596,#7745,#7753,.T.);
#7753 = LINE('',#7754,#7755);
#7754 = CARTESIAN_POINT('',(0.5,0.37,0.8));
#7755 = VECTOR('',#7756,1.);
#7756 = DIRECTION('',(1.,0.,0.));
#7757 = PLANE('',#7758);
#7758 = AXIS2_PLACEMENT_3D('',#7759,#7760,#7761);
#7759 = CARTESIAN_POINT('',(0.5,-0.4,0.8));
#7760 = DIRECTION('',(0.,0.,1.));
#7761 = DIRECTION('',(1.,0.,-0.));
#7762 = ADVANCED_FACE('',(#7763),#7782,.T.);
#7763 = FACE_BOUND('',#7764,.T.);
#7764 = EDGE_LOOP('',(#7765,#7773,#7780,#7781));
#7765 = ORIENTED_EDGE('',*,*,#7766,.T.);
#7766 = EDGE_CURVE('',#7579,#7767,#7769,.T.);
#7767 = VERTEX_POINT('',#7768);
#7768 = CARTESIAN_POINT('',(0.8,0.4,3.E-02));
#7769 = LINE('',#7770,#7771);
#7770 = CARTESIAN_POINT('',(0.5,0.4,3.E-02));
#7771 = VECTOR('',#7772,1.);
#7772 = DIRECTION('',(1.,0.,0.));
#7773 = ORIENTED_EDGE('',*,*,#7774,.T.);
#7774 = EDGE_CURVE('',#7767,#7721,#7775,.T.);
#7775 = CIRCLE('',#7776,3.E-02);
#7776 = AXIS2_PLACEMENT_3D('',#7777,#7778,#7779);
#7777 = CARTESIAN_POINT('',(0.8,0.37,3.E-02));
#7778 = DIRECTION('',(-1.,0.,0.));
#7779 = DIRECTION('',(0.,0.,1.));
#7780 = ORIENTED_EDGE('',*,*,#7728,.F.);
#7781 = ORIENTED_EDGE('',*,*,#7578,.F.);
#7782 = CYLINDRICAL_SURFACE('',#7783,3.E-02);
#7783 = AXIS2_PLACEMENT_3D('',#7784,#7785,#7786);
#7784 = CARTESIAN_POINT('',(0.5,0.37,3.E-02));
#7785 = DIRECTION('',(1.,0.,0.));
#7786 = DIRECTION('',(-0.,1.,0.));
#7787 = ADVANCED_FACE('',(#7788),#7807,.T.);
#7788 = FACE_BOUND('',#7789,.T.);
#7789 = EDGE_LOOP('',(#7790,#7791,#7792,#7801));
#7790 = ORIENTED_EDGE('',*,*,#7595,.T.);
#7791 = ORIENTED_EDGE('',*,*,#7752,.T.);
#7792 = ORIENTED_EDGE('',*,*,#7793,.F.);
#7793 = EDGE_CURVE('',#7794,#7745,#7796,.T.);
#7794 = VERTEX_POINT('',#7795);
#7795 = CARTESIAN_POINT('',(0.8,0.4,0.77));
#7796 = CIRCLE('',#7797,3.E-02);
#7797 = AXIS2_PLACEMENT_3D('',#7798,#7799,#7800);
#7798 = CARTESIAN_POINT('',(0.8,0.37,0.77));
#7799 = DIRECTION('',(1.,0.,-0.));
#7800 = DIRECTION('',(0.,0.,1.));
#7801 = ORIENTED_EDGE('',*,*,#7802,.F.);
#7802 = EDGE_CURVE('',#7588,#7794,#7803,.T.);
#7803 = LINE('',#7804,#7805);
#7804 = CARTESIAN_POINT('',(0.5,0.4,0.77));
#7805 = VECTOR('',#7806,1.);
#7806 = DIRECTION('',(1.,0.,0.));
#7807 = CYLINDRICAL_SURFACE('',#7808,3.E-02);
#7808 = AXIS2_PLACEMENT_3D('',#7809,#7810,#7811);
#7809 = CARTESIAN_POINT('',(0.5,0.37,0.77));
#7810 = DIRECTION('',(1.,0.,0.));
#7811 = DIRECTION('',(-0.,1.,0.));
#7812 = ADVANCED_FACE('',(#7813),#7824,.T.);
#7813 = FACE_BOUND('',#7814,.T.);
#7814 = EDGE_LOOP('',(#7815,#7821,#7822,#7823));
#7815 = ORIENTED_EDGE('',*,*,#7816,.F.);
#7816 = EDGE_CURVE('',#7767,#7794,#7817,.T.);
#7817 = LINE('',#7818,#7819);
#7818 = CARTESIAN_POINT('',(0.8,0.4,0.));
#7819 = VECTOR('',#7820,1.);
#7820 = DIRECTION('',(0.,0.,1.));
#7821 = ORIENTED_EDGE('',*,*,#7766,.F.);
#7822 = ORIENTED_EDGE('',*,*,#7587,.T.);
#7823 = ORIENTED_EDGE('',*,*,#7802,.T.);
#7824 = PLANE('',#7825);
#7825 = AXIS2_PLACEMENT_3D('',#7826,#7827,#7828);
#7826 = CARTESIAN_POINT('',(0.5,0.4,0.));
#7827 = DIRECTION('',(0.,1.,0.));
#7828 = DIRECTION('',(0.,-0.,1.));
#7829 = ADVANCED_FACE('',(#7830),#7840,.T.);
#7830 = FACE_BOUND('',#7831,.T.);
#7831 = EDGE_LOOP('',(#7832,#7833,#7834,#7835,#7836,#7837,#7838,#7839));
#7832 = ORIENTED_EDGE('',*,*,#7637,.F.);
#7833 = ORIENTED_EDGE('',*,*,#7677,.T.);
#7834 = ORIENTED_EDGE('',*,*,#7720,.T.);
#7835 = ORIENTED_EDGE('',*,*,#7774,.F.);
#7836 = ORIENTED_EDGE('',*,*,#7816,.T.);
#7837 = ORIENTED_EDGE('',*,*,#7793,.T.);
#7838 = ORIENTED_EDGE('',*,*,#7744,.F.);
#7839 = ORIENTED_EDGE('',*,*,#7694,.F.);
#7840 = PLANE('',#7841);
#7841 = AXIS2_PLACEMENT_3D('',#7842,#7843,#7844);
#7842 = CARTESIAN_POINT('',(0.8,-0.4,0.));
#7843 = DIRECTION('',(1.,0.,0.));
#7844 = DIRECTION('',(0.,0.,1.));
#7845 = ( GEOMETRIC_REPRESENTATION_CONTEXT(3) 
GLOBAL_UNCERTAINTY_ASSIGNED_CONTEXT((#7849)) 
GLOBAL_UNIT_ASSIGNED_CONTEXT((#7846,#7847,#7848)) REPRESENTATION_CONTEXT
('Context #1','3D Context with UNIT and UNCERTAINTY') );
#7846 = ( LENGTH_UNIT() NAMED_UNIT(*) SI_UNIT(.MILLI.,.METRE.) );
#7847 = ( NAMED_UNIT(*) PLANE_ANGLE_UNIT() SI_UNIT($,.RADIAN.) );
#7848 = ( NAMED_UNIT(*) SI_UNIT($,.STERADIAN.) SOLID_ANGLE_UNIT() );
#7849 = UNCERTAINTY_MEASURE_WITH_UNIT(LENGTH_MEASURE(1.E-07),#7846,
  'distance_accuracy_value','confusion accuracy');
#7850 = CONTEXT_DEPENDENT_SHAPE_REPRESENTATION(#7851,#7853);
#7851 = ( REPRESENTATION_RELATIONSHIP('','',#6990,#6967) 
REPRESENTATION_RELATIONSHIP_WITH_TRANSFORMATION(#7852) 
SHAPE_REPRESENTATION_RELATIONSHIP() );
#7852 = ITEM_DEFINED_TRANSFORMATION('','',#11,#6968);
#7853 = PRODUCT_DEFINITION_SHAPE('Placement','Placement of an item',
  #7854);
#7854 = NEXT_ASSEMBLY_USAGE_OCCURRENCE('7','=>[0:1:1:9]','',#6962,#6985,
  $);
#7855 = PRODUCT_RELATED_PRODUCT_CATEGORY('part',$,(#6987));
#7856 = CONTEXT_DEPENDENT_SHAPE_REPRESENTATION(#7857,#7859);
#7857 = ( REPRESENTATION_RELATIONSHIP('','',#4570,#10) 
REPRESENTATION_RELATIONSHIP_WITH_TRANSFORMATION(#7858) 
SHAPE_REPRESENTATION_RELATIONSHIP() );
#7858 = ITEM_DEFINED_TRANSFORMATION('','',#11,#31);
#7859 = PRODUCT_DEFINITION_SHAPE('Placement','Placement of an item',
  #7860);
#7860 = NEXT_ASSEMBLY_USAGE_OCCURRENCE('9','R4','',#5,#4565,$);
#7861 = SHAPE_DEFINITION_REPRESENTATION(#7862,#7868);
#7862 = PRODUCT_DEFINITION_SHAPE('','',#7863);
#7863 = PRODUCT_DEFINITION('design','',#7864,#7867);
#7864 = PRODUCT_DEFINITION_FORMATION('','',#7865);
#7865 = PRODUCT('module_soldermask','module_soldermask','',(#7866));
#7866 = PRODUCT_CONTEXT('',#2,'mechanical');
#7867 = PRODUCT_DEFINITION_CONTEXT('part definition',#2,'design');
#7868 = MANIFOLD_SURFACE_SHAPE_REPRESENTATION('',(#11,#7869),#8230);
#7869 = SHELL_BASED_SURFACE_MODEL('',(#7870));
#7870 = OPEN_SHELL('',(#7871));
#7871 = ADVANCED_FACE('',(#7872,#7906,#7917,#7928,#7939,#7950,#7961,
    #7972,#7983,#7994,#8005,#8016,#8027,#8038,#8049,#8060,#8071,#8082,
    #8093,#8104,#8115,#8126,#8137,#8148,#8159,#8170,#8181,#8192,#8203,
    #8214),#8225,.T.);
#7872 = FACE_BOUND('',#7873,.F.);
#7873 = EDGE_LOOP('',(#7874,#7884,#7892,#7900));
#7874 = ORIENTED_EDGE('',*,*,#7875,.T.);
#7875 = EDGE_CURVE('',#7876,#7878,#7880,.T.);
#7876 = VERTEX_POINT('',#7877);
#7877 = CARTESIAN_POINT('',(-11.43,-13.97,1.58));
#7878 = VERTEX_POINT('',#7879);
#7879 = CARTESIAN_POINT('',(-11.43,13.97,1.58));
#7880 = LINE('',#7881,#7882);
#7881 = CARTESIAN_POINT('',(-11.43,-13.97,1.58));
#7882 = VECTOR('',#7883,1.);
#7883 = DIRECTION('',(0.,1.,0.));
#7884 = ORIENTED_EDGE('',*,*,#7885,.T.);
#7885 = EDGE_CURVE('',#7878,#7886,#7888,.T.);
#7886 = VERTEX_POINT('',#7887);
#7887 = CARTESIAN_POINT('',(11.43,13.97,1.58));
#7888 = LINE('',#7889,#7890);
#7889 = CARTESIAN_POINT('',(-11.43,13.97,1.58));
#7890 = VECTOR('',#7891,1.);
#7891 = DIRECTION('',(1.,0.,0.));
#7892 = ORIENTED_EDGE('',*,*,#7893,.T.);
#7893 = EDGE_CURVE('',#7886,#7894,#7896,.T.);
#7894 = VERTEX_POINT('',#7895);
#7895 = CARTESIAN_POINT('',(11.43,-13.97,1.58));
#7896 = LINE('',#7897,#7898);
#7897 = CARTESIAN_POINT('',(11.43,13.97,1.58));
#7898 = VECTOR('',#7899,1.);
#7899 = DIRECTION('',(0.,-1.,0.));
#7900 = ORIENTED_EDGE('',*,*,#7901,.T.);
#7901 = EDGE_CURVE('',#7894,#7876,#7902,.T.);
#7902 = LINE('',#7903,#7904);
#7903 = CARTESIAN_POINT('',(11.43,-13.97,1.58));
#7904 = VECTOR('',#7905,1.);
#7905 = DIRECTION('',(-1.,0.,0.));
#7906 = FACE_BOUND('',#7907,.F.);
#7907 = EDGE_LOOP('',(#7908));
#7908 = ORIENTED_EDGE('',*,*,#7909,.T.);
#7909 = EDGE_CURVE('',#7910,#7910,#7912,.T.);
#7910 = VERTEX_POINT('',#7911);
#7911 = CARTESIAN_POINT('',(-3.314608,-12.7,1.58));
#7912 = CIRCLE('',#7913,0.495392);
#7913 = AXIS2_PLACEMENT_3D('',#7914,#7915,#7916);
#7914 = CARTESIAN_POINT('',(-3.81,-12.7,1.58));
#7915 = DIRECTION('',(0.,0.,1.));
#7916 = DIRECTION('',(1.,0.,-0.));
#7917 = FACE_BOUND('',#7918,.F.);
#7918 = EDGE_LOOP('',(#7919));
#7919 = ORIENTED_EDGE('',*,*,#7920,.T.);
#7920 = EDGE_CURVE('',#7921,#7921,#7923,.T.);
#7921 = VERTEX_POINT('',#7922);
#7922 = CARTESIAN_POINT('',(-0.774608,-12.7,1.58));
#7923 = CIRCLE('',#7924,0.495392);
#7924 = AXIS2_PLACEMENT_3D('',#7925,#7926,#7927);
#7925 = CARTESIAN_POINT('',(-1.27,-12.7,1.58));
#7926 = DIRECTION('',(0.,0.,1.));
#7927 = DIRECTION('',(1.,0.,-0.));
#7928 = FACE_BOUND('',#7929,.F.);
#7929 = EDGE_LOOP('',(#7930));
#7930 = ORIENTED_EDGE('',*,*,#7931,.T.);
#7931 = EDGE_CURVE('',#7932,#7932,#7934,.T.);
#7932 = VERTEX_POINT('',#7933);
#7933 = CARTESIAN_POINT('',(1.765392,-12.7,1.58));
#7934 = CIRCLE('',#7935,0.495392);
#7935 = AXIS2_PLACEMENT_3D('',#7936,#7937,#7938);
#7936 = CARTESIAN_POINT('',(1.27,-12.7,1.58));
#7937 = DIRECTION('',(0.,0.,1.));
#7938 = DIRECTION('',(1.,0.,-0.));
#7939 = FACE_BOUND('',#7940,.F.);
#7940 = EDGE_LOOP('',(#7941));
#7941 = ORIENTED_EDGE('',*,*,#7942,.T.);
#7942 = EDGE_CURVE('',#7943,#7943,#7945,.T.);
#7943 = VERTEX_POINT('',#7944);
#7944 = CARTESIAN_POINT('',(4.305392,-12.7,1.58));
#7945 = CIRCLE('',#7946,0.495392);
#7946 = AXIS2_PLACEMENT_3D('',#7947,#7948,#7949);
#7947 = CARTESIAN_POINT('',(3.81,-12.7,1.58));
#7948 = DIRECTION('',(0.,0.,1.));
#7949 = DIRECTION('',(1.,0.,-0.));
#7950 = FACE_BOUND('',#7951,.F.);
#7951 = EDGE_LOOP('',(#7952));
#7952 = ORIENTED_EDGE('',*,*,#7953,.T.);
#7953 = EDGE_CURVE('',#7954,#7954,#7956,.T.);
#7954 = VERTEX_POINT('',#7955);
#7955 = CARTESIAN_POINT('',(-7.251538,-11.43,1.58));
#7956 = CIRCLE('',#7957,1.638462);
#7957 = AXIS2_PLACEMENT_3D('',#7958,#7959,#7960);
#7958 = CARTESIAN_POINT('',(-8.89,-11.43,1.58));
#7959 = DIRECTION('',(0.,0.,1.));
#7960 = DIRECTION('',(1.,0.,-0.));
#7961 = FACE_BOUND('',#7962,.F.);
#7962 = EDGE_LOOP('',(#7963));
#7963 = ORIENTED_EDGE('',*,*,#7964,.T.);
#7964 = EDGE_CURVE('',#7965,#7965,#7967,.T.);
#7965 = VERTEX_POINT('',#7966);
#7966 = CARTESIAN_POINT('',(10.528462,-11.43,1.58));
#7967 = CIRCLE('',#7968,1.638462);
#7968 = AXIS2_PLACEMENT_3D('',#7969,#7970,#7971);
#7969 = CARTESIAN_POINT('',(8.89,-11.43,1.58));
#7970 = DIRECTION('',(0.,0.,1.));
#7971 = DIRECTION('',(1.,0.,-0.));
#7972 = FACE_BOUND('',#7973,.F.);
#7973 = EDGE_LOOP('',(#7974));
#7974 = ORIENTED_EDGE('',*,*,#7975,.T.);
#7975 = EDGE_CURVE('',#7976,#7976,#7978,.T.);
#7976 = VERTEX_POINT('',#7977);
#7977 = CARTESIAN_POINT('',(10.477462,-5.715,1.58));
#7978 = CIRCLE('',#7979,1.587462);
#7979 = AXIS2_PLACEMENT_3D('',#7980,#7981,#7982);
#7980 = CARTESIAN_POINT('',(8.89,-5.715,1.58));
#7981 = DIRECTION('',(0.,0.,1.));
#7982 = DIRECTION('',(1.,0.,-0.));
#7983 = FACE_BOUND('',#7984,.F.);
#7984 = EDGE_LOOP('',(#7985));
#7985 = ORIENTED_EDGE('',*,*,#7986,.T.);
#7986 = EDGE_CURVE('',#7987,#7987,#7989,.T.);
#7987 = VERTEX_POINT('',#7988);
#7988 = CARTESIAN_POINT('',(-8.394608,-5.08,1.58));
#7989 = CIRCLE('',#7990,0.495392);
#7990 = AXIS2_PLACEMENT_3D('',#7991,#7992,#7993);
#7991 = CARTESIAN_POINT('',(-8.89,-5.08,1.58));
#7992 = DIRECTION('',(0.,0.,1.));
#7993 = DIRECTION('',(1.,0.,-0.));
#7994 = FACE_BOUND('',#7995,.F.);
#7995 = EDGE_LOOP('',(#7996));
#7996 = ORIENTED_EDGE('',*,*,#7997,.T.);
#7997 = EDGE_CURVE('',#7998,#7998,#8000,.T.);
#7998 = VERTEX_POINT('',#7999);
#7999 = CARTESIAN_POINT('',(3.027392,-4.445,1.58));
#8000 = CIRCLE('',#8001,0.487392);
#8001 = AXIS2_PLACEMENT_3D('',#8002,#8003,#8004);
#8002 = CARTESIAN_POINT('',(2.54,-4.445,1.58));
#8003 = DIRECTION('',(0.,0.,1.));
#8004 = DIRECTION('',(1.,0.,-0.));
#8005 = FACE_BOUND('',#8006,.F.);
#8006 = EDGE_LOOP('',(#8007));
#8007 = ORIENTED_EDGE('',*,*,#8008,.T.);
#8008 = EDGE_CURVE('',#8009,#8009,#8011,.T.);
#8009 = VERTEX_POINT('',#8010);
#8010 = CARTESIAN_POINT('',(6.937392,-3.429,1.58));
#8011 = CIRCLE('',#8012,0.587392);
#8012 = AXIS2_PLACEMENT_3D('',#8013,#8014,#8015);
#8013 = CARTESIAN_POINT('',(6.35,-3.429,1.58));
#8014 = DIRECTION('',(0.,0.,1.));
#8015 = DIRECTION('',(1.,0.,-0.));
#8016 = FACE_BOUND('',#8017,.F.);
#8017 = EDGE_LOOP('',(#8018));
#8018 = ORIENTED_EDGE('',*,*,#8019,.T.);
#8019 = EDGE_CURVE('',#8020,#8020,#8022,.T.);
#8020 = VERTEX_POINT('',#8021);
#8021 = CARTESIAN_POINT('',(0.487392,-3.175,1.58));
#8022 = CIRCLE('',#8023,0.487392);
#8023 = AXIS2_PLACEMENT_3D('',#8024,#8025,#8026);
#8024 = CARTESIAN_POINT('',(0.,-3.175,1.58));
#8025 = DIRECTION('',(0.,0.,1.));
#8026 = DIRECTION('',(1.,0.,-0.));
#8027 = FACE_BOUND('',#8028,.F.);
#8028 = EDGE_LOOP('',(#8029));
#8029 = ORIENTED_EDGE('',*,*,#8030,.T.);
#8030 = EDGE_CURVE('',#8031,#8031,#8033,.T.);
#8031 = VERTEX_POINT('',#8032);
#8032 = CARTESIAN_POINT('',(-8.394608,-2.54,1.58));
#8033 = CIRCLE('',#8034,0.495392);
#8034 = AXIS2_PLACEMENT_3D('',#8035,#8036,#8037);
#8035 = CARTESIAN_POINT('',(-8.89,-2.54,1.58));
#8036 = DIRECTION('',(0.,0.,1.));
#8037 = DIRECTION('',(1.,0.,-0.));
#8038 = FACE_BOUND('',#8039,.F.);
#8039 = EDGE_LOOP('',(#8040));
#8040 = ORIENTED_EDGE('',*,*,#8041,.T.);
#8041 = EDGE_CURVE('',#8042,#8042,#8044,.T.);
#8042 = VERTEX_POINT('',#8043);
#8043 = CARTESIAN_POINT('',(10.655392,-2.54,1.58));
#8044 = CIRCLE('',#8045,0.495392);
#8045 = AXIS2_PLACEMENT_3D('',#8046,#8047,#8048);
#8046 = CARTESIAN_POINT('',(10.16,-2.54,1.58));
#8047 = DIRECTION('',(0.,0.,1.));
#8048 = DIRECTION('',(1.,0.,-0.));
#8049 = FACE_BOUND('',#8050,.F.);
#8050 = EDGE_LOOP('',(#8051));
#8051 = ORIENTED_EDGE('',*,*,#8052,.T.);
#8052 = EDGE_CURVE('',#8053,#8053,#8055,.T.);
#8053 = VERTEX_POINT('',#8054);
#8054 = CARTESIAN_POINT('',(3.027392,-1.905,1.58));
#8055 = CIRCLE('',#8056,0.487392);
#8056 = AXIS2_PLACEMENT_3D('',#8057,#8058,#8059);
#8057 = CARTESIAN_POINT('',(2.54,-1.905,1.58));
#8058 = DIRECTION('',(0.,0.,1.));
#8059 = DIRECTION('',(1.,0.,-0.));
#8060 = FACE_BOUND('',#8061,.F.);
#8061 = EDGE_LOOP('',(#8062));
#8062 = ORIENTED_EDGE('',*,*,#8063,.T.);
#8063 = EDGE_CURVE('',#8064,#8064,#8066,.T.);
#8064 = VERTEX_POINT('',#8065);
#8065 = CARTESIAN_POINT('',(0.487392,-0.635,1.58));
#8066 = CIRCLE('',#8067,0.487392);
#8067 = AXIS2_PLACEMENT_3D('',#8068,#8069,#8070);
#8068 = CARTESIAN_POINT('',(0.,-0.635,1.58));
#8069 = DIRECTION('',(0.,0.,1.));
#8070 = DIRECTION('',(1.,0.,-0.));
#8071 = FACE_BOUND('',#8072,.F.);
#8072 = EDGE_LOOP('',(#8073));
#8073 = ORIENTED_EDGE('',*,*,#8074,.T.);
#8074 = EDGE_CURVE('',#8075,#8075,#8077,.T.);
#8075 = VERTEX_POINT('',#8076);
#8076 = CARTESIAN_POINT('',(6.937391,7.1E-02,1.58));
#8077 = CIRCLE('',#8078,0.587391);
#8078 = AXIS2_PLACEMENT_3D('',#8079,#8080,#8081);
#8079 = CARTESIAN_POINT('',(6.35,7.1E-02,1.58));
#8080 = DIRECTION('',(0.,0.,1.));
#8081 = DIRECTION('',(1.,0.,-0.));
#8082 = FACE_BOUND('',#8083,.F.);
#8083 = EDGE_LOOP('',(#8084));
#8084 = ORIENTED_EDGE('',*,*,#8085,.T.);
#8085 = EDGE_CURVE('',#8086,#8086,#8088,.T.);
#8086 = VERTEX_POINT('',#8087);
#8087 = CARTESIAN_POINT('',(-8.394609,0.,1.58));
#8088 = CIRCLE('',#8089,0.495391);
#8089 = AXIS2_PLACEMENT_3D('',#8090,#8091,#8092);
#8090 = CARTESIAN_POINT('',(-8.89,-0.,1.58));
#8091 = DIRECTION('',(0.,0.,1.));
#8092 = DIRECTION('',(1.,0.,-0.));
#8093 = FACE_BOUND('',#8094,.F.);
#8094 = EDGE_LOOP('',(#8095));
#8095 = ORIENTED_EDGE('',*,*,#8096,.T.);
#8096 = EDGE_CURVE('',#8097,#8097,#8099,.T.);
#8097 = VERTEX_POINT('',#8098);
#8098 = CARTESIAN_POINT('',(10.655391,0.,1.58));
#8099 = CIRCLE('',#8100,0.495391);
#8100 = AXIS2_PLACEMENT_3D('',#8101,#8102,#8103);
#8101 = CARTESIAN_POINT('',(10.16,-0.,1.58));
#8102 = DIRECTION('',(0.,0.,1.));
#8103 = DIRECTION('',(1.,0.,-0.));
#8104 = FACE_BOUND('',#8105,.F.);
#8105 = EDGE_LOOP('',(#8106));
#8106 = ORIENTED_EDGE('',*,*,#8107,.T.);
#8107 = EDGE_CURVE('',#8108,#8108,#8110,.T.);
#8108 = VERTEX_POINT('',#8109);
#8109 = CARTESIAN_POINT('',(3.027391,0.635,1.58));
#8110 = CIRCLE('',#8111,0.487391);
#8111 = AXIS2_PLACEMENT_3D('',#8112,#8113,#8114);
#8112 = CARTESIAN_POINT('',(2.54,0.635,1.58));
#8113 = DIRECTION('',(0.,0.,1.));
#8114 = DIRECTION('',(1.,0.,-0.));
#8115 = FACE_BOUND('',#8116,.F.);
#8116 = EDGE_LOOP('',(#8117));
#8117 = ORIENTED_EDGE('',*,*,#8118,.T.);
#8118 = EDGE_CURVE('',#8119,#8119,#8121,.T.);
#8119 = VERTEX_POINT('',#8120);
#8120 = CARTESIAN_POINT('',(0.487391,1.905,1.58));
#8121 = CIRCLE('',#8122,0.487391);
#8122 = AXIS2_PLACEMENT_3D('',#8123,#8124,#8125);
#8123 = CARTESIAN_POINT('',(0.,1.905,1.58));
#8124 = DIRECTION('',(0.,0.,1.));
#8125 = DIRECTION('',(1.,0.,-0.));
#8126 = FACE_BOUND('',#8127,.F.);
#8127 = EDGE_LOOP('',(#8128));
#8128 = ORIENTED_EDGE('',*,*,#8129,.T.);
#8129 = EDGE_CURVE('',#8130,#8130,#8132,.T.);
#8130 = VERTEX_POINT('',#8131);
#8131 = CARTESIAN_POINT('',(-8.394609,2.54,1.58));
#8132 = CIRCLE('',#8133,0.495391);
#8133 = AXIS2_PLACEMENT_3D('',#8134,#8135,#8136);
#8134 = CARTESIAN_POINT('',(-8.89,2.54,1.58));
#8135 = DIRECTION('',(0.,0.,1.));
#8136 = DIRECTION('',(1.,0.,-0.));
#8137 = FACE_BOUND('',#8138,.F.);
#8138 = EDGE_LOOP('',(#8139));
#8139 = ORIENTED_EDGE('',*,*,#8140,.T.);
#8140 = EDGE_CURVE('',#8141,#8141,#8143,.T.);
#8141 = VERTEX_POINT('',#8142);
#8142 = CARTESIAN_POINT('',(10.655391,2.54,1.58));
#8143 = CIRCLE('',#8144,0.495391);
#8144 = AXIS2_PLACEMENT_3D('',#8145,#8146,#8147);
#8145 = CARTESIAN_POINT('',(10.16,2.54,1.58));
#8146 = DIRECTION('',(0.,0.,1.));
#8147 = DIRECTION('',(1.,0.,-0.));
#8148 = FACE_BOUND('',#8149,.F.);
#8149 = EDGE_LOOP('',(#8150));
#8150 = ORIENTED_EDGE('',*,*,#8151,.T.);
#8151 = EDGE_CURVE('',#8152,#8152,#8154,.T.);
#8152 = VERTEX_POINT('',#8153);
#8153 = CARTESIAN_POINT('',(3.027391,3.175,1.58));
#8154 = CIRCLE('',#8155,0.487391);
#8155 = AXIS2_PLACEMENT_3D('',#8156,#8157,#8158);
#8156 = CARTESIAN_POINT('',(2.54,3.175,1.58));
#8157 = DIRECTION('',(0.,0.,1.));
#8158 = DIRECTION('',(1.,0.,-0.));
#8159 = FACE_BOUND('',#8160,.F.);
#8160 = EDGE_LOOP('',(#8161));
#8161 = ORIENTED_EDGE('',*,*,#8162,.T.);
#8162 = EDGE_CURVE('',#8163,#8163,#8165,.T.);
#8163 = VERTEX_POINT('',#8164);
#8164 = CARTESIAN_POINT('',(6.937391,3.571,1.58));
#8165 = CIRCLE('',#8166,0.587391);
#8166 = AXIS2_PLACEMENT_3D('',#8167,#8168,#8169);
#8167 = CARTESIAN_POINT('',(6.35,3.571,1.58));
#8168 = DIRECTION('',(0.,0.,1.));
#8169 = DIRECTION('',(1.,0.,-0.));
#8170 = FACE_BOUND('',#8171,.F.);
#8171 = EDGE_LOOP('',(#8172));
#8172 = ORIENTED_EDGE('',*,*,#8173,.T.);
#8173 = EDGE_CURVE('',#8174,#8174,#8176,.T.);
#8174 = VERTEX_POINT('',#8175);
#8175 = CARTESIAN_POINT('',(0.487391,4.445,1.58));
#8176 = CIRCLE('',#8177,0.487391);
#8177 = AXIS2_PLACEMENT_3D('',#8178,#8179,#8180);
#8178 = CARTESIAN_POINT('',(0.,4.445,1.58));
#8179 = DIRECTION('',(0.,0.,1.));
#8180 = DIRECTION('',(1.,0.,-0.));
#8181 = FACE_BOUND('',#8182,.F.);
#8182 = EDGE_LOOP('',(#8183));
#8183 = ORIENTED_EDGE('',*,*,#8184,.T.);
#8184 = EDGE_CURVE('',#8185,#8185,#8187,.T.);
#8185 = VERTEX_POINT('',#8186);
#8186 = CARTESIAN_POINT('',(10.477461,5.715,1.58));
#8187 = CIRCLE('',#8188,1.587461);
#8188 = AXIS2_PLACEMENT_3D('',#8189,#8190,#8191);
#8189 = CARTESIAN_POINT('',(8.89,5.715,1.58));
#8190 = DIRECTION('',(0.,0.,1.));
#8191 = DIRECTION('',(1.,0.,-0.));
#8192 = FACE_BOUND('',#8193,.F.);
#8193 = EDGE_LOOP('',(#8194));
#8194 = ORIENTED_EDGE('',*,*,#8195,.T.);
#8195 = EDGE_CURVE('',#8196,#8196,#8198,.T.);
#8196 = VERTEX_POINT('',#8197);
#8197 = CARTESIAN_POINT('',(-8.394609,5.08,1.58));
#8198 = CIRCLE('',#8199,0.495391);
#8199 = AXIS2_PLACEMENT_3D('',#8200,#8201,#8202);
#8200 = CARTESIAN_POINT('',(-8.89,5.08,1.58));
#8201 = DIRECTION('',(0.,0.,1.));
#8202 = DIRECTION('',(1.,0.,-0.));
#8203 = FACE_BOUND('',#8204,.F.);
#8204 = EDGE_LOOP('',(#8205));
#8205 = ORIENTED_EDGE('',*,*,#8206,.T.);
#8206 = EDGE_CURVE('',#8207,#8207,#8209,.T.);
#8207 = VERTEX_POINT('',#8208);
#8208 = CARTESIAN_POINT('',(-7.251539,11.43,1.58));
#8209 = CIRCLE('',#8210,1.638461);
#8210 = AXIS2_PLACEMENT_3D('',#8211,#8212,#8213);
#8211 = CARTESIAN_POINT('',(-8.89,11.43,1.58));
#8212 = DIRECTION('',(0.,0.,1.));
#8213 = DIRECTION('',(1.,0.,-0.));
#8214 = FACE_BOUND('',#8215,.F.);
#8215 = EDGE_LOOP('',(#8216));
#8216 = ORIENTED_EDGE('',*,*,#8217,.T.);
#8217 = EDGE_CURVE('',#8218,#8218,#8220,.T.);
#8218 = VERTEX_POINT('',#8219);
#8219 = CARTESIAN_POINT('',(10.528461,11.43,1.58));
#8220 = CIRCLE('',#8221,1.638461);
#8221 = AXIS2_PLACEMENT_3D('',#8222,#8223,#8224);
#8222 = CARTESIAN_POINT('',(8.89,11.43,1.58));
#8223 = DIRECTION('',(0.,0.,1.));
#8224 = DIRECTION('',(1.,0.,-0.));
#8225 = PLANE('',#8226);
#8226 = AXIS2_PLACEMENT_3D('',#8227,#8228,#8229);
#8227 = CARTESIAN_POINT('',(0.,0.,1.58));
#8228 = DIRECTION('',(0.,0.,1.));
#8229 = DIRECTION('',(1.,0.,-0.));
#8230 = ( GEOMETRIC_REPRESENTATION_CONTEXT(3) 
GLOBAL_UNCERTAINTY_ASSIGNED_CONTEXT((#8234)) 
GLOBAL_UNIT_ASSIGNED_CONTEXT((#8231,#8232,#8233)) REPRESENTATION_CONTEXT
('Context #1','3D Context with UNIT and UNCERTAINTY') );
#8231 = ( LENGTH_UNIT() NAMED_UNIT(*) SI_UNIT(.MILLI.,.METRE.) );
#8232 = ( NAMED_UNIT(*) PLANE_ANGLE_UNIT() SI_UNIT($,.RADIAN.) );
#8233 = ( NAMED_UNIT(*) SI_UNIT($,.STERADIAN.) SOLID_ANGLE_UNIT() );
#8234 = UNCERTAINTY_MEASURE_WITH_UNIT(LENGTH_MEASURE(1.E-07),#8231,
  'distance_accuracy_value','confusion accuracy');
#8235 = CONTEXT_DEPENDENT_SHAPE_REPRESENTATION(#8236,#8238);
#8236 = ( REPRESENTATION_RELATIONSHIP('','',#7868,#10) 
REPRESENTATION_RELATIONSHIP_WITH_TRANSFORMATION(#8237) 
SHAPE_REPRESENTATION_RELATIONSHIP() );
#8237 = ITEM_DEFINED_TRANSFORMATION('','',#11,#35);
#8238 = PRODUCT_DEFINITION_SHAPE('Placement','Placement of an item',
  #8239);
#8239 = NEXT_ASSEMBLY_USAGE_OCCURRENCE('10','=>[0:1:1:10]','',#5,#7863,$
  );
#8240 = PRODUCT_RELATED_PRODUCT_CATEGORY('part',$,(#7865));
#8241 = SHAPE_DEFINITION_REPRESENTATION(#8242,#8248);
#8242 = PRODUCT_DEFINITION_SHAPE('','',#8243);
#8243 = PRODUCT_DEFINITION('design','',#8244,#8247);
#8244 = PRODUCT_DEFINITION_FORMATION('','',#8245);
#8245 = PRODUCT('module_soldermask','module_soldermask','',(#8246));
#8246 = PRODUCT_CONTEXT('',#2,'mechanical');
#8247 = PRODUCT_DEFINITION_CONTEXT('part definition',#2,'design');
#8248 = MANIFOLD_SURFACE_SHAPE_REPRESENTATION('',(#11,#8249),#8610);
#8249 = SHELL_BASED_SURFACE_MODEL('',(#8250));
#8250 = OPEN_SHELL('',(#8251));
#8251 = ADVANCED_FACE('',(#8252,#8286,#8297,#8308,#8319,#8330,#8341,
    #8352,#8363,#8374,#8385,#8396,#8407,#8418,#8429,#8440,#8451,#8462,
    #8473,#8484,#8495,#8506,#8517,#8528,#8539,#8550,#8561,#8572,#8583,
    #8594),#8605,.T.);
#8252 = FACE_BOUND('',#8253,.T.);
#8253 = EDGE_LOOP('',(#8254,#8264,#8272,#8280));
#8254 = ORIENTED_EDGE('',*,*,#8255,.T.);
#8255 = EDGE_CURVE('',#8256,#8258,#8260,.T.);
#8256 = VERTEX_POINT('',#8257);
#8257 = CARTESIAN_POINT('',(-11.43,-13.97,-5.E-02));
#8258 = VERTEX_POINT('',#8259);
#8259 = CARTESIAN_POINT('',(-11.43,13.97,-5.E-02));
#8260 = LINE('',#8261,#8262);
#8261 = CARTESIAN_POINT('',(-11.43,-13.97,-5.E-02));
#8262 = VECTOR('',#8263,1.);
#8263 = DIRECTION('',(0.,1.,0.));
#8264 = ORIENTED_EDGE('',*,*,#8265,.T.);
#8265 = EDGE_CURVE('',#8258,#8266,#8268,.T.);
#8266 = VERTEX_POINT('',#8267);
#8267 = CARTESIAN_POINT('',(11.43,13.97,-5.E-02));
#8268 = LINE('',#8269,#8270);
#8269 = CARTESIAN_POINT('',(-11.43,13.97,-5.E-02));
#8270 = VECTOR('',#8271,1.);
#8271 = DIRECTION('',(1.,0.,0.));
#8272 = ORIENTED_EDGE('',*,*,#8273,.T.);
#8273 = EDGE_CURVE('',#8266,#8274,#8276,.T.);
#8274 = VERTEX_POINT('',#8275);
#8275 = CARTESIAN_POINT('',(11.43,-13.97,-5.E-02));
#8276 = LINE('',#8277,#8278);
#8277 = CARTESIAN_POINT('',(11.43,13.97,-5.E-02));
#8278 = VECTOR('',#8279,1.);
#8279 = DIRECTION('',(0.,-1.,0.));
#8280 = ORIENTED_EDGE('',*,*,#8281,.T.);
#8281 = EDGE_CURVE('',#8274,#8256,#8282,.T.);
#8282 = LINE('',#8283,#8284);
#8283 = CARTESIAN_POINT('',(11.43,-13.97,-5.E-02));
#8284 = VECTOR('',#8285,1.);
#8285 = DIRECTION('',(-1.,0.,0.));
#8286 = FACE_BOUND('',#8287,.T.);
#8287 = EDGE_LOOP('',(#8288));
#8288 = ORIENTED_EDGE('',*,*,#8289,.T.);
#8289 = EDGE_CURVE('',#8290,#8290,#8292,.T.);
#8290 = VERTEX_POINT('',#8291);
#8291 = CARTESIAN_POINT('',(-3.314608,-12.7,-5.E-02));
#8292 = CIRCLE('',#8293,0.495392);
#8293 = AXIS2_PLACEMENT_3D('',#8294,#8295,#8296);
#8294 = CARTESIAN_POINT('',(-3.81,-12.7,-5.E-02));
#8295 = DIRECTION('',(0.,0.,1.));
#8296 = DIRECTION('',(1.,0.,-0.));
#8297 = FACE_BOUND('',#8298,.T.);
#8298 = EDGE_LOOP('',(#8299));
#8299 = ORIENTED_EDGE('',*,*,#8300,.T.);
#8300 = EDGE_CURVE('',#8301,#8301,#8303,.T.);
#8301 = VERTEX_POINT('',#8302);
#8302 = CARTESIAN_POINT('',(-0.774608,-12.7,-5.E-02));
#8303 = CIRCLE('',#8304,0.495392);
#8304 = AXIS2_PLACEMENT_3D('',#8305,#8306,#8307);
#8305 = CARTESIAN_POINT('',(-1.27,-12.7,-5.E-02));
#8306 = DIRECTION('',(0.,0.,1.));
#8307 = DIRECTION('',(1.,0.,-0.));
#8308 = FACE_BOUND('',#8309,.T.);
#8309 = EDGE_LOOP('',(#8310));
#8310 = ORIENTED_EDGE('',*,*,#8311,.T.);
#8311 = EDGE_CURVE('',#8312,#8312,#8314,.T.);
#8312 = VERTEX_POINT('',#8313);
#8313 = CARTESIAN_POINT('',(1.765392,-12.7,-5.E-02));
#8314 = CIRCLE('',#8315,0.495392);
#8315 = AXIS2_PLACEMENT_3D('',#8316,#8317,#8318);
#8316 = CARTESIAN_POINT('',(1.27,-12.7,-5.E-02));
#8317 = DIRECTION('',(0.,0.,1.));
#8318 = DIRECTION('',(1.,0.,-0.));
#8319 = FACE_BOUND('',#8320,.T.);
#8320 = EDGE_LOOP('',(#8321));
#8321 = ORIENTED_EDGE('',*,*,#8322,.T.);
#8322 = EDGE_CURVE('',#8323,#8323,#8325,.T.);
#8323 = VERTEX_POINT('',#8324);
#8324 = CARTESIAN_POINT('',(4.305392,-12.7,-5.E-02));
#8325 = CIRCLE('',#8326,0.495392);
#8326 = AXIS2_PLACEMENT_3D('',#8327,#8328,#8329);
#8327 = CARTESIAN_POINT('',(3.81,-12.7,-5.E-02));
#8328 = DIRECTION('',(0.,0.,1.));
#8329 = DIRECTION('',(1.,0.,-0.));
#8330 = FACE_BOUND('',#8331,.T.);
#8331 = EDGE_LOOP('',(#8332));
#8332 = ORIENTED_EDGE('',*,*,#8333,.T.);
#8333 = EDGE_CURVE('',#8334,#8334,#8336,.T.);
#8334 = VERTEX_POINT('',#8335);
#8335 = CARTESIAN_POINT('',(-7.251538,-11.43,-5.E-02));
#8336 = CIRCLE('',#8337,1.638462);
#8337 = AXIS2_PLACEMENT_3D('',#8338,#8339,#8340);
#8338 = CARTESIAN_POINT('',(-8.89,-11.43,-5.E-02));
#8339 = DIRECTION('',(0.,0.,1.));
#8340 = DIRECTION('',(1.,0.,-0.));
#8341 = FACE_BOUND('',#8342,.T.);
#8342 = EDGE_LOOP('',(#8343));
#8343 = ORIENTED_EDGE('',*,*,#8344,.T.);
#8344 = EDGE_CURVE('',#8345,#8345,#8347,.T.);
#8345 = VERTEX_POINT('',#8346);
#8346 = CARTESIAN_POINT('',(10.528462,-11.43,-5.E-02));
#8347 = CIRCLE('',#8348,1.638462);
#8348 = AXIS2_PLACEMENT_3D('',#8349,#8350,#8351);
#8349 = CARTESIAN_POINT('',(8.89,-11.43,-5.E-02));
#8350 = DIRECTION('',(0.,0.,1.));
#8351 = DIRECTION('',(1.,0.,-0.));
#8352 = FACE_BOUND('',#8353,.T.);
#8353 = EDGE_LOOP('',(#8354));
#8354 = ORIENTED_EDGE('',*,*,#8355,.T.);
#8355 = EDGE_CURVE('',#8356,#8356,#8358,.T.);
#8356 = VERTEX_POINT('',#8357);
#8357 = CARTESIAN_POINT('',(10.477462,-5.715,-5.E-02));
#8358 = CIRCLE('',#8359,1.587462);
#8359 = AXIS2_PLACEMENT_3D('',#8360,#8361,#8362);
#8360 = CARTESIAN_POINT('',(8.89,-5.715,-5.E-02));
#8361 = DIRECTION('',(0.,0.,1.));
#8362 = DIRECTION('',(1.,0.,-0.));
#8363 = FACE_BOUND('',#8364,.T.);
#8364 = EDGE_LOOP('',(#8365));
#8365 = ORIENTED_EDGE('',*,*,#8366,.T.);
#8366 = EDGE_CURVE('',#8367,#8367,#8369,.T.);
#8367 = VERTEX_POINT('',#8368);
#8368 = CARTESIAN_POINT('',(-8.394608,-5.08,-5.E-02));
#8369 = CIRCLE('',#8370,0.495392);
#8370 = AXIS2_PLACEMENT_3D('',#8371,#8372,#8373);
#8371 = CARTESIAN_POINT('',(-8.89,-5.08,-5.E-02));
#8372 = DIRECTION('',(0.,0.,1.));
#8373 = DIRECTION('',(1.,0.,-0.));
#8374 = FACE_BOUND('',#8375,.T.);
#8375 = EDGE_LOOP('',(#8376));
#8376 = ORIENTED_EDGE('',*,*,#8377,.T.);
#8377 = EDGE_CURVE('',#8378,#8378,#8380,.T.);
#8378 = VERTEX_POINT('',#8379);
#8379 = CARTESIAN_POINT('',(3.027392,-4.445,-5.E-02));
#8380 = CIRCLE('',#8381,0.487392);
#8381 = AXIS2_PLACEMENT_3D('',#8382,#8383,#8384);
#8382 = CARTESIAN_POINT('',(2.54,-4.445,-5.E-02));
#8383 = DIRECTION('',(0.,0.,1.));
#8384 = DIRECTION('',(1.,0.,-0.));
#8385 = FACE_BOUND('',#8386,.T.);
#8386 = EDGE_LOOP('',(#8387));
#8387 = ORIENTED_EDGE('',*,*,#8388,.T.);
#8388 = EDGE_CURVE('',#8389,#8389,#8391,.T.);
#8389 = VERTEX_POINT('',#8390);
#8390 = CARTESIAN_POINT('',(6.937392,-3.429,-5.E-02));
#8391 = CIRCLE('',#8392,0.587392);
#8392 = AXIS2_PLACEMENT_3D('',#8393,#8394,#8395);
#8393 = CARTESIAN_POINT('',(6.35,-3.429,-5.E-02));
#8394 = DIRECTION('',(0.,0.,1.));
#8395 = DIRECTION('',(1.,0.,-0.));
#8396 = FACE_BOUND('',#8397,.T.);
#8397 = EDGE_LOOP('',(#8398));
#8398 = ORIENTED_EDGE('',*,*,#8399,.T.);
#8399 = EDGE_CURVE('',#8400,#8400,#8402,.T.);
#8400 = VERTEX_POINT('',#8401);
#8401 = CARTESIAN_POINT('',(0.487392,-3.175,-5.E-02));
#8402 = CIRCLE('',#8403,0.487392);
#8403 = AXIS2_PLACEMENT_3D('',#8404,#8405,#8406);
#8404 = CARTESIAN_POINT('',(0.,-3.175,-5.E-02));
#8405 = DIRECTION('',(0.,0.,1.));
#8406 = DIRECTION('',(1.,0.,-0.));
#8407 = FACE_BOUND('',#8408,.T.);
#8408 = EDGE_LOOP('',(#8409));
#8409 = ORIENTED_EDGE('',*,*,#8410,.T.);
#8410 = EDGE_CURVE('',#8411,#8411,#8413,.T.);
#8411 = VERTEX_POINT('',#8412);
#8412 = CARTESIAN_POINT('',(-8.394608,-2.54,-5.E-02));
#8413 = CIRCLE('',#8414,0.495392);
#8414 = AXIS2_PLACEMENT_3D('',#8415,#8416,#8417);
#8415 = CARTESIAN_POINT('',(-8.89,-2.54,-5.E-02));
#8416 = DIRECTION('',(0.,0.,1.));
#8417 = DIRECTION('',(1.,0.,-0.));
#8418 = FACE_BOUND('',#8419,.T.);
#8419 = EDGE_LOOP('',(#8420));
#8420 = ORIENTED_EDGE('',*,*,#8421,.T.);
#8421 = EDGE_CURVE('',#8422,#8422,#8424,.T.);
#8422 = VERTEX_POINT('',#8423);
#8423 = CARTESIAN_POINT('',(10.655392,-2.54,-5.E-02));
#8424 = CIRCLE('',#8425,0.495392);
#8425 = AXIS2_PLACEMENT_3D('',#8426,#8427,#8428);
#8426 = CARTESIAN_POINT('',(10.16,-2.54,-5.E-02));
#8427 = DIRECTION('',(0.,0.,1.));
#8428 = DIRECTION('',(1.,0.,-0.));
#8429 = FACE_BOUND('',#8430,.T.);
#8430 = EDGE_LOOP('',(#8431));
#8431 = ORIENTED_EDGE('',*,*,#8432,.T.);
#8432 = EDGE_CURVE('',#8433,#8433,#8435,.T.);
#8433 = VERTEX_POINT('',#8434);
#8434 = CARTESIAN_POINT('',(3.027392,-1.905,-5.E-02));
#8435 = CIRCLE('',#8436,0.487392);
#8436 = AXIS2_PLACEMENT_3D('',#8437,#8438,#8439);
#8437 = CARTESIAN_POINT('',(2.54,-1.905,-5.E-02));
#8438 = DIRECTION('',(0.,0.,1.));
#8439 = DIRECTION('',(1.,0.,-0.));
#8440 = FACE_BOUND('',#8441,.T.);
#8441 = EDGE_LOOP('',(#8442));
#8442 = ORIENTED_EDGE('',*,*,#8443,.T.);
#8443 = EDGE_CURVE('',#8444,#8444,#8446,.T.);
#8444 = VERTEX_POINT('',#8445);
#8445 = CARTESIAN_POINT('',(0.487392,-0.635,-5.E-02));
#8446 = CIRCLE('',#8447,0.487392);
#8447 = AXIS2_PLACEMENT_3D('',#8448,#8449,#8450);
#8448 = CARTESIAN_POINT('',(0.,-0.635,-5.E-02));
#8449 = DIRECTION('',(0.,0.,1.));
#8450 = DIRECTION('',(1.,0.,-0.));
#8451 = FACE_BOUND('',#8452,.T.);
#8452 = EDGE_LOOP('',(#8453));
#8453 = ORIENTED_EDGE('',*,*,#8454,.T.);
#8454 = EDGE_CURVE('',#8455,#8455,#8457,.T.);
#8455 = VERTEX_POINT('',#8456);
#8456 = CARTESIAN_POINT('',(6.937391,7.1E-02,-5.E-02));
#8457 = CIRCLE('',#8458,0.587391);
#8458 = AXIS2_PLACEMENT_3D('',#8459,#8460,#8461);
#8459 = CARTESIAN_POINT('',(6.35,7.1E-02,-5.E-02));
#8460 = DIRECTION('',(0.,0.,1.));
#8461 = DIRECTION('',(1.,0.,-0.));
#8462 = FACE_BOUND('',#8463,.T.);
#8463 = EDGE_LOOP('',(#8464));
#8464 = ORIENTED_EDGE('',*,*,#8465,.T.);
#8465 = EDGE_CURVE('',#8466,#8466,#8468,.T.);
#8466 = VERTEX_POINT('',#8467);
#8467 = CARTESIAN_POINT('',(-8.394609,0.,-5.E-02));
#8468 = CIRCLE('',#8469,0.495391);
#8469 = AXIS2_PLACEMENT_3D('',#8470,#8471,#8472);
#8470 = CARTESIAN_POINT('',(-8.89,-0.,-5.E-02));
#8471 = DIRECTION('',(0.,0.,1.));
#8472 = DIRECTION('',(1.,0.,-0.));
#8473 = FACE_BOUND('',#8474,.T.);
#8474 = EDGE_LOOP('',(#8475));
#8475 = ORIENTED_EDGE('',*,*,#8476,.T.);
#8476 = EDGE_CURVE('',#8477,#8477,#8479,.T.);
#8477 = VERTEX_POINT('',#8478);
#8478 = CARTESIAN_POINT('',(10.655391,0.,-5.E-02));
#8479 = CIRCLE('',#8480,0.495391);
#8480 = AXIS2_PLACEMENT_3D('',#8481,#8482,#8483);
#8481 = CARTESIAN_POINT('',(10.16,-0.,-5.E-02));
#8482 = DIRECTION('',(0.,0.,1.));
#8483 = DIRECTION('',(1.,0.,-0.));
#8484 = FACE_BOUND('',#8485,.T.);
#8485 = EDGE_LOOP('',(#8486));
#8486 = ORIENTED_EDGE('',*,*,#8487,.T.);
#8487 = EDGE_CURVE('',#8488,#8488,#8490,.T.);
#8488 = VERTEX_POINT('',#8489);
#8489 = CARTESIAN_POINT('',(3.027391,0.635,-5.E-02));
#8490 = CIRCLE('',#8491,0.487391);
#8491 = AXIS2_PLACEMENT_3D('',#8492,#8493,#8494);
#8492 = CARTESIAN_POINT('',(2.54,0.635,-5.E-02));
#8493 = DIRECTION('',(0.,0.,1.));
#8494 = DIRECTION('',(1.,0.,-0.));
#8495 = FACE_BOUND('',#8496,.T.);
#8496 = EDGE_LOOP('',(#8497));
#8497 = ORIENTED_EDGE('',*,*,#8498,.T.);
#8498 = EDGE_CURVE('',#8499,#8499,#8501,.T.);
#8499 = VERTEX_POINT('',#8500);
#8500 = CARTESIAN_POINT('',(0.487391,1.905,-5.E-02));
#8501 = CIRCLE('',#8502,0.487391);
#8502 = AXIS2_PLACEMENT_3D('',#8503,#8504,#8505);
#8503 = CARTESIAN_POINT('',(0.,1.905,-5.E-02));
#8504 = DIRECTION('',(0.,0.,1.));
#8505 = DIRECTION('',(1.,0.,-0.));
#8506 = FACE_BOUND('',#8507,.T.);
#8507 = EDGE_LOOP('',(#8508));
#8508 = ORIENTED_EDGE('',*,*,#8509,.T.);
#8509 = EDGE_CURVE('',#8510,#8510,#8512,.T.);
#8510 = VERTEX_POINT('',#8511);
#8511 = CARTESIAN_POINT('',(-8.394609,2.54,-5.E-02));
#8512 = CIRCLE('',#8513,0.495391);
#8513 = AXIS2_PLACEMENT_3D('',#8514,#8515,#8516);
#8514 = CARTESIAN_POINT('',(-8.89,2.54,-5.E-02));
#8515 = DIRECTION('',(0.,0.,1.));
#8516 = DIRECTION('',(1.,0.,-0.));
#8517 = FACE_BOUND('',#8518,.T.);
#8518 = EDGE_LOOP('',(#8519));
#8519 = ORIENTED_EDGE('',*,*,#8520,.T.);
#8520 = EDGE_CURVE('',#8521,#8521,#8523,.T.);
#8521 = VERTEX_POINT('',#8522);
#8522 = CARTESIAN_POINT('',(10.655391,2.54,-5.E-02));
#8523 = CIRCLE('',#8524,0.495391);
#8524 = AXIS2_PLACEMENT_3D('',#8525,#8526,#8527);
#8525 = CARTESIAN_POINT('',(10.16,2.54,-5.E-02));
#8526 = DIRECTION('',(0.,0.,1.));
#8527 = DIRECTION('',(1.,0.,-0.));
#8528 = FACE_BOUND('',#8529,.T.);
#8529 = EDGE_LOOP('',(#8530));
#8530 = ORIENTED_EDGE('',*,*,#8531,.T.);
#8531 = EDGE_CURVE('',#8532,#8532,#8534,.T.);
#8532 = VERTEX_POINT('',#8533);
#8533 = CARTESIAN_POINT('',(3.027391,3.175,-5.E-02));
#8534 = CIRCLE('',#8535,0.487391);
#8535 = AXIS2_PLACEMENT_3D('',#8536,#8537,#8538);
#8536 = CARTESIAN_POINT('',(2.54,3.175,-5.E-02));
#8537 = DIRECTION('',(0.,0.,1.));
#8538 = DIRECTION('',(1.,0.,-0.));
#8539 = FACE_BOUND('',#8540,.T.);
#8540 = EDGE_LOOP('',(#8541));
#8541 = ORIENTED_EDGE('',*,*,#8542,.T.);
#8542 = EDGE_CURVE('',#8543,#8543,#8545,.T.);
#8543 = VERTEX_POINT('',#8544);
#8544 = CARTESIAN_POINT('',(6.937391,3.571,-5.E-02));
#8545 = CIRCLE('',#8546,0.587391);
#8546 = AXIS2_PLACEMENT_3D('',#8547,#8548,#8549);
#8547 = CARTESIAN_POINT('',(6.35,3.571,-5.E-02));
#8548 = DIRECTION('',(0.,0.,1.));
#8549 = DIRECTION('',(1.,0.,-0.));
#8550 = FACE_BOUND('',#8551,.T.);
#8551 = EDGE_LOOP('',(#8552));
#8552 = ORIENTED_EDGE('',*,*,#8553,.T.);
#8553 = EDGE_CURVE('',#8554,#8554,#8556,.T.);
#8554 = VERTEX_POINT('',#8555);
#8555 = CARTESIAN_POINT('',(0.487391,4.445,-5.E-02));
#8556 = CIRCLE('',#8557,0.487391);
#8557 = AXIS2_PLACEMENT_3D('',#8558,#8559,#8560);
#8558 = CARTESIAN_POINT('',(0.,4.445,-5.E-02));
#8559 = DIRECTION('',(0.,0.,1.));
#8560 = DIRECTION('',(1.,0.,-0.));
#8561 = FACE_BOUND('',#8562,.T.);
#8562 = EDGE_LOOP('',(#8563));
#8563 = ORIENTED_EDGE('',*,*,#8564,.T.);
#8564 = EDGE_CURVE('',#8565,#8565,#8567,.T.);
#8565 = VERTEX_POINT('',#8566);
#8566 = CARTESIAN_POINT('',(10.477461,5.715,-5.E-02));
#8567 = CIRCLE('',#8568,1.587461);
#8568 = AXIS2_PLACEMENT_3D('',#8569,#8570,#8571);
#8569 = CARTESIAN_POINT('',(8.89,5.715,-5.E-02));
#8570 = DIRECTION('',(0.,0.,1.));
#8571 = DIRECTION('',(1.,0.,-0.));
#8572 = FACE_BOUND('',#8573,.T.);
#8573 = EDGE_LOOP('',(#8574));
#8574 = ORIENTED_EDGE('',*,*,#8575,.T.);
#8575 = EDGE_CURVE('',#8576,#8576,#8578,.T.);
#8576 = VERTEX_POINT('',#8577);
#8577 = CARTESIAN_POINT('',(-8.394609,5.08,-5.E-02));
#8578 = CIRCLE('',#8579,0.495391);
#8579 = AXIS2_PLACEMENT_3D('',#8580,#8581,#8582);
#8580 = CARTESIAN_POINT('',(-8.89,5.08,-5.E-02));
#8581 = DIRECTION('',(0.,0.,1.));
#8582 = DIRECTION('',(1.,0.,-0.));
#8583 = FACE_BOUND('',#8584,.T.);
#8584 = EDGE_LOOP('',(#8585));
#8585 = ORIENTED_EDGE('',*,*,#8586,.T.);
#8586 = EDGE_CURVE('',#8587,#8587,#8589,.T.);
#8587 = VERTEX_POINT('',#8588);
#8588 = CARTESIAN_POINT('',(-7.251539,11.43,-5.E-02));
#8589 = CIRCLE('',#8590,1.638461);
#8590 = AXIS2_PLACEMENT_3D('',#8591,#8592,#8593);
#8591 = CARTESIAN_POINT('',(-8.89,11.43,-5.E-02));
#8592 = DIRECTION('',(0.,0.,1.));
#8593 = DIRECTION('',(1.,0.,-0.));
#8594 = FACE_BOUND('',#8595,.T.);
#8595 = EDGE_LOOP('',(#8596));
#8596 = ORIENTED_EDGE('',*,*,#8597,.T.);
#8597 = EDGE_CURVE('',#8598,#8598,#8600,.T.);
#8598 = VERTEX_POINT('',#8599);
#8599 = CARTESIAN_POINT('',(10.528461,11.43,-5.E-02));
#8600 = CIRCLE('',#8601,1.638461);
#8601 = AXIS2_PLACEMENT_3D('',#8602,#8603,#8604);
#8602 = CARTESIAN_POINT('',(8.89,11.43,-5.E-02));
#8603 = DIRECTION('',(0.,0.,1.));
#8604 = DIRECTION('',(1.,0.,-0.));
#8605 = PLANE('',#8606);
#8606 = AXIS2_PLACEMENT_3D('',#8607,#8608,#8609);
#8607 = CARTESIAN_POINT('',(0.,0.,-5.E-02));
#8608 = DIRECTION('',(-0.,-0.,-1.));
#8609 = DIRECTION('',(-1.,0.,0.));
#8610 = ( GEOMETRIC_REPRESENTATION_CONTEXT(3) 
GLOBAL_UNCERTAINTY_ASSIGNED_CONTEXT((#8614)) 
GLOBAL_UNIT_ASSIGNED_CONTEXT((#8611,#8612,#8613)) REPRESENTATION_CONTEXT
('Context #1','3D Context with UNIT and UNCERTAINTY') );
#8611 = ( LENGTH_UNIT() NAMED_UNIT(*) SI_UNIT(.MILLI.,.METRE.) );
#8612 = ( NAMED_UNIT(*) PLANE_ANGLE_UNIT() SI_UNIT($,.RADIAN.) );
#8613 = ( NAMED_UNIT(*) SI_UNIT($,.STERADIAN.) SOLID_ANGLE_UNIT() );
#8614 = UNCERTAINTY_MEASURE_WITH_UNIT(LENGTH_MEASURE(1.E-07),#8611,
  'distance_accuracy_value','confusion accuracy');
#8615 = CONTEXT_DEPENDENT_SHAPE_REPRESENTATION(#8616,#8618);
#8616 = ( REPRESENTATION_RELATIONSHIP('','',#8248,#10) 
REPRESENTATION_RELATIONSHIP_WITH_TRANSFORMATION(#8617) 
SHAPE_REPRESENTATION_RELATIONSHIP() );
#8617 = ITEM_DEFINED_TRANSFORMATION('','',#11,#39);
#8618 = PRODUCT_DEFINITION_SHAPE('Placement','Placement of an item',
  #8619);
#8619 = NEXT_ASSEMBLY_USAGE_OCCURRENCE('11','=>[0:1:1:11]','',#5,#8243,$
  );
#8620 = PRODUCT_RELATED_PRODUCT_CATEGORY('part',$,(#8245));
#8621 = SHAPE_DEFINITION_REPRESENTATION(#8622,#8628);
#8622 = PRODUCT_DEFINITION_SHAPE('','',#8623);
#8623 = PRODUCT_DEFINITION('design','',#8624,#8627);
#8624 = PRODUCT_DEFINITION_FORMATION('','',#8625);
#8625 = PRODUCT('module_PCB','module_PCB','',(#8626));
#8626 = PRODUCT_CONTEXT('',#2,'mechanical');
#8627 = PRODUCT_DEFINITION_CONTEXT('part definition',#2,'design');
#8628 = ADVANCED_BREP_SHAPE_REPRESENTATION('',(#11,#8629),#9910);
#8629 = MANIFOLD_SOLID_BREP('',#8630);
#8630 = CLOSED_SHELL('',(#8631,#8671,#8702,#8733,#9069,#9405,#9417,#9434
    ,#9451,#9468,#9485,#9502,#9519,#9536,#9553,#9570,#9587,#9604,#9621,
    #9638,#9655,#9672,#9689,#9706,#9723,#9740,#9757,#9774,#9791,#9808,
    #9825,#9842,#9859,#9876,#9893));
#8631 = ADVANCED_FACE('',(#8632),#8666,.T.);
#8632 = FACE_BOUND('',#8633,.T.);
#8633 = EDGE_LOOP('',(#8634,#8644,#8652,#8660));
#8634 = ORIENTED_EDGE('',*,*,#8635,.T.);
#8635 = EDGE_CURVE('',#8636,#8638,#8640,.T.);
#8636 = VERTEX_POINT('',#8637);
#8637 = CARTESIAN_POINT('',(11.43,-13.97,0.));
#8638 = VERTEX_POINT('',#8639);
#8639 = CARTESIAN_POINT('',(11.43,-13.97,1.53));
#8640 = LINE('',#8641,#8642);
#8641 = CARTESIAN_POINT('',(11.43,-13.97,0.));
#8642 = VECTOR('',#8643,1.);
#8643 = DIRECTION('',(0.,0.,1.));
#8644 = ORIENTED_EDGE('',*,*,#8645,.T.);
#8645 = EDGE_CURVE('',#8638,#8646,#8648,.T.);
#8646 = VERTEX_POINT('',#8647);
#8647 = CARTESIAN_POINT('',(-11.43,-13.97,1.53));
#8648 = LINE('',#8649,#8650);
#8649 = CARTESIAN_POINT('',(11.43,-13.97,1.53));
#8650 = VECTOR('',#8651,1.);
#8651 = DIRECTION('',(-1.,0.,0.));
#8652 = ORIENTED_EDGE('',*,*,#8653,.F.);
#8653 = EDGE_CURVE('',#8654,#8646,#8656,.T.);
#8654 = VERTEX_POINT('',#8655);
#8655 = CARTESIAN_POINT('',(-11.43,-13.97,0.));
#8656 = LINE('',#8657,#8658);
#8657 = CARTESIAN_POINT('',(-11.43,-13.97,0.));
#8658 = VECTOR('',#8659,1.);
#8659 = DIRECTION('',(0.,0.,1.));
#8660 = ORIENTED_EDGE('',*,*,#8661,.F.);
#8661 = EDGE_CURVE('',#8636,#8654,#8662,.T.);
#8662 = LINE('',#8663,#8664);
#8663 = CARTESIAN_POINT('',(11.43,-13.97,0.));
#8664 = VECTOR('',#8665,1.);
#8665 = DIRECTION('',(-1.,0.,0.));
#8666 = PLANE('',#8667);
#8667 = AXIS2_PLACEMENT_3D('',#8668,#8669,#8670);
#8668 = CARTESIAN_POINT('',(11.43,-13.97,0.));
#8669 = DIRECTION('',(0.,-1.,0.));
#8670 = DIRECTION('',(-1.,0.,0.));
#8671 = ADVANCED_FACE('',(#8672),#8697,.T.);
#8672 = FACE_BOUND('',#8673,.T.);
#8673 = EDGE_LOOP('',(#8674,#8684,#8690,#8691));
#8674 = ORIENTED_EDGE('',*,*,#8675,.T.);
#8675 = EDGE_CURVE('',#8676,#8678,#8680,.T.);
#8676 = VERTEX_POINT('',#8677);
#8677 = CARTESIAN_POINT('',(11.43,13.97,0.));
#8678 = VERTEX_POINT('',#8679);
#8679 = CARTESIAN_POINT('',(11.43,13.97,1.53));
#8680 = LINE('',#8681,#8682);
#8681 = CARTESIAN_POINT('',(11.43,13.97,0.));
#8682 = VECTOR('',#8683,1.);
#8683 = DIRECTION('',(0.,0.,1.));
#8684 = ORIENTED_EDGE('',*,*,#8685,.T.);
#8685 = EDGE_CURVE('',#8678,#8638,#8686,.T.);
#8686 = LINE('',#8687,#8688);
#8687 = CARTESIAN_POINT('',(11.43,13.97,1.53));
#8688 = VECTOR('',#8689,1.);
#8689 = DIRECTION('',(0.,-1.,0.));
#8690 = ORIENTED_EDGE('',*,*,#8635,.F.);
#8691 = ORIENTED_EDGE('',*,*,#8692,.F.);
#8692 = EDGE_CURVE('',#8676,#8636,#8693,.T.);
#8693 = LINE('',#8694,#8695);
#8694 = CARTESIAN_POINT('',(11.43,13.97,0.));
#8695 = VECTOR('',#8696,1.);
#8696 = DIRECTION('',(0.,-1.,0.));
#8697 = PLANE('',#8698);
#8698 = AXIS2_PLACEMENT_3D('',#8699,#8700,#8701);
#8699 = CARTESIAN_POINT('',(11.43,13.97,0.));
#8700 = DIRECTION('',(1.,0.,-0.));
#8701 = DIRECTION('',(0.,-1.,0.));
#8702 = ADVANCED_FACE('',(#8703),#8728,.T.);
#8703 = FACE_BOUND('',#8704,.T.);
#8704 = EDGE_LOOP('',(#8705,#8706,#8714,#8722));
#8705 = ORIENTED_EDGE('',*,*,#8653,.T.);
#8706 = ORIENTED_EDGE('',*,*,#8707,.T.);
#8707 = EDGE_CURVE('',#8646,#8708,#8710,.T.);
#8708 = VERTEX_POINT('',#8709);
#8709 = CARTESIAN_POINT('',(-11.43,13.97,1.53));
#8710 = LINE('',#8711,#8712);
#8711 = CARTESIAN_POINT('',(-11.43,-13.97,1.53));
#8712 = VECTOR('',#8713,1.);
#8713 = DIRECTION('',(0.,1.,0.));
#8714 = ORIENTED_EDGE('',*,*,#8715,.F.);
#8715 = EDGE_CURVE('',#8716,#8708,#8718,.T.);
#8716 = VERTEX_POINT('',#8717);
#8717 = CARTESIAN_POINT('',(-11.43,13.97,0.));
#8718 = LINE('',#8719,#8720);
#8719 = CARTESIAN_POINT('',(-11.43,13.97,0.));
#8720 = VECTOR('',#8721,1.);
#8721 = DIRECTION('',(0.,0.,1.));
#8722 = ORIENTED_EDGE('',*,*,#8723,.F.);
#8723 = EDGE_CURVE('',#8654,#8716,#8724,.T.);
#8724 = LINE('',#8725,#8726);
#8725 = CARTESIAN_POINT('',(-11.43,-13.97,0.));
#8726 = VECTOR('',#8727,1.);
#8727 = DIRECTION('',(0.,1.,0.));
#8728 = PLANE('',#8729);
#8729 = AXIS2_PLACEMENT_3D('',#8730,#8731,#8732);
#8730 = CARTESIAN_POINT('',(-11.43,-13.97,0.));
#8731 = DIRECTION('',(-1.,0.,0.));
#8732 = DIRECTION('',(0.,1.,0.));
#8733 = ADVANCED_FACE('',(#8734,#8745,#8756,#8767,#8778,#8789,#8800,
    #8811,#8822,#8833,#8844,#8855,#8866,#8877,#8888,#8899,#8910,#8921,
    #8932,#8943,#8954,#8965,#8976,#8987,#8998,#9009,#9020,#9031,#9042,
    #9053),#9064,.F.);
#8734 = FACE_BOUND('',#8735,.F.);
#8735 = EDGE_LOOP('',(#8736,#8737,#8738,#8744));
#8736 = ORIENTED_EDGE('',*,*,#8661,.F.);
#8737 = ORIENTED_EDGE('',*,*,#8692,.F.);
#8738 = ORIENTED_EDGE('',*,*,#8739,.F.);
#8739 = EDGE_CURVE('',#8716,#8676,#8740,.T.);
#8740 = LINE('',#8741,#8742);
#8741 = CARTESIAN_POINT('',(-11.43,13.97,0.));
#8742 = VECTOR('',#8743,1.);
#8743 = DIRECTION('',(1.,0.,0.));
#8744 = ORIENTED_EDGE('',*,*,#8723,.F.);
#8745 = FACE_BOUND('',#8746,.F.);
#8746 = EDGE_LOOP('',(#8747));
#8747 = ORIENTED_EDGE('',*,*,#8748,.T.);
#8748 = EDGE_CURVE('',#8749,#8749,#8751,.T.);
#8749 = VERTEX_POINT('',#8750);
#8750 = CARTESIAN_POINT('',(-8.89,-13.081,0.));
#8751 = CIRCLE('',#8752,1.651);
#8752 = AXIS2_PLACEMENT_3D('',#8753,#8754,#8755);
#8753 = CARTESIAN_POINT('',(-8.89,-11.43,0.));
#8754 = DIRECTION('',(-0.,0.,-1.));
#8755 = DIRECTION('',(-0.,-1.,0.));
#8756 = FACE_BOUND('',#8757,.F.);
#8757 = EDGE_LOOP('',(#8758));
#8758 = ORIENTED_EDGE('',*,*,#8759,.T.);
#8759 = EDGE_CURVE('',#8760,#8760,#8762,.T.);
#8760 = VERTEX_POINT('',#8761);
#8761 = CARTESIAN_POINT('',(-3.81,-13.208,0.));
#8762 = CIRCLE('',#8763,0.508);
#8763 = AXIS2_PLACEMENT_3D('',#8764,#8765,#8766);
#8764 = CARTESIAN_POINT('',(-3.81,-12.7,0.));
#8765 = DIRECTION('',(-0.,0.,-1.));
#8766 = DIRECTION('',(-8.741913579726E-16,-1.,0.));
#8767 = FACE_BOUND('',#8768,.F.);
#8768 = EDGE_LOOP('',(#8769));
#8769 = ORIENTED_EDGE('',*,*,#8770,.T.);
#8770 = EDGE_CURVE('',#8771,#8771,#8773,.T.);
#8771 = VERTEX_POINT('',#8772);
#8772 = CARTESIAN_POINT('',(-1.27,-13.208,0.));
#8773 = CIRCLE('',#8774,0.508);
#8774 = AXIS2_PLACEMENT_3D('',#8775,#8776,#8777);
#8775 = CARTESIAN_POINT('',(-1.27,-12.7,0.));
#8776 = DIRECTION('',(-0.,0.,-1.));
#8777 = DIRECTION('',(-0.,-1.,0.));
#8778 = FACE_BOUND('',#8779,.F.);
#8779 = EDGE_LOOP('',(#8780));
#8780 = ORIENTED_EDGE('',*,*,#8781,.T.);
#8781 = EDGE_CURVE('',#8782,#8782,#8784,.T.);
#8782 = VERTEX_POINT('',#8783);
#8783 = CARTESIAN_POINT('',(-8.89,-5.588,0.));
#8784 = CIRCLE('',#8785,0.508);
#8785 = AXIS2_PLACEMENT_3D('',#8786,#8787,#8788);
#8786 = CARTESIAN_POINT('',(-8.89,-5.08,0.));
#8787 = DIRECTION('',(-0.,0.,-1.));
#8788 = DIRECTION('',(-0.,-1.,0.));
#8789 = FACE_BOUND('',#8790,.F.);
#8790 = EDGE_LOOP('',(#8791));
#8791 = ORIENTED_EDGE('',*,*,#8792,.T.);
#8792 = EDGE_CURVE('',#8793,#8793,#8795,.T.);
#8793 = VERTEX_POINT('',#8794);
#8794 = CARTESIAN_POINT('',(-8.89,-3.048,0.));
#8795 = CIRCLE('',#8796,0.508);
#8796 = AXIS2_PLACEMENT_3D('',#8797,#8798,#8799);
#8797 = CARTESIAN_POINT('',(-8.89,-2.54,0.));
#8798 = DIRECTION('',(-0.,0.,-1.));
#8799 = DIRECTION('',(-0.,-1.,0.));
#8800 = FACE_BOUND('',#8801,.F.);
#8801 = EDGE_LOOP('',(#8802));
#8802 = ORIENTED_EDGE('',*,*,#8803,.T.);
#8803 = EDGE_CURVE('',#8804,#8804,#8806,.T.);
#8804 = VERTEX_POINT('',#8805);
#8805 = CARTESIAN_POINT('',(0.,-3.675,0.));
#8806 = CIRCLE('',#8807,0.5);
#8807 = AXIS2_PLACEMENT_3D('',#8808,#8809,#8810);
#8808 = CARTESIAN_POINT('',(-3.67156773777E-17,-3.175,0.));
#8809 = DIRECTION('',(-0.,0.,-1.));
#8810 = DIRECTION('',(7.34313547554E-17,-1.,-0.));
#8811 = FACE_BOUND('',#8812,.F.);
#8812 = EDGE_LOOP('',(#8813));
#8813 = ORIENTED_EDGE('',*,*,#8814,.T.);
#8814 = EDGE_CURVE('',#8815,#8815,#8817,.T.);
#8815 = VERTEX_POINT('',#8816);
#8816 = CARTESIAN_POINT('',(-6.162975822039E-33,-1.135,0.));
#8817 = CIRCLE('',#8818,0.5);
#8818 = AXIS2_PLACEMENT_3D('',#8819,#8820,#8821);
#8819 = CARTESIAN_POINT('',(-3.67156773777E-17,-0.635,0.));
#8820 = DIRECTION('',(-0.,0.,-1.));
#8821 = DIRECTION('',(7.34313547554E-17,-1.,-0.));
#8822 = FACE_BOUND('',#8823,.F.);
#8823 = EDGE_LOOP('',(#8824));
#8824 = ORIENTED_EDGE('',*,*,#8825,.T.);
#8825 = EDGE_CURVE('',#8826,#8826,#8828,.T.);
#8826 = VERTEX_POINT('',#8827);
#8827 = CARTESIAN_POINT('',(1.27,-13.208,0.));
#8828 = CIRCLE('',#8829,0.508);
#8829 = AXIS2_PLACEMENT_3D('',#8830,#8831,#8832);
#8830 = CARTESIAN_POINT('',(1.27,-12.7,0.));
#8831 = DIRECTION('',(-0.,0.,-1.));
#8832 = DIRECTION('',(-0.,-1.,0.));
#8833 = FACE_BOUND('',#8834,.F.);
#8834 = EDGE_LOOP('',(#8835));
#8835 = ORIENTED_EDGE('',*,*,#8836,.T.);
#8836 = EDGE_CURVE('',#8837,#8837,#8839,.T.);
#8837 = VERTEX_POINT('',#8838);
#8838 = CARTESIAN_POINT('',(3.81,-13.208,0.));
#8839 = CIRCLE('',#8840,0.508);
#8840 = AXIS2_PLACEMENT_3D('',#8841,#8842,#8843);
#8841 = CARTESIAN_POINT('',(3.81,-12.7,0.));
#8842 = DIRECTION('',(-0.,0.,-1.));
#8843 = DIRECTION('',(8.741913579726E-16,-1.,-0.));
#8844 = FACE_BOUND('',#8845,.F.);
#8845 = EDGE_LOOP('',(#8846));
#8846 = ORIENTED_EDGE('',*,*,#8847,.T.);
#8847 = EDGE_CURVE('',#8848,#8848,#8850,.T.);
#8848 = VERTEX_POINT('',#8849);
#8849 = CARTESIAN_POINT('',(8.89,-13.081,0.));
#8850 = CIRCLE('',#8851,1.651);
#8851 = AXIS2_PLACEMENT_3D('',#8852,#8853,#8854);
#8852 = CARTESIAN_POINT('',(8.89,-11.43,0.));
#8853 = DIRECTION('',(-0.,0.,-1.));
#8854 = DIRECTION('',(-0.,-1.,0.));
#8855 = FACE_BOUND('',#8856,.F.);
#8856 = EDGE_LOOP('',(#8857));
#8857 = ORIENTED_EDGE('',*,*,#8858,.T.);
#8858 = EDGE_CURVE('',#8859,#8859,#8861,.T.);
#8859 = VERTEX_POINT('',#8860);
#8860 = CARTESIAN_POINT('',(2.54,-4.945,0.));
#8861 = CIRCLE('',#8862,0.5);
#8862 = AXIS2_PLACEMENT_3D('',#8863,#8864,#8865);
#8863 = CARTESIAN_POINT('',(2.54,-4.445,0.));
#8864 = DIRECTION('',(-0.,0.,-1.));
#8865 = DIRECTION('',(-0.,-1.,0.));
#8866 = FACE_BOUND('',#8867,.F.);
#8867 = EDGE_LOOP('',(#8868));
#8868 = ORIENTED_EDGE('',*,*,#8869,.T.);
#8869 = EDGE_CURVE('',#8870,#8870,#8872,.T.);
#8870 = VERTEX_POINT('',#8871);
#8871 = CARTESIAN_POINT('',(2.54,-2.405,0.));
#8872 = CIRCLE('',#8873,0.5);
#8873 = AXIS2_PLACEMENT_3D('',#8874,#8875,#8876);
#8874 = CARTESIAN_POINT('',(2.54,-1.905,0.));
#8875 = DIRECTION('',(-0.,0.,-1.));
#8876 = DIRECTION('',(-0.,-1.,0.));
#8877 = FACE_BOUND('',#8878,.F.);
#8878 = EDGE_LOOP('',(#8879));
#8879 = ORIENTED_EDGE('',*,*,#8880,.T.);
#8880 = EDGE_CURVE('',#8881,#8881,#8883,.T.);
#8881 = VERTEX_POINT('',#8882);
#8882 = CARTESIAN_POINT('',(6.35,-4.029,0.));
#8883 = CIRCLE('',#8884,0.6);
#8884 = AXIS2_PLACEMENT_3D('',#8885,#8886,#8887);
#8885 = CARTESIAN_POINT('',(6.35,-3.429,0.));
#8886 = DIRECTION('',(-0.,0.,-1.));
#8887 = DIRECTION('',(-0.,-1.,0.));
#8888 = FACE_BOUND('',#8889,.F.);
#8889 = EDGE_LOOP('',(#8890));
#8890 = ORIENTED_EDGE('',*,*,#8891,.T.);
#8891 = EDGE_CURVE('',#8892,#8892,#8894,.T.);
#8892 = VERTEX_POINT('',#8893);
#8893 = CARTESIAN_POINT('',(8.89,-7.315,0.));
#8894 = CIRCLE('',#8895,1.6);
#8895 = AXIS2_PLACEMENT_3D('',#8896,#8897,#8898);
#8896 = CARTESIAN_POINT('',(8.89,-5.715,0.));
#8897 = DIRECTION('',(-0.,0.,-1.));
#8898 = DIRECTION('',(-0.,-1.,0.));
#8899 = FACE_BOUND('',#8900,.F.);
#8900 = EDGE_LOOP('',(#8901));
#8901 = ORIENTED_EDGE('',*,*,#8902,.T.);
#8902 = EDGE_CURVE('',#8903,#8903,#8905,.T.);
#8903 = VERTEX_POINT('',#8904);
#8904 = CARTESIAN_POINT('',(10.16,-3.048,0.));
#8905 = CIRCLE('',#8906,0.508);
#8906 = AXIS2_PLACEMENT_3D('',#8907,#8908,#8909);
#8907 = CARTESIAN_POINT('',(10.16,-2.54,0.));
#8908 = DIRECTION('',(-0.,0.,-1.));
#8909 = DIRECTION('',(-0.,-1.,0.));
#8910 = FACE_BOUND('',#8911,.F.);
#8911 = EDGE_LOOP('',(#8912));
#8912 = ORIENTED_EDGE('',*,*,#8913,.T.);
#8913 = EDGE_CURVE('',#8914,#8914,#8916,.T.);
#8914 = VERTEX_POINT('',#8915);
#8915 = CARTESIAN_POINT('',(-8.89,-0.508,0.));
#8916 = CIRCLE('',#8917,0.508);
#8917 = AXIS2_PLACEMENT_3D('',#8918,#8919,#8920);
#8918 = CARTESIAN_POINT('',(-8.89,1.756904497452E-15,0.));
#8919 = DIRECTION('',(-0.,0.,-1.));
#8920 = DIRECTION('',(-0.,-1.,0.));
#8921 = FACE_BOUND('',#8922,.F.);
#8922 = EDGE_LOOP('',(#8923));
#8923 = ORIENTED_EDGE('',*,*,#8924,.T.);
#8924 = EDGE_CURVE('',#8925,#8925,#8927,.T.);
#8925 = VERTEX_POINT('',#8926);
#8926 = CARTESIAN_POINT('',(-8.89,2.032,0.));
#8927 = CIRCLE('',#8928,0.508);
#8928 = AXIS2_PLACEMENT_3D('',#8929,#8930,#8931);
#8929 = CARTESIAN_POINT('',(-8.89,2.54,0.));
#8930 = DIRECTION('',(-0.,0.,-1.));
#8931 = DIRECTION('',(-0.,-1.,0.));
#8932 = FACE_BOUND('',#8933,.F.);
#8933 = EDGE_LOOP('',(#8934));
#8934 = ORIENTED_EDGE('',*,*,#8935,.T.);
#8935 = EDGE_CURVE('',#8936,#8936,#8938,.T.);
#8936 = VERTEX_POINT('',#8937);
#8937 = CARTESIAN_POINT('',(-8.89,4.572,0.));
#8938 = CIRCLE('',#8939,0.508);
#8939 = AXIS2_PLACEMENT_3D('',#8940,#8941,#8942);
#8940 = CARTESIAN_POINT('',(-8.89,5.08,0.));
#8941 = DIRECTION('',(-0.,0.,-1.));
#8942 = DIRECTION('',(-0.,-1.,0.));
#8943 = FACE_BOUND('',#8944,.F.);
#8944 = EDGE_LOOP('',(#8945));
#8945 = ORIENTED_EDGE('',*,*,#8946,.T.);
#8946 = EDGE_CURVE('',#8947,#8947,#8949,.T.);
#8947 = VERTEX_POINT('',#8948);
#8948 = CARTESIAN_POINT('',(0.,1.405,0.));
#8949 = CIRCLE('',#8950,0.5);
#8950 = AXIS2_PLACEMENT_3D('',#8951,#8952,#8953);
#8951 = CARTESIAN_POINT('',(-3.67156773777E-17,1.905,0.));
#8952 = DIRECTION('',(-0.,0.,-1.));
#8953 = DIRECTION('',(7.34313547554E-17,-1.,-0.));
#8954 = FACE_BOUND('',#8955,.F.);
#8955 = EDGE_LOOP('',(#8956));
#8956 = ORIENTED_EDGE('',*,*,#8957,.T.);
#8957 = EDGE_CURVE('',#8958,#8958,#8960,.T.);
#8958 = VERTEX_POINT('',#8959);
#8959 = CARTESIAN_POINT('',(-1.232595164408E-32,3.945,0.));
#8960 = CIRCLE('',#8961,0.5);
#8961 = AXIS2_PLACEMENT_3D('',#8962,#8963,#8964);
#8962 = CARTESIAN_POINT('',(-1.708952164415E-17,4.445,0.));
#8963 = DIRECTION('',(-0.,0.,-1.));
#8964 = DIRECTION('',(3.417904328831E-17,-1.,-0.));
#8965 = FACE_BOUND('',#8966,.F.);
#8966 = EDGE_LOOP('',(#8967));
#8967 = ORIENTED_EDGE('',*,*,#8968,.T.);
#8968 = EDGE_CURVE('',#8969,#8969,#8971,.T.);
#8969 = VERTEX_POINT('',#8970);
#8970 = CARTESIAN_POINT('',(-8.89,9.779,0.));
#8971 = CIRCLE('',#8972,1.651);
#8972 = AXIS2_PLACEMENT_3D('',#8973,#8974,#8975);
#8973 = CARTESIAN_POINT('',(-8.89,11.43,0.));
#8974 = DIRECTION('',(-0.,0.,-1.));
#8975 = DIRECTION('',(-0.,-1.,0.));
#8976 = FACE_BOUND('',#8977,.F.);
#8977 = EDGE_LOOP('',(#8978));
#8978 = ORIENTED_EDGE('',*,*,#8979,.T.);
#8979 = EDGE_CURVE('',#8980,#8980,#8982,.T.);
#8980 = VERTEX_POINT('',#8981);
#8981 = CARTESIAN_POINT('',(2.54,0.135,0.));
#8982 = CIRCLE('',#8983,0.5);
#8983 = AXIS2_PLACEMENT_3D('',#8984,#8985,#8986);
#8984 = CARTESIAN_POINT('',(2.54,0.635,0.));
#8985 = DIRECTION('',(-0.,0.,-1.));
#8986 = DIRECTION('',(-0.,-1.,0.));
#8987 = FACE_BOUND('',#8988,.F.);
#8988 = EDGE_LOOP('',(#8989));
#8989 = ORIENTED_EDGE('',*,*,#8990,.T.);
#8990 = EDGE_CURVE('',#8991,#8991,#8993,.T.);
#8991 = VERTEX_POINT('',#8992);
#8992 = CARTESIAN_POINT('',(2.54,2.675,0.));
#8993 = CIRCLE('',#8994,0.5);
#8994 = AXIS2_PLACEMENT_3D('',#8995,#8996,#8997);
#8995 = CARTESIAN_POINT('',(2.54,3.175,0.));
#8996 = DIRECTION('',(-0.,0.,-1.));
#8997 = DIRECTION('',(-0.,-1.,0.));
#8998 = FACE_BOUND('',#8999,.F.);
#8999 = EDGE_LOOP('',(#9000));
#9000 = ORIENTED_EDGE('',*,*,#9001,.T.);
#9001 = EDGE_CURVE('',#9002,#9002,#9004,.T.);
#9002 = VERTEX_POINT('',#9003);
#9003 = CARTESIAN_POINT('',(6.35,-0.529,0.));
#9004 = CIRCLE('',#9005,0.6);
#9005 = AXIS2_PLACEMENT_3D('',#9006,#9007,#9008);
#9006 = CARTESIAN_POINT('',(6.35,7.1E-02,0.));
#9007 = DIRECTION('',(-0.,0.,-1.));
#9008 = DIRECTION('',(-0.,-1.,0.));
#9009 = FACE_BOUND('',#9010,.F.);
#9010 = EDGE_LOOP('',(#9011));
#9011 = ORIENTED_EDGE('',*,*,#9012,.T.);
#9012 = EDGE_CURVE('',#9013,#9013,#9015,.T.);
#9013 = VERTEX_POINT('',#9014);
#9014 = CARTESIAN_POINT('',(10.16,-0.508,0.));
#9015 = CIRCLE('',#9016,0.508);
#9016 = AXIS2_PLACEMENT_3D('',#9017,#9018,#9019);
#9017 = CARTESIAN_POINT('',(10.16,-8.244845138704E-16,0.));
#9018 = DIRECTION('',(-0.,0.,-1.));
#9019 = DIRECTION('',(-0.,-1.,0.));
#9020 = FACE_BOUND('',#9021,.F.);
#9021 = EDGE_LOOP('',(#9022));
#9022 = ORIENTED_EDGE('',*,*,#9023,.T.);
#9023 = EDGE_CURVE('',#9024,#9024,#9026,.T.);
#9024 = VERTEX_POINT('',#9025);
#9025 = CARTESIAN_POINT('',(10.16,2.032,0.));
#9026 = CIRCLE('',#9027,0.508);
#9027 = AXIS2_PLACEMENT_3D('',#9028,#9029,#9030);
#9028 = CARTESIAN_POINT('',(10.16,2.54,0.));
#9029 = DIRECTION('',(-0.,0.,-1.));
#9030 = DIRECTION('',(-0.,-1.,0.));
#9031 = FACE_BOUND('',#9032,.F.);
#9032 = EDGE_LOOP('',(#9033));
#9033 = ORIENTED_EDGE('',*,*,#9034,.T.);
#9034 = EDGE_CURVE('',#9035,#9035,#9037,.T.);
#9035 = VERTEX_POINT('',#9036);
#9036 = CARTESIAN_POINT('',(6.35,2.971,0.));
#9037 = CIRCLE('',#9038,0.6);
#9038 = AXIS2_PLACEMENT_3D('',#9039,#9040,#9041);
#9039 = CARTESIAN_POINT('',(6.35,3.571,0.));
#9040 = DIRECTION('',(-0.,0.,-1.));
#9041 = DIRECTION('',(-0.,-1.,0.));
#9042 = FACE_BOUND('',#9043,.F.);
#9043 = EDGE_LOOP('',(#9044));
#9044 = ORIENTED_EDGE('',*,*,#9045,.T.);
#9045 = EDGE_CURVE('',#9046,#9046,#9048,.T.);
#9046 = VERTEX_POINT('',#9047);
#9047 = CARTESIAN_POINT('',(8.89,4.115,0.));
#9048 = CIRCLE('',#9049,1.6);
#9049 = AXIS2_PLACEMENT_3D('',#9050,#9051,#9052);
#9050 = CARTESIAN_POINT('',(8.89,5.715,0.));
#9051 = DIRECTION('',(-0.,0.,-1.));
#9052 = DIRECTION('',(-0.,-1.,0.));
#9053 = FACE_BOUND('',#9054,.F.);
#9054 = EDGE_LOOP('',(#9055));
#9055 = ORIENTED_EDGE('',*,*,#9056,.T.);
#9056 = EDGE_CURVE('',#9057,#9057,#9059,.T.);
#9057 = VERTEX_POINT('',#9058);
#9058 = CARTESIAN_POINT('',(8.89,9.779,0.));
#9059 = CIRCLE('',#9060,1.651);
#9060 = AXIS2_PLACEMENT_3D('',#9061,#9062,#9063);
#9061 = CARTESIAN_POINT('',(8.89,11.43,0.));
#9062 = DIRECTION('',(-0.,0.,-1.));
#9063 = DIRECTION('',(-0.,-1.,0.));
#9064 = PLANE('',#9065);
#9065 = AXIS2_PLACEMENT_3D('',#9066,#9067,#9068);
#9066 = CARTESIAN_POINT('',(0.,0.,0.));
#9067 = DIRECTION('',(0.,0.,1.));
#9068 = DIRECTION('',(1.,0.,-0.));
#9069 = ADVANCED_FACE('',(#9070,#9081,#9092,#9103,#9114,#9125,#9136,
    #9147,#9158,#9169,#9180,#9191,#9202,#9213,#9224,#9235,#9246,#9257,
    #9268,#9279,#9290,#9301,#9312,#9323,#9334,#9345,#9356,#9367,#9378,
    #9389),#9400,.T.);
#9070 = FACE_BOUND('',#9071,.T.);
#9071 = EDGE_LOOP('',(#9072,#9073,#9074,#9080));
#9072 = ORIENTED_EDGE('',*,*,#8645,.F.);
#9073 = ORIENTED_EDGE('',*,*,#8685,.F.);
#9074 = ORIENTED_EDGE('',*,*,#9075,.F.);
#9075 = EDGE_CURVE('',#8708,#8678,#9076,.T.);
#9076 = LINE('',#9077,#9078);
#9077 = CARTESIAN_POINT('',(-11.43,13.97,1.53));
#9078 = VECTOR('',#9079,1.);
#9079 = DIRECTION('',(1.,0.,0.));
#9080 = ORIENTED_EDGE('',*,*,#8707,.F.);
#9081 = FACE_BOUND('',#9082,.T.);
#9082 = EDGE_LOOP('',(#9083));
#9083 = ORIENTED_EDGE('',*,*,#9084,.T.);
#9084 = EDGE_CURVE('',#9085,#9085,#9087,.T.);
#9085 = VERTEX_POINT('',#9086);
#9086 = CARTESIAN_POINT('',(-8.89,-13.081,1.53));
#9087 = CIRCLE('',#9088,1.651);
#9088 = AXIS2_PLACEMENT_3D('',#9089,#9090,#9091);
#9089 = CARTESIAN_POINT('',(-8.89,-11.43,1.53));
#9090 = DIRECTION('',(-0.,0.,-1.));
#9091 = DIRECTION('',(-0.,-1.,0.));
#9092 = FACE_BOUND('',#9093,.T.);
#9093 = EDGE_LOOP('',(#9094));
#9094 = ORIENTED_EDGE('',*,*,#9095,.T.);
#9095 = EDGE_CURVE('',#9096,#9096,#9098,.T.);
#9096 = VERTEX_POINT('',#9097);
#9097 = CARTESIAN_POINT('',(-3.81,-13.208,1.53));
#9098 = CIRCLE('',#9099,0.508);
#9099 = AXIS2_PLACEMENT_3D('',#9100,#9101,#9102);
#9100 = CARTESIAN_POINT('',(-3.81,-12.7,1.53));
#9101 = DIRECTION('',(-0.,0.,-1.));
#9102 = DIRECTION('',(-8.741913579726E-16,-1.,0.));
#9103 = FACE_BOUND('',#9104,.T.);
#9104 = EDGE_LOOP('',(#9105));
#9105 = ORIENTED_EDGE('',*,*,#9106,.T.);
#9106 = EDGE_CURVE('',#9107,#9107,#9109,.T.);
#9107 = VERTEX_POINT('',#9108);
#9108 = CARTESIAN_POINT('',(-1.27,-13.208,1.53));
#9109 = CIRCLE('',#9110,0.508);
#9110 = AXIS2_PLACEMENT_3D('',#9111,#9112,#9113);
#9111 = CARTESIAN_POINT('',(-1.27,-12.7,1.53));
#9112 = DIRECTION('',(-0.,0.,-1.));
#9113 = DIRECTION('',(-0.,-1.,0.));
#9114 = FACE_BOUND('',#9115,.T.);
#9115 = EDGE_LOOP('',(#9116));
#9116 = ORIENTED_EDGE('',*,*,#9117,.T.);
#9117 = EDGE_CURVE('',#9118,#9118,#9120,.T.);
#9118 = VERTEX_POINT('',#9119);
#9119 = CARTESIAN_POINT('',(-8.89,-5.588,1.53));
#9120 = CIRCLE('',#9121,0.508);
#9121 = AXIS2_PLACEMENT_3D('',#9122,#9123,#9124);
#9122 = CARTESIAN_POINT('',(-8.89,-5.08,1.53));
#9123 = DIRECTION('',(-0.,0.,-1.));
#9124 = DIRECTION('',(-0.,-1.,0.));
#9125 = FACE_BOUND('',#9126,.T.);
#9126 = EDGE_LOOP('',(#9127));
#9127 = ORIENTED_EDGE('',*,*,#9128,.T.);
#9128 = EDGE_CURVE('',#9129,#9129,#9131,.T.);
#9129 = VERTEX_POINT('',#9130);
#9130 = CARTESIAN_POINT('',(-8.89,-3.048,1.53));
#9131 = CIRCLE('',#9132,0.508);
#9132 = AXIS2_PLACEMENT_3D('',#9133,#9134,#9135);
#9133 = CARTESIAN_POINT('',(-8.89,-2.54,1.53));
#9134 = DIRECTION('',(-0.,0.,-1.));
#9135 = DIRECTION('',(-0.,-1.,0.));
#9136 = FACE_BOUND('',#9137,.T.);
#9137 = EDGE_LOOP('',(#9138));
#9138 = ORIENTED_EDGE('',*,*,#9139,.T.);
#9139 = EDGE_CURVE('',#9140,#9140,#9142,.T.);
#9140 = VERTEX_POINT('',#9141);
#9141 = CARTESIAN_POINT('',(0.,-3.675,1.53));
#9142 = CIRCLE('',#9143,0.5);
#9143 = AXIS2_PLACEMENT_3D('',#9144,#9145,#9146);
#9144 = CARTESIAN_POINT('',(-3.67156773777E-17,-3.175,1.53));
#9145 = DIRECTION('',(-0.,0.,-1.));
#9146 = DIRECTION('',(7.34313547554E-17,-1.,-0.));
#9147 = FACE_BOUND('',#9148,.T.);
#9148 = EDGE_LOOP('',(#9149));
#9149 = ORIENTED_EDGE('',*,*,#9150,.T.);
#9150 = EDGE_CURVE('',#9151,#9151,#9153,.T.);
#9151 = VERTEX_POINT('',#9152);
#9152 = CARTESIAN_POINT('',(-6.162975822039E-33,-1.135,1.53));
#9153 = CIRCLE('',#9154,0.5);
#9154 = AXIS2_PLACEMENT_3D('',#9155,#9156,#9157);
#9155 = CARTESIAN_POINT('',(-3.67156773777E-17,-0.635,1.53));
#9156 = DIRECTION('',(-0.,0.,-1.));
#9157 = DIRECTION('',(7.34313547554E-17,-1.,-0.));
#9158 = FACE_BOUND('',#9159,.T.);
#9159 = EDGE_LOOP('',(#9160));
#9160 = ORIENTED_EDGE('',*,*,#9161,.T.);
#9161 = EDGE_CURVE('',#9162,#9162,#9164,.T.);
#9162 = VERTEX_POINT('',#9163);
#9163 = CARTESIAN_POINT('',(1.27,-13.208,1.53));
#9164 = CIRCLE('',#9165,0.508);
#9165 = AXIS2_PLACEMENT_3D('',#9166,#9167,#9168);
#9166 = CARTESIAN_POINT('',(1.27,-12.7,1.53));
#9167 = DIRECTION('',(-0.,0.,-1.));
#9168 = DIRECTION('',(-0.,-1.,0.));
#9169 = FACE_BOUND('',#9170,.T.);
#9170 = EDGE_LOOP('',(#9171));
#9171 = ORIENTED_EDGE('',*,*,#9172,.T.);
#9172 = EDGE_CURVE('',#9173,#9173,#9175,.T.);
#9173 = VERTEX_POINT('',#9174);
#9174 = CARTESIAN_POINT('',(3.81,-13.208,1.53));
#9175 = CIRCLE('',#9176,0.508);
#9176 = AXIS2_PLACEMENT_3D('',#9177,#9178,#9179);
#9177 = CARTESIAN_POINT('',(3.81,-12.7,1.53));
#9178 = DIRECTION('',(-0.,0.,-1.));
#9179 = DIRECTION('',(8.741913579726E-16,-1.,-0.));
#9180 = FACE_BOUND('',#9181,.T.);
#9181 = EDGE_LOOP('',(#9182));
#9182 = ORIENTED_EDGE('',*,*,#9183,.T.);
#9183 = EDGE_CURVE('',#9184,#9184,#9186,.T.);
#9184 = VERTEX_POINT('',#9185);
#9185 = CARTESIAN_POINT('',(8.89,-13.081,1.53));
#9186 = CIRCLE('',#9187,1.651);
#9187 = AXIS2_PLACEMENT_3D('',#9188,#9189,#9190);
#9188 = CARTESIAN_POINT('',(8.89,-11.43,1.53));
#9189 = DIRECTION('',(-0.,0.,-1.));
#9190 = DIRECTION('',(-0.,-1.,0.));
#9191 = FACE_BOUND('',#9192,.T.);
#9192 = EDGE_LOOP('',(#9193));
#9193 = ORIENTED_EDGE('',*,*,#9194,.T.);
#9194 = EDGE_CURVE('',#9195,#9195,#9197,.T.);
#9195 = VERTEX_POINT('',#9196);
#9196 = CARTESIAN_POINT('',(2.54,-4.945,1.53));
#9197 = CIRCLE('',#9198,0.5);
#9198 = AXIS2_PLACEMENT_3D('',#9199,#9200,#9201);
#9199 = CARTESIAN_POINT('',(2.54,-4.445,1.53));
#9200 = DIRECTION('',(-0.,0.,-1.));
#9201 = DIRECTION('',(-0.,-1.,0.));
#9202 = FACE_BOUND('',#9203,.T.);
#9203 = EDGE_LOOP('',(#9204));
#9204 = ORIENTED_EDGE('',*,*,#9205,.T.);
#9205 = EDGE_CURVE('',#9206,#9206,#9208,.T.);
#9206 = VERTEX_POINT('',#9207);
#9207 = CARTESIAN_POINT('',(2.54,-2.405,1.53));
#9208 = CIRCLE('',#9209,0.5);
#9209 = AXIS2_PLACEMENT_3D('',#9210,#9211,#9212);
#9210 = CARTESIAN_POINT('',(2.54,-1.905,1.53));
#9211 = DIRECTION('',(-0.,0.,-1.));
#9212 = DIRECTION('',(-0.,-1.,0.));
#9213 = FACE_BOUND('',#9214,.T.);
#9214 = EDGE_LOOP('',(#9215));
#9215 = ORIENTED_EDGE('',*,*,#9216,.T.);
#9216 = EDGE_CURVE('',#9217,#9217,#9219,.T.);
#9217 = VERTEX_POINT('',#9218);
#9218 = CARTESIAN_POINT('',(6.35,-4.029,1.53));
#9219 = CIRCLE('',#9220,0.6);
#9220 = AXIS2_PLACEMENT_3D('',#9221,#9222,#9223);
#9221 = CARTESIAN_POINT('',(6.35,-3.429,1.53));
#9222 = DIRECTION('',(-0.,0.,-1.));
#9223 = DIRECTION('',(-0.,-1.,0.));
#9224 = FACE_BOUND('',#9225,.T.);
#9225 = EDGE_LOOP('',(#9226));
#9226 = ORIENTED_EDGE('',*,*,#9227,.T.);
#9227 = EDGE_CURVE('',#9228,#9228,#9230,.T.);
#9228 = VERTEX_POINT('',#9229);
#9229 = CARTESIAN_POINT('',(8.89,-7.315,1.53));
#9230 = CIRCLE('',#9231,1.6);
#9231 = AXIS2_PLACEMENT_3D('',#9232,#9233,#9234);
#9232 = CARTESIAN_POINT('',(8.89,-5.715,1.53));
#9233 = DIRECTION('',(-0.,0.,-1.));
#9234 = DIRECTION('',(-0.,-1.,0.));
#9235 = FACE_BOUND('',#9236,.T.);
#9236 = EDGE_LOOP('',(#9237));
#9237 = ORIENTED_EDGE('',*,*,#9238,.T.);
#9238 = EDGE_CURVE('',#9239,#9239,#9241,.T.);
#9239 = VERTEX_POINT('',#9240);
#9240 = CARTESIAN_POINT('',(10.16,-3.048,1.53));
#9241 = CIRCLE('',#9242,0.508);
#9242 = AXIS2_PLACEMENT_3D('',#9243,#9244,#9245);
#9243 = CARTESIAN_POINT('',(10.16,-2.54,1.53));
#9244 = DIRECTION('',(-0.,0.,-1.));
#9245 = DIRECTION('',(-0.,-1.,0.));
#9246 = FACE_BOUND('',#9247,.T.);
#9247 = EDGE_LOOP('',(#9248));
#9248 = ORIENTED_EDGE('',*,*,#9249,.T.);
#9249 = EDGE_CURVE('',#9250,#9250,#9252,.T.);
#9250 = VERTEX_POINT('',#9251);
#9251 = CARTESIAN_POINT('',(-8.89,-0.508,1.53));
#9252 = CIRCLE('',#9253,0.508);
#9253 = AXIS2_PLACEMENT_3D('',#9254,#9255,#9256);
#9254 = CARTESIAN_POINT('',(-8.89,1.756904497452E-15,1.53));
#9255 = DIRECTION('',(-0.,0.,-1.));
#9256 = DIRECTION('',(-0.,-1.,0.));
#9257 = FACE_BOUND('',#9258,.T.);
#9258 = EDGE_LOOP('',(#9259));
#9259 = ORIENTED_EDGE('',*,*,#9260,.T.);
#9260 = EDGE_CURVE('',#9261,#9261,#9263,.T.);
#9261 = VERTEX_POINT('',#9262);
#9262 = CARTESIAN_POINT('',(-8.89,2.032,1.53));
#9263 = CIRCLE('',#9264,0.508);
#9264 = AXIS2_PLACEMENT_3D('',#9265,#9266,#9267);
#9265 = CARTESIAN_POINT('',(-8.89,2.54,1.53));
#9266 = DIRECTION('',(-0.,0.,-1.));
#9267 = DIRECTION('',(-0.,-1.,0.));
#9268 = FACE_BOUND('',#9269,.T.);
#9269 = EDGE_LOOP('',(#9270));
#9270 = ORIENTED_EDGE('',*,*,#9271,.T.);
#9271 = EDGE_CURVE('',#9272,#9272,#9274,.T.);
#9272 = VERTEX_POINT('',#9273);
#9273 = CARTESIAN_POINT('',(-8.89,4.572,1.53));
#9274 = CIRCLE('',#9275,0.508);
#9275 = AXIS2_PLACEMENT_3D('',#9276,#9277,#9278);
#9276 = CARTESIAN_POINT('',(-8.89,5.08,1.53));
#9277 = DIRECTION('',(-0.,0.,-1.));
#9278 = DIRECTION('',(-0.,-1.,0.));
#9279 = FACE_BOUND('',#9280,.T.);
#9280 = EDGE_LOOP('',(#9281));
#9281 = ORIENTED_EDGE('',*,*,#9282,.T.);
#9282 = EDGE_CURVE('',#9283,#9283,#9285,.T.);
#9283 = VERTEX_POINT('',#9284);
#9284 = CARTESIAN_POINT('',(0.,1.405,1.53));
#9285 = CIRCLE('',#9286,0.5);
#9286 = AXIS2_PLACEMENT_3D('',#9287,#9288,#9289);
#9287 = CARTESIAN_POINT('',(-3.67156773777E-17,1.905,1.53));
#9288 = DIRECTION('',(-0.,0.,-1.));
#9289 = DIRECTION('',(7.34313547554E-17,-1.,-0.));
#9290 = FACE_BOUND('',#9291,.T.);
#9291 = EDGE_LOOP('',(#9292));
#9292 = ORIENTED_EDGE('',*,*,#9293,.T.);
#9293 = EDGE_CURVE('',#9294,#9294,#9296,.T.);
#9294 = VERTEX_POINT('',#9295);
#9295 = CARTESIAN_POINT('',(-1.232595164408E-32,3.945,1.53));
#9296 = CIRCLE('',#9297,0.5);
#9297 = AXIS2_PLACEMENT_3D('',#9298,#9299,#9300);
#9298 = CARTESIAN_POINT('',(-1.708952164415E-17,4.445,1.53));
#9299 = DIRECTION('',(-0.,0.,-1.));
#9300 = DIRECTION('',(3.417904328831E-17,-1.,-0.));
#9301 = FACE_BOUND('',#9302,.T.);
#9302 = EDGE_LOOP('',(#9303));
#9303 = ORIENTED_EDGE('',*,*,#9304,.T.);
#9304 = EDGE_CURVE('',#9305,#9305,#9307,.T.);
#9305 = VERTEX_POINT('',#9306);
#9306 = CARTESIAN_POINT('',(-8.89,9.779,1.53));
#9307 = CIRCLE('',#9308,1.651);
#9308 = AXIS2_PLACEMENT_3D('',#9309,#9310,#9311);
#9309 = CARTESIAN_POINT('',(-8.89,11.43,1.53));
#9310 = DIRECTION('',(-0.,0.,-1.));
#9311 = DIRECTION('',(-0.,-1.,0.));
#9312 = FACE_BOUND('',#9313,.T.);
#9313 = EDGE_LOOP('',(#9314));
#9314 = ORIENTED_EDGE('',*,*,#9315,.T.);
#9315 = EDGE_CURVE('',#9316,#9316,#9318,.T.);
#9316 = VERTEX_POINT('',#9317);
#9317 = CARTESIAN_POINT('',(2.54,0.135,1.53));
#9318 = CIRCLE('',#9319,0.5);
#9319 = AXIS2_PLACEMENT_3D('',#9320,#9321,#9322);
#9320 = CARTESIAN_POINT('',(2.54,0.635,1.53));
#9321 = DIRECTION('',(-0.,0.,-1.));
#9322 = DIRECTION('',(-0.,-1.,0.));
#9323 = FACE_BOUND('',#9324,.T.);
#9324 = EDGE_LOOP('',(#9325));
#9325 = ORIENTED_EDGE('',*,*,#9326,.T.);
#9326 = EDGE_CURVE('',#9327,#9327,#9329,.T.);
#9327 = VERTEX_POINT('',#9328);
#9328 = CARTESIAN_POINT('',(2.54,2.675,1.53));
#9329 = CIRCLE('',#9330,0.5);
#9330 = AXIS2_PLACEMENT_3D('',#9331,#9332,#9333);
#9331 = CARTESIAN_POINT('',(2.54,3.175,1.53));
#9332 = DIRECTION('',(-0.,0.,-1.));
#9333 = DIRECTION('',(-0.,-1.,0.));
#9334 = FACE_BOUND('',#9335,.T.);
#9335 = EDGE_LOOP('',(#9336));
#9336 = ORIENTED_EDGE('',*,*,#9337,.T.);
#9337 = EDGE_CURVE('',#9338,#9338,#9340,.T.);
#9338 = VERTEX_POINT('',#9339);
#9339 = CARTESIAN_POINT('',(6.35,-0.529,1.53));
#9340 = CIRCLE('',#9341,0.6);
#9341 = AXIS2_PLACEMENT_3D('',#9342,#9343,#9344);
#9342 = CARTESIAN_POINT('',(6.35,7.1E-02,1.53));
#9343 = DIRECTION('',(-0.,0.,-1.));
#9344 = DIRECTION('',(-0.,-1.,0.));
#9345 = FACE_BOUND('',#9346,.T.);
#9346 = EDGE_LOOP('',(#9347));
#9347 = ORIENTED_EDGE('',*,*,#9348,.T.);
#9348 = EDGE_CURVE('',#9349,#9349,#9351,.T.);
#9349 = VERTEX_POINT('',#9350);
#9350 = CARTESIAN_POINT('',(10.16,-0.508,1.53));
#9351 = CIRCLE('',#9352,0.508);
#9352 = AXIS2_PLACEMENT_3D('',#9353,#9354,#9355);
#9353 = CARTESIAN_POINT('',(10.16,-8.244845138704E-16,1.53));
#9354 = DIRECTION('',(-0.,0.,-1.));
#9355 = DIRECTION('',(-0.,-1.,0.));
#9356 = FACE_BOUND('',#9357,.T.);
#9357 = EDGE_LOOP('',(#9358));
#9358 = ORIENTED_EDGE('',*,*,#9359,.T.);
#9359 = EDGE_CURVE('',#9360,#9360,#9362,.T.);
#9360 = VERTEX_POINT('',#9361);
#9361 = CARTESIAN_POINT('',(10.16,2.032,1.53));
#9362 = CIRCLE('',#9363,0.508);
#9363 = AXIS2_PLACEMENT_3D('',#9364,#9365,#9366);
#9364 = CARTESIAN_POINT('',(10.16,2.54,1.53));
#9365 = DIRECTION('',(-0.,0.,-1.));
#9366 = DIRECTION('',(-0.,-1.,0.));
#9367 = FACE_BOUND('',#9368,.T.);
#9368 = EDGE_LOOP('',(#9369));
#9369 = ORIENTED_EDGE('',*,*,#9370,.T.);
#9370 = EDGE_CURVE('',#9371,#9371,#9373,.T.);
#9371 = VERTEX_POINT('',#9372);
#9372 = CARTESIAN_POINT('',(6.35,2.971,1.53));
#9373 = CIRCLE('',#9374,0.6);
#9374 = AXIS2_PLACEMENT_3D('',#9375,#9376,#9377);
#9375 = CARTESIAN_POINT('',(6.35,3.571,1.53));
#9376 = DIRECTION('',(-0.,0.,-1.));
#9377 = DIRECTION('',(-0.,-1.,0.));
#9378 = FACE_BOUND('',#9379,.T.);
#9379 = EDGE_LOOP('',(#9380));
#9380 = ORIENTED_EDGE('',*,*,#9381,.T.);
#9381 = EDGE_CURVE('',#9382,#9382,#9384,.T.);
#9382 = VERTEX_POINT('',#9383);
#9383 = CARTESIAN_POINT('',(8.89,4.115,1.53));
#9384 = CIRCLE('',#9385,1.6);
#9385 = AXIS2_PLACEMENT_3D('',#9386,#9387,#9388);
#9386 = CARTESIAN_POINT('',(8.89,5.715,1.53));
#9387 = DIRECTION('',(-0.,0.,-1.));
#9388 = DIRECTION('',(-0.,-1.,0.));
#9389 = FACE_BOUND('',#9390,.T.);
#9390 = EDGE_LOOP('',(#9391));
#9391 = ORIENTED_EDGE('',*,*,#9392,.T.);
#9392 = EDGE_CURVE('',#9393,#9393,#9395,.T.);
#9393 = VERTEX_POINT('',#9394);
#9394 = CARTESIAN_POINT('',(8.89,9.779,1.53));
#9395 = CIRCLE('',#9396,1.651);
#9396 = AXIS2_PLACEMENT_3D('',#9397,#9398,#9399);
#9397 = CARTESIAN_POINT('',(8.89,11.43,1.53));
#9398 = DIRECTION('',(-0.,0.,-1.));
#9399 = DIRECTION('',(-0.,-1.,0.));
#9400 = PLANE('',#9401);
#9401 = AXIS2_PLACEMENT_3D('',#9402,#9403,#9404);
#9402 = CARTESIAN_POINT('',(0.,0.,1.53));
#9403 = DIRECTION('',(0.,0.,1.));
#9404 = DIRECTION('',(1.,0.,-0.));
#9405 = ADVANCED_FACE('',(#9406),#9412,.T.);
#9406 = FACE_BOUND('',#9407,.T.);
#9407 = EDGE_LOOP('',(#9408,#9409,#9410,#9411));
#9408 = ORIENTED_EDGE('',*,*,#8715,.T.);
#9409 = ORIENTED_EDGE('',*,*,#9075,.T.);
#9410 = ORIENTED_EDGE('',*,*,#8675,.F.);
#9411 = ORIENTED_EDGE('',*,*,#8739,.F.);
#9412 = PLANE('',#9413);
#9413 = AXIS2_PLACEMENT_3D('',#9414,#9415,#9416);
#9414 = CARTESIAN_POINT('',(-11.43,13.97,0.));
#9415 = DIRECTION('',(0.,1.,0.));
#9416 = DIRECTION('',(1.,0.,0.));
#9417 = ADVANCED_FACE('',(#9418),#9429,.F.);
#9418 = FACE_BOUND('',#9419,.T.);
#9419 = EDGE_LOOP('',(#9420,#9421,#9427,#9428));
#9420 = ORIENTED_EDGE('',*,*,#8748,.T.);
#9421 = ORIENTED_EDGE('',*,*,#9422,.T.);
#9422 = EDGE_CURVE('',#8749,#9085,#9423,.T.);
#9423 = LINE('',#9424,#9425);
#9424 = CARTESIAN_POINT('',(-8.89,-13.081,-4.6E-02));
#9425 = VECTOR('',#9426,1.);
#9426 = DIRECTION('',(0.,0.,1.));
#9427 = ORIENTED_EDGE('',*,*,#9084,.F.);
#9428 = ORIENTED_EDGE('',*,*,#9422,.F.);
#9429 = CYLINDRICAL_SURFACE('',#9430,1.651);
#9430 = AXIS2_PLACEMENT_3D('',#9431,#9432,#9433);
#9431 = CARTESIAN_POINT('',(-8.89,-11.43,-4.6E-02));
#9432 = DIRECTION('',(-0.,-0.,-1.));
#9433 = DIRECTION('',(-0.,-1.,0.));
#9434 = ADVANCED_FACE('',(#9435),#9446,.F.);
#9435 = FACE_BOUND('',#9436,.T.);
#9436 = EDGE_LOOP('',(#9437,#9438,#9444,#9445));
#9437 = ORIENTED_EDGE('',*,*,#8759,.T.);
#9438 = ORIENTED_EDGE('',*,*,#9439,.T.);
#9439 = EDGE_CURVE('',#8760,#9096,#9440,.T.);
#9440 = LINE('',#9441,#9442);
#9441 = CARTESIAN_POINT('',(-3.81,-13.208,-4.6E-02));
#9442 = VECTOR('',#9443,1.);
#9443 = DIRECTION('',(0.,0.,1.));
#9444 = ORIENTED_EDGE('',*,*,#9095,.F.);
#9445 = ORIENTED_EDGE('',*,*,#9439,.F.);
#9446 = CYLINDRICAL_SURFACE('',#9447,0.508);
#9447 = AXIS2_PLACEMENT_3D('',#9448,#9449,#9450);
#9448 = CARTESIAN_POINT('',(-3.81,-12.7,-4.6E-02));
#9449 = DIRECTION('',(-0.,-0.,-1.));
#9450 = DIRECTION('',(-8.741913579726E-16,-1.,0.));
#9451 = ADVANCED_FACE('',(#9452),#9463,.F.);
#9452 = FACE_BOUND('',#9453,.T.);
#9453 = EDGE_LOOP('',(#9454,#9455,#9461,#9462));
#9454 = ORIENTED_EDGE('',*,*,#8770,.T.);
#9455 = ORIENTED_EDGE('',*,*,#9456,.T.);
#9456 = EDGE_CURVE('',#8771,#9107,#9457,.T.);
#9457 = LINE('',#9458,#9459);
#9458 = CARTESIAN_POINT('',(-1.27,-13.208,-4.6E-02));
#9459 = VECTOR('',#9460,1.);
#9460 = DIRECTION('',(0.,0.,1.));
#9461 = ORIENTED_EDGE('',*,*,#9106,.F.);
#9462 = ORIENTED_EDGE('',*,*,#9456,.F.);
#9463 = CYLINDRICAL_SURFACE('',#9464,0.508);
#9464 = AXIS2_PLACEMENT_3D('',#9465,#9466,#9467);
#9465 = CARTESIAN_POINT('',(-1.27,-12.7,-4.6E-02));
#9466 = DIRECTION('',(-0.,-0.,-1.));
#9467 = DIRECTION('',(-0.,-1.,0.));
#9468 = ADVANCED_FACE('',(#9469),#9480,.F.);
#9469 = FACE_BOUND('',#9470,.T.);
#9470 = EDGE_LOOP('',(#9471,#9472,#9478,#9479));
#9471 = ORIENTED_EDGE('',*,*,#8781,.T.);
#9472 = ORIENTED_EDGE('',*,*,#9473,.T.);
#9473 = EDGE_CURVE('',#8782,#9118,#9474,.T.);
#9474 = LINE('',#9475,#9476);
#9475 = CARTESIAN_POINT('',(-8.89,-5.588,-4.6E-02));
#9476 = VECTOR('',#9477,1.);
#9477 = DIRECTION('',(0.,0.,1.));
#9478 = ORIENTED_EDGE('',*,*,#9117,.F.);
#9479 = ORIENTED_EDGE('',*,*,#9473,.F.);
#9480 = CYLINDRICAL_SURFACE('',#9481,0.508);
#9481 = AXIS2_PLACEMENT_3D('',#9482,#9483,#9484);
#9482 = CARTESIAN_POINT('',(-8.89,-5.08,-4.6E-02));
#9483 = DIRECTION('',(-0.,-0.,-1.));
#9484 = DIRECTION('',(-0.,-1.,0.));
#9485 = ADVANCED_FACE('',(#9486),#9497,.F.);
#9486 = FACE_BOUND('',#9487,.T.);
#9487 = EDGE_LOOP('',(#9488,#9489,#9495,#9496));
#9488 = ORIENTED_EDGE('',*,*,#8792,.T.);
#9489 = ORIENTED_EDGE('',*,*,#9490,.T.);
#9490 = EDGE_CURVE('',#8793,#9129,#9491,.T.);
#9491 = LINE('',#9492,#9493);
#9492 = CARTESIAN_POINT('',(-8.89,-3.048,-4.6E-02));
#9493 = VECTOR('',#9494,1.);
#9494 = DIRECTION('',(0.,0.,1.));
#9495 = ORIENTED_EDGE('',*,*,#9128,.F.);
#9496 = ORIENTED_EDGE('',*,*,#9490,.F.);
#9497 = CYLINDRICAL_SURFACE('',#9498,0.508);
#9498 = AXIS2_PLACEMENT_3D('',#9499,#9500,#9501);
#9499 = CARTESIAN_POINT('',(-8.89,-2.54,-4.6E-02));
#9500 = DIRECTION('',(-0.,-0.,-1.));
#9501 = DIRECTION('',(-0.,-1.,0.));
#9502 = ADVANCED_FACE('',(#9503),#9514,.F.);
#9503 = FACE_BOUND('',#9504,.T.);
#9504 = EDGE_LOOP('',(#9505,#9506,#9512,#9513));
#9505 = ORIENTED_EDGE('',*,*,#8803,.T.);
#9506 = ORIENTED_EDGE('',*,*,#9507,.T.);
#9507 = EDGE_CURVE('',#8804,#9140,#9508,.T.);
#9508 = LINE('',#9509,#9510);
#9509 = CARTESIAN_POINT('',(0.,-3.675,-4.6E-02));
#9510 = VECTOR('',#9511,1.);
#9511 = DIRECTION('',(0.,0.,1.));
#9512 = ORIENTED_EDGE('',*,*,#9139,.F.);
#9513 = ORIENTED_EDGE('',*,*,#9507,.F.);
#9514 = CYLINDRICAL_SURFACE('',#9515,0.5);
#9515 = AXIS2_PLACEMENT_3D('',#9516,#9517,#9518);
#9516 = CARTESIAN_POINT('',(-3.67156773777E-17,-3.175,-4.6E-02));
#9517 = DIRECTION('',(-0.,0.,-1.));
#9518 = DIRECTION('',(7.34313547554E-17,-1.,-0.));
#9519 = ADVANCED_FACE('',(#9520),#9531,.F.);
#9520 = FACE_BOUND('',#9521,.T.);
#9521 = EDGE_LOOP('',(#9522,#9523,#9529,#9530));
#9522 = ORIENTED_EDGE('',*,*,#8814,.T.);
#9523 = ORIENTED_EDGE('',*,*,#9524,.T.);
#9524 = EDGE_CURVE('',#8815,#9151,#9525,.T.);
#9525 = LINE('',#9526,#9527);
#9526 = CARTESIAN_POINT('',(-6.162975822039E-33,-1.135,-4.6E-02));
#9527 = VECTOR('',#9528,1.);
#9528 = DIRECTION('',(0.,0.,1.));
#9529 = ORIENTED_EDGE('',*,*,#9150,.F.);
#9530 = ORIENTED_EDGE('',*,*,#9524,.F.);
#9531 = CYLINDRICAL_SURFACE('',#9532,0.5);
#9532 = AXIS2_PLACEMENT_3D('',#9533,#9534,#9535);
#9533 = CARTESIAN_POINT('',(-3.67156773777E-17,-0.635,-4.6E-02));
#9534 = DIRECTION('',(-0.,0.,-1.));
#9535 = DIRECTION('',(7.34313547554E-17,-1.,-0.));
#9536 = ADVANCED_FACE('',(#9537),#9548,.F.);
#9537 = FACE_BOUND('',#9538,.T.);
#9538 = EDGE_LOOP('',(#9539,#9540,#9546,#9547));
#9539 = ORIENTED_EDGE('',*,*,#8825,.T.);
#9540 = ORIENTED_EDGE('',*,*,#9541,.T.);
#9541 = EDGE_CURVE('',#8826,#9162,#9542,.T.);
#9542 = LINE('',#9543,#9544);
#9543 = CARTESIAN_POINT('',(1.27,-13.208,-4.6E-02));
#9544 = VECTOR('',#9545,1.);
#9545 = DIRECTION('',(0.,0.,1.));
#9546 = ORIENTED_EDGE('',*,*,#9161,.F.);
#9547 = ORIENTED_EDGE('',*,*,#9541,.F.);
#9548 = CYLINDRICAL_SURFACE('',#9549,0.508);
#9549 = AXIS2_PLACEMENT_3D('',#9550,#9551,#9552);
#9550 = CARTESIAN_POINT('',(1.27,-12.7,-4.6E-02));
#9551 = DIRECTION('',(-0.,-0.,-1.));
#9552 = DIRECTION('',(-0.,-1.,0.));
#9553 = ADVANCED_FACE('',(#9554),#9565,.F.);
#9554 = FACE_BOUND('',#9555,.T.);
#9555 = EDGE_LOOP('',(#9556,#9557,#9563,#9564));
#9556 = ORIENTED_EDGE('',*,*,#8836,.T.);
#9557 = ORIENTED_EDGE('',*,*,#9558,.T.);
#9558 = EDGE_CURVE('',#8837,#9173,#9559,.T.);
#9559 = LINE('',#9560,#9561);
#9560 = CARTESIAN_POINT('',(3.81,-13.208,-4.6E-02));
#9561 = VECTOR('',#9562,1.);
#9562 = DIRECTION('',(0.,0.,1.));
#9563 = ORIENTED_EDGE('',*,*,#9172,.F.);
#9564 = ORIENTED_EDGE('',*,*,#9558,.F.);
#9565 = CYLINDRICAL_SURFACE('',#9566,0.508);
#9566 = AXIS2_PLACEMENT_3D('',#9567,#9568,#9569);
#9567 = CARTESIAN_POINT('',(3.81,-12.7,-4.6E-02));
#9568 = DIRECTION('',(-0.,0.,-1.));
#9569 = DIRECTION('',(8.741913579726E-16,-1.,-0.));
#9570 = ADVANCED_FACE('',(#9571),#9582,.F.);
#9571 = FACE_BOUND('',#9572,.T.);
#9572 = EDGE_LOOP('',(#9573,#9574,#9580,#9581));
#9573 = ORIENTED_EDGE('',*,*,#8847,.T.);
#9574 = ORIENTED_EDGE('',*,*,#9575,.T.);
#9575 = EDGE_CURVE('',#8848,#9184,#9576,.T.);
#9576 = LINE('',#9577,#9578);
#9577 = CARTESIAN_POINT('',(8.89,-13.081,-4.6E-02));
#9578 = VECTOR('',#9579,1.);
#9579 = DIRECTION('',(0.,0.,1.));
#9580 = ORIENTED_EDGE('',*,*,#9183,.F.);
#9581 = ORIENTED_EDGE('',*,*,#9575,.F.);
#9582 = CYLINDRICAL_SURFACE('',#9583,1.651);
#9583 = AXIS2_PLACEMENT_3D('',#9584,#9585,#9586);
#9584 = CARTESIAN_POINT('',(8.89,-11.43,-4.6E-02));
#9585 = DIRECTION('',(-0.,-0.,-1.));
#9586 = DIRECTION('',(-0.,-1.,0.));
#9587 = ADVANCED_FACE('',(#9588),#9599,.F.);
#9588 = FACE_BOUND('',#9589,.T.);
#9589 = EDGE_LOOP('',(#9590,#9591,#9597,#9598));
#9590 = ORIENTED_EDGE('',*,*,#8858,.T.);
#9591 = ORIENTED_EDGE('',*,*,#9592,.T.);
#9592 = EDGE_CURVE('',#8859,#9195,#9593,.T.);
#9593 = LINE('',#9594,#9595);
#9594 = CARTESIAN_POINT('',(2.54,-4.945,-4.6E-02));
#9595 = VECTOR('',#9596,1.);
#9596 = DIRECTION('',(0.,0.,1.));
#9597 = ORIENTED_EDGE('',*,*,#9194,.F.);
#9598 = ORIENTED_EDGE('',*,*,#9592,.F.);
#9599 = CYLINDRICAL_SURFACE('',#9600,0.5);
#9600 = AXIS2_PLACEMENT_3D('',#9601,#9602,#9603);
#9601 = CARTESIAN_POINT('',(2.54,-4.445,-4.6E-02));
#9602 = DIRECTION('',(-0.,-0.,-1.));
#9603 = DIRECTION('',(-0.,-1.,0.));
#9604 = ADVANCED_FACE('',(#9605),#9616,.F.);
#9605 = FACE_BOUND('',#9606,.T.);
#9606 = EDGE_LOOP('',(#9607,#9608,#9614,#9615));
#9607 = ORIENTED_EDGE('',*,*,#8869,.T.);
#9608 = ORIENTED_EDGE('',*,*,#9609,.T.);
#9609 = EDGE_CURVE('',#8870,#9206,#9610,.T.);
#9610 = LINE('',#9611,#9612);
#9611 = CARTESIAN_POINT('',(2.54,-2.405,-4.6E-02));
#9612 = VECTOR('',#9613,1.);
#9613 = DIRECTION('',(0.,0.,1.));
#9614 = ORIENTED_EDGE('',*,*,#9205,.F.);
#9615 = ORIENTED_EDGE('',*,*,#9609,.F.);
#9616 = CYLINDRICAL_SURFACE('',#9617,0.5);
#9617 = AXIS2_PLACEMENT_3D('',#9618,#9619,#9620);
#9618 = CARTESIAN_POINT('',(2.54,-1.905,-4.6E-02));
#9619 = DIRECTION('',(-0.,-0.,-1.));
#9620 = DIRECTION('',(-0.,-1.,0.));
#9621 = ADVANCED_FACE('',(#9622),#9633,.F.);
#9622 = FACE_BOUND('',#9623,.T.);
#9623 = EDGE_LOOP('',(#9624,#9625,#9631,#9632));
#9624 = ORIENTED_EDGE('',*,*,#8880,.T.);
#9625 = ORIENTED_EDGE('',*,*,#9626,.T.);
#9626 = EDGE_CURVE('',#8881,#9217,#9627,.T.);
#9627 = LINE('',#9628,#9629);
#9628 = CARTESIAN_POINT('',(6.35,-4.029,-4.6E-02));
#9629 = VECTOR('',#9630,1.);
#9630 = DIRECTION('',(0.,0.,1.));
#9631 = ORIENTED_EDGE('',*,*,#9216,.F.);
#9632 = ORIENTED_EDGE('',*,*,#9626,.F.);
#9633 = CYLINDRICAL_SURFACE('',#9634,0.6);
#9634 = AXIS2_PLACEMENT_3D('',#9635,#9636,#9637);
#9635 = CARTESIAN_POINT('',(6.35,-3.429,-4.6E-02));
#9636 = DIRECTION('',(-0.,-0.,-1.));
#9637 = DIRECTION('',(-0.,-1.,0.));
#9638 = ADVANCED_FACE('',(#9639),#9650,.F.);
#9639 = FACE_BOUND('',#9640,.T.);
#9640 = EDGE_LOOP('',(#9641,#9642,#9648,#9649));
#9641 = ORIENTED_EDGE('',*,*,#8891,.T.);
#9642 = ORIENTED_EDGE('',*,*,#9643,.T.);
#9643 = EDGE_CURVE('',#8892,#9228,#9644,.T.);
#9644 = LINE('',#9645,#9646);
#9645 = CARTESIAN_POINT('',(8.89,-7.315,-4.6E-02));
#9646 = VECTOR('',#9647,1.);
#9647 = DIRECTION('',(0.,0.,1.));
#9648 = ORIENTED_EDGE('',*,*,#9227,.F.);
#9649 = ORIENTED_EDGE('',*,*,#9643,.F.);
#9650 = CYLINDRICAL_SURFACE('',#9651,1.6);
#9651 = AXIS2_PLACEMENT_3D('',#9652,#9653,#9654);
#9652 = CARTESIAN_POINT('',(8.89,-5.715,-4.6E-02));
#9653 = DIRECTION('',(-0.,-0.,-1.));
#9654 = DIRECTION('',(-0.,-1.,0.));
#9655 = ADVANCED_FACE('',(#9656),#9667,.F.);
#9656 = FACE_BOUND('',#9657,.T.);
#9657 = EDGE_LOOP('',(#9658,#9659,#9665,#9666));
#9658 = ORIENTED_EDGE('',*,*,#8902,.T.);
#9659 = ORIENTED_EDGE('',*,*,#9660,.T.);
#9660 = EDGE_CURVE('',#8903,#9239,#9661,.T.);
#9661 = LINE('',#9662,#9663);
#9662 = CARTESIAN_POINT('',(10.16,-3.048,-4.6E-02));
#9663 = VECTOR('',#9664,1.);
#9664 = DIRECTION('',(0.,0.,1.));
#9665 = ORIENTED_EDGE('',*,*,#9238,.F.);
#9666 = ORIENTED_EDGE('',*,*,#9660,.F.);
#9667 = CYLINDRICAL_SURFACE('',#9668,0.508);
#9668 = AXIS2_PLACEMENT_3D('',#9669,#9670,#9671);
#9669 = CARTESIAN_POINT('',(10.16,-2.54,-4.6E-02));
#9670 = DIRECTION('',(-0.,-0.,-1.));
#9671 = DIRECTION('',(-0.,-1.,0.));
#9672 = ADVANCED_FACE('',(#9673),#9684,.F.);
#9673 = FACE_BOUND('',#9674,.T.);
#9674 = EDGE_LOOP('',(#9675,#9676,#9682,#9683));
#9675 = ORIENTED_EDGE('',*,*,#8913,.T.);
#9676 = ORIENTED_EDGE('',*,*,#9677,.T.);
#9677 = EDGE_CURVE('',#8914,#9250,#9678,.T.);
#9678 = LINE('',#9679,#9680);
#9679 = CARTESIAN_POINT('',(-8.89,-0.508,-4.6E-02));
#9680 = VECTOR('',#9681,1.);
#9681 = DIRECTION('',(0.,0.,1.));
#9682 = ORIENTED_EDGE('',*,*,#9249,.F.);
#9683 = ORIENTED_EDGE('',*,*,#9677,.F.);
#9684 = CYLINDRICAL_SURFACE('',#9685,0.508);
#9685 = AXIS2_PLACEMENT_3D('',#9686,#9687,#9688);
#9686 = CARTESIAN_POINT('',(-8.89,1.756904497452E-15,-4.6E-02));
#9687 = DIRECTION('',(-0.,-0.,-1.));
#9688 = DIRECTION('',(-0.,-1.,0.));
#9689 = ADVANCED_FACE('',(#9690),#9701,.F.);
#9690 = FACE_BOUND('',#9691,.T.);
#9691 = EDGE_LOOP('',(#9692,#9693,#9699,#9700));
#9692 = ORIENTED_EDGE('',*,*,#8924,.T.);
#9693 = ORIENTED_EDGE('',*,*,#9694,.T.);
#9694 = EDGE_CURVE('',#8925,#9261,#9695,.T.);
#9695 = LINE('',#9696,#9697);
#9696 = CARTESIAN_POINT('',(-8.89,2.032,-4.6E-02));
#9697 = VECTOR('',#9698,1.);
#9698 = DIRECTION('',(0.,0.,1.));
#9699 = ORIENTED_EDGE('',*,*,#9260,.F.);
#9700 = ORIENTED_EDGE('',*,*,#9694,.F.);
#9701 = CYLINDRICAL_SURFACE('',#9702,0.508);
#9702 = AXIS2_PLACEMENT_3D('',#9703,#9704,#9705);
#9703 = CARTESIAN_POINT('',(-8.89,2.54,-4.6E-02));
#9704 = DIRECTION('',(-0.,-0.,-1.));
#9705 = DIRECTION('',(-0.,-1.,0.));
#9706 = ADVANCED_FACE('',(#9707),#9718,.F.);
#9707 = FACE_BOUND('',#9708,.T.);
#9708 = EDGE_LOOP('',(#9709,#9710,#9716,#9717));
#9709 = ORIENTED_EDGE('',*,*,#8935,.T.);
#9710 = ORIENTED_EDGE('',*,*,#9711,.T.);
#9711 = EDGE_CURVE('',#8936,#9272,#9712,.T.);
#9712 = LINE('',#9713,#9714);
#9713 = CARTESIAN_POINT('',(-8.89,4.572,-4.6E-02));
#9714 = VECTOR('',#9715,1.);
#9715 = DIRECTION('',(0.,0.,1.));
#9716 = ORIENTED_EDGE('',*,*,#9271,.F.);
#9717 = ORIENTED_EDGE('',*,*,#9711,.F.);
#9718 = CYLINDRICAL_SURFACE('',#9719,0.508);
#9719 = AXIS2_PLACEMENT_3D('',#9720,#9721,#9722);
#9720 = CARTESIAN_POINT('',(-8.89,5.08,-4.6E-02));
#9721 = DIRECTION('',(-0.,-0.,-1.));
#9722 = DIRECTION('',(-0.,-1.,0.));
#9723 = ADVANCED_FACE('',(#9724),#9735,.F.);
#9724 = FACE_BOUND('',#9725,.T.);
#9725 = EDGE_LOOP('',(#9726,#9727,#9733,#9734));
#9726 = ORIENTED_EDGE('',*,*,#8946,.T.);
#9727 = ORIENTED_EDGE('',*,*,#9728,.T.);
#9728 = EDGE_CURVE('',#8947,#9283,#9729,.T.);
#9729 = LINE('',#9730,#9731);
#9730 = CARTESIAN_POINT('',(0.,1.405,-4.6E-02));
#9731 = VECTOR('',#9732,1.);
#9732 = DIRECTION('',(0.,0.,1.));
#9733 = ORIENTED_EDGE('',*,*,#9282,.F.);
#9734 = ORIENTED_EDGE('',*,*,#9728,.F.);
#9735 = CYLINDRICAL_SURFACE('',#9736,0.5);
#9736 = AXIS2_PLACEMENT_3D('',#9737,#9738,#9739);
#9737 = CARTESIAN_POINT('',(-3.67156773777E-17,1.905,-4.6E-02));
#9738 = DIRECTION('',(-0.,0.,-1.));
#9739 = DIRECTION('',(7.34313547554E-17,-1.,-0.));
#9740 = ADVANCED_FACE('',(#9741),#9752,.F.);
#9741 = FACE_BOUND('',#9742,.T.);
#9742 = EDGE_LOOP('',(#9743,#9744,#9750,#9751));
#9743 = ORIENTED_EDGE('',*,*,#8957,.T.);
#9744 = ORIENTED_EDGE('',*,*,#9745,.T.);
#9745 = EDGE_CURVE('',#8958,#9294,#9746,.T.);
#9746 = LINE('',#9747,#9748);
#9747 = CARTESIAN_POINT('',(-1.232595164408E-32,3.945,-4.6E-02));
#9748 = VECTOR('',#9749,1.);
#9749 = DIRECTION('',(0.,0.,1.));
#9750 = ORIENTED_EDGE('',*,*,#9293,.F.);
#9751 = ORIENTED_EDGE('',*,*,#9745,.F.);
#9752 = CYLINDRICAL_SURFACE('',#9753,0.5);
#9753 = AXIS2_PLACEMENT_3D('',#9754,#9755,#9756);
#9754 = CARTESIAN_POINT('',(-1.708952164415E-17,4.445,-4.6E-02));
#9755 = DIRECTION('',(-0.,0.,-1.));
#9756 = DIRECTION('',(3.417904328831E-17,-1.,-0.));
#9757 = ADVANCED_FACE('',(#9758),#9769,.F.);
#9758 = FACE_BOUND('',#9759,.T.);
#9759 = EDGE_LOOP('',(#9760,#9761,#9767,#9768));
#9760 = ORIENTED_EDGE('',*,*,#8968,.T.);
#9761 = ORIENTED_EDGE('',*,*,#9762,.T.);
#9762 = EDGE_CURVE('',#8969,#9305,#9763,.T.);
#9763 = LINE('',#9764,#9765);
#9764 = CARTESIAN_POINT('',(-8.89,9.779,-4.6E-02));
#9765 = VECTOR('',#9766,1.);
#9766 = DIRECTION('',(0.,0.,1.));
#9767 = ORIENTED_EDGE('',*,*,#9304,.F.);
#9768 = ORIENTED_EDGE('',*,*,#9762,.F.);
#9769 = CYLINDRICAL_SURFACE('',#9770,1.651);
#9770 = AXIS2_PLACEMENT_3D('',#9771,#9772,#9773);
#9771 = CARTESIAN_POINT('',(-8.89,11.43,-4.6E-02));
#9772 = DIRECTION('',(-0.,-0.,-1.));
#9773 = DIRECTION('',(-0.,-1.,0.));
#9774 = ADVANCED_FACE('',(#9775),#9786,.F.);
#9775 = FACE_BOUND('',#9776,.T.);
#9776 = EDGE_LOOP('',(#9777,#9778,#9784,#9785));
#9777 = ORIENTED_EDGE('',*,*,#8979,.T.);
#9778 = ORIENTED_EDGE('',*,*,#9779,.T.);
#9779 = EDGE_CURVE('',#8980,#9316,#9780,.T.);
#9780 = LINE('',#9781,#9782);
#9781 = CARTESIAN_POINT('',(2.54,0.135,-4.6E-02));
#9782 = VECTOR('',#9783,1.);
#9783 = DIRECTION('',(0.,0.,1.));
#9784 = ORIENTED_EDGE('',*,*,#9315,.F.);
#9785 = ORIENTED_EDGE('',*,*,#9779,.F.);
#9786 = CYLINDRICAL_SURFACE('',#9787,0.5);
#9787 = AXIS2_PLACEMENT_3D('',#9788,#9789,#9790);
#9788 = CARTESIAN_POINT('',(2.54,0.635,-4.6E-02));
#9789 = DIRECTION('',(-0.,-0.,-1.));
#9790 = DIRECTION('',(-0.,-1.,0.));
#9791 = ADVANCED_FACE('',(#9792),#9803,.F.);
#9792 = FACE_BOUND('',#9793,.T.);
#9793 = EDGE_LOOP('',(#9794,#9795,#9801,#9802));
#9794 = ORIENTED_EDGE('',*,*,#8990,.T.);
#9795 = ORIENTED_EDGE('',*,*,#9796,.T.);
#9796 = EDGE_CURVE('',#8991,#9327,#9797,.T.);
#9797 = LINE('',#9798,#9799);
#9798 = CARTESIAN_POINT('',(2.54,2.675,-4.6E-02));
#9799 = VECTOR('',#9800,1.);
#9800 = DIRECTION('',(0.,0.,1.));
#9801 = ORIENTED_EDGE('',*,*,#9326,.F.);
#9802 = ORIENTED_EDGE('',*,*,#9796,.F.);
#9803 = CYLINDRICAL_SURFACE('',#9804,0.5);
#9804 = AXIS2_PLACEMENT_3D('',#9805,#9806,#9807);
#9805 = CARTESIAN_POINT('',(2.54,3.175,-4.6E-02));
#9806 = DIRECTION('',(-0.,-0.,-1.));
#9807 = DIRECTION('',(-0.,-1.,0.));
#9808 = ADVANCED_FACE('',(#9809),#9820,.F.);
#9809 = FACE_BOUND('',#9810,.T.);
#9810 = EDGE_LOOP('',(#9811,#9812,#9818,#9819));
#9811 = ORIENTED_EDGE('',*,*,#9001,.T.);
#9812 = ORIENTED_EDGE('',*,*,#9813,.T.);
#9813 = EDGE_CURVE('',#9002,#9338,#9814,.T.);
#9814 = LINE('',#9815,#9816);
#9815 = CARTESIAN_POINT('',(6.35,-0.529,-4.6E-02));
#9816 = VECTOR('',#9817,1.);
#9817 = DIRECTION('',(0.,0.,1.));
#9818 = ORIENTED_EDGE('',*,*,#9337,.F.);
#9819 = ORIENTED_EDGE('',*,*,#9813,.F.);
#9820 = CYLINDRICAL_SURFACE('',#9821,0.6);
#9821 = AXIS2_PLACEMENT_3D('',#9822,#9823,#9824);
#9822 = CARTESIAN_POINT('',(6.35,7.1E-02,-4.6E-02));
#9823 = DIRECTION('',(-0.,-0.,-1.));
#9824 = DIRECTION('',(-0.,-1.,0.));
#9825 = ADVANCED_FACE('',(#9826),#9837,.F.);
#9826 = FACE_BOUND('',#9827,.T.);
#9827 = EDGE_LOOP('',(#9828,#9829,#9835,#9836));
#9828 = ORIENTED_EDGE('',*,*,#9012,.T.);
#9829 = ORIENTED_EDGE('',*,*,#9830,.T.);
#9830 = EDGE_CURVE('',#9013,#9349,#9831,.T.);
#9831 = LINE('',#9832,#9833);
#9832 = CARTESIAN_POINT('',(10.16,-0.508,-4.6E-02));
#9833 = VECTOR('',#9834,1.);
#9834 = DIRECTION('',(0.,0.,1.));
#9835 = ORIENTED_EDGE('',*,*,#9348,.F.);
#9836 = ORIENTED_EDGE('',*,*,#9830,.F.);
#9837 = CYLINDRICAL_SURFACE('',#9838,0.508);
#9838 = AXIS2_PLACEMENT_3D('',#9839,#9840,#9841);
#9839 = CARTESIAN_POINT('',(10.16,-8.244845138704E-16,-4.6E-02));
#9840 = DIRECTION('',(-0.,-0.,-1.));
#9841 = DIRECTION('',(-0.,-1.,0.));
#9842 = ADVANCED_FACE('',(#9843),#9854,.F.);
#9843 = FACE_BOUND('',#9844,.T.);
#9844 = EDGE_LOOP('',(#9845,#9846,#9852,#9853));
#9845 = ORIENTED_EDGE('',*,*,#9023,.T.);
#9846 = ORIENTED_EDGE('',*,*,#9847,.T.);
#9847 = EDGE_CURVE('',#9024,#9360,#9848,.T.);
#9848 = LINE('',#9849,#9850);
#9849 = CARTESIAN_POINT('',(10.16,2.032,-4.6E-02));
#9850 = VECTOR('',#9851,1.);
#9851 = DIRECTION('',(0.,0.,1.));
#9852 = ORIENTED_EDGE('',*,*,#9359,.F.);
#9853 = ORIENTED_EDGE('',*,*,#9847,.F.);
#9854 = CYLINDRICAL_SURFACE('',#9855,0.508);
#9855 = AXIS2_PLACEMENT_3D('',#9856,#9857,#9858);
#9856 = CARTESIAN_POINT('',(10.16,2.54,-4.6E-02));
#9857 = DIRECTION('',(-0.,-0.,-1.));
#9858 = DIRECTION('',(-0.,-1.,0.));
#9859 = ADVANCED_FACE('',(#9860),#9871,.F.);
#9860 = FACE_BOUND('',#9861,.T.);
#9861 = EDGE_LOOP('',(#9862,#9863,#9869,#9870));
#9862 = ORIENTED_EDGE('',*,*,#9034,.T.);
#9863 = ORIENTED_EDGE('',*,*,#9864,.T.);
#9864 = EDGE_CURVE('',#9035,#9371,#9865,.T.);
#9865 = LINE('',#9866,#9867);
#9866 = CARTESIAN_POINT('',(6.35,2.971,-4.6E-02));
#9867 = VECTOR('',#9868,1.);
#9868 = DIRECTION('',(0.,0.,1.));
#9869 = ORIENTED_EDGE('',*,*,#9370,.F.);
#9870 = ORIENTED_EDGE('',*,*,#9864,.F.);
#9871 = CYLINDRICAL_SURFACE('',#9872,0.6);
#9872 = AXIS2_PLACEMENT_3D('',#9873,#9874,#9875);
#9873 = CARTESIAN_POINT('',(6.35,3.571,-4.6E-02));
#9874 = DIRECTION('',(-0.,-0.,-1.));
#9875 = DIRECTION('',(-0.,-1.,0.));
#9876 = ADVANCED_FACE('',(#9877),#9888,.F.);
#9877 = FACE_BOUND('',#9878,.T.);
#9878 = EDGE_LOOP('',(#9879,#9880,#9886,#9887));
#9879 = ORIENTED_EDGE('',*,*,#9045,.T.);
#9880 = ORIENTED_EDGE('',*,*,#9881,.T.);
#9881 = EDGE_CURVE('',#9046,#9382,#9882,.T.);
#9882 = LINE('',#9883,#9884);
#9883 = CARTESIAN_POINT('',(8.89,4.115,-4.6E-02));
#9884 = VECTOR('',#9885,1.);
#9885 = DIRECTION('',(0.,0.,1.));
#9886 = ORIENTED_EDGE('',*,*,#9381,.F.);
#9887 = ORIENTED_EDGE('',*,*,#9881,.F.);
#9888 = CYLINDRICAL_SURFACE('',#9889,1.6);
#9889 = AXIS2_PLACEMENT_3D('',#9890,#9891,#9892);
#9890 = CARTESIAN_POINT('',(8.89,5.715,-4.6E-02));
#9891 = DIRECTION('',(-0.,-0.,-1.));
#9892 = DIRECTION('',(-0.,-1.,0.));
#9893 = ADVANCED_FACE('',(#9894),#9905,.F.);
#9894 = FACE_BOUND('',#9895,.T.);
#9895 = EDGE_LOOP('',(#9896,#9897,#9903,#9904));
#9896 = ORIENTED_EDGE('',*,*,#9056,.T.);
#9897 = ORIENTED_EDGE('',*,*,#9898,.T.);
#9898 = EDGE_CURVE('',#9057,#9393,#9899,.T.);
#9899 = LINE('',#9900,#9901);
#9900 = CARTESIAN_POINT('',(8.89,9.779,-4.6E-02));
#9901 = VECTOR('',#9902,1.);
#9902 = DIRECTION('',(0.,0.,1.));
#9903 = ORIENTED_EDGE('',*,*,#9392,.F.);
#9904 = ORIENTED_EDGE('',*,*,#9898,.F.);
#9905 = CYLINDRICAL_SURFACE('',#9906,1.651);
#9906 = AXIS2_PLACEMENT_3D('',#9907,#9908,#9909);
#9907 = CARTESIAN_POINT('',(8.89,11.43,-4.6E-02));
#9908 = DIRECTION('',(-0.,-0.,-1.));
#9909 = DIRECTION('',(-0.,-1.,0.));
#9910 = ( GEOMETRIC_REPRESENTATION_CONTEXT(3) 
GLOBAL_UNCERTAINTY_ASSIGNED_CONTEXT((#9914)) 
GLOBAL_UNIT_ASSIGNED_CONTEXT((#9911,#9912,#9913)) REPRESENTATION_CONTEXT
('Context #1','3D Context with UNIT and UNCERTAINTY') );
#9911 = ( LENGTH_UNIT() NAMED_UNIT(*) SI_UNIT(.MILLI.,.METRE.) );
#9912 = ( NAMED_UNIT(*) PLANE_ANGLE_UNIT() SI_UNIT($,.RADIAN.) );
#9913 = ( NAMED_UNIT(*) SI_UNIT($,.STERADIAN.) SOLID_ANGLE_UNIT() );
#9914 = UNCERTAINTY_MEASURE_WITH_UNIT(LENGTH_MEASURE(1.E-07),#9911,
  'distance_accuracy_value','confusion accuracy');
#9915 = CONTEXT_DEPENDENT_SHAPE_REPRESENTATION(#9916,#9918);
#9916 = ( REPRESENTATION_RELATIONSHIP('','',#8628,#10) 
REPRESENTATION_RELATIONSHIP_WITH_TRANSFORMATION(#9917) 
SHAPE_REPRESENTATION_RELATIONSHIP() );
#9917 = ITEM_DEFINED_TRANSFORMATION('','',#11,#43);
#9918 = PRODUCT_DEFINITION_SHAPE('Placement','Placement of an item',
  #9919);
#9919 = NEXT_ASSEMBLY_USAGE_OCCURRENCE('12','=>[0:1:1:12]','',#5,#8623,$
  );
#9920 = PRODUCT_RELATED_PRODUCT_CATEGORY('part',$,(#8625));
#9921 = MECHANICAL_DESIGN_GEOMETRIC_PRESENTATION_REPRESENTATION('',(
    #9922),#9910);
#9922 = STYLED_ITEM('color',(#9923),#8629);
#9923 = PRESENTATION_STYLE_ASSIGNMENT((#9924));
#9924 = SURFACE_STYLE_USAGE(.BOTH.,#9925);
#9925 = SURFACE_SIDE_STYLE('',(#9926,#9930));
#9926 = SURFACE_STYLE_FILL_AREA(#9927);
#9927 = FILL_AREA_STYLE('',(#9928));
#9928 = FILL_AREA_STYLE_COLOUR('',#9929);
#9929 = COLOUR_RGB('',0.679975718802,0.701410709185,0.574871009914);
#9930 = SURFACE_STYLE_RENDERING_WITH_PROPERTIES(.NORMAL_SHADING.,#9929,(
    #9931));
#9931 = SURFACE_STYLE_TRANSPARENT(1.999998092651E-02);
#9932 = MECHANICAL_DESIGN_GEOMETRIC_PRESENTATION_REPRESENTATION('',(
    #9933),#8230);
#9933 = STYLED_ITEM('color',(#9934),#7871);
#9934 = PRESENTATION_STYLE_ASSIGNMENT((#9935));
#9935 = SURFACE_STYLE_USAGE(.BOTH.,#9936);
#9936 = SURFACE_SIDE_STYLE('',(#9937,#9941));
#9937 = SURFACE_STYLE_FILL_AREA(#9938);
#9938 = FILL_AREA_STYLE('',(#9939));
#9939 = FILL_AREA_STYLE_COLOUR('',#9940);
#9940 = COLOUR_RGB('',0.778388722362,0.270808355515,0.284682305191);
#9941 = SURFACE_STYLE_RENDERING_WITH_PROPERTIES(.NORMAL_SHADING.,#9940,(
    #9942));
#9942 = SURFACE_STYLE_TRANSPARENT(0.170000016689);
#9943 = MECHANICAL_DESIGN_GEOMETRIC_PRESENTATION_REPRESENTATION('',(
    #9944,#9952,#9959,#9966,#9973,#9980,#9987,#9994,#10002,#10009,#10016
    ,#10023,#10030,#10037,#10044,#10051,#10058,#10065,#10072,#10079,
    #10086,#10093,#10100,#10107,#10114,#10121,#10128,#10135,#10142,
    #10149,#10156,#10163,#10170,#10177,#10184,#10191,#10199,#10206,
    #10213,#10220,#10227,#10234,#10241,#10248,#10255,#10262,#10269,
    #10276,#10283,#10290),#6949);
#9944 = STYLED_ITEM('color',(#9945),#5428);
#9945 = PRESENTATION_STYLE_ASSIGNMENT((#9946));
#9946 = SURFACE_STYLE_USAGE(.BOTH.,#9947);
#9947 = SURFACE_SIDE_STYLE('',(#9948));
#9948 = SURFACE_STYLE_FILL_AREA(#9949);
#9949 = FILL_AREA_STYLE('',(#9950));
#9950 = FILL_AREA_STYLE_COLOUR('',#9951);
#9951 = COLOUR_RGB('',0.894999966383,0.890999961016,0.813000030345);
#9952 = STYLED_ITEM('color',(#9953),#5468);
#9953 = PRESENTATION_STYLE_ASSIGNMENT((#9954));
#9954 = SURFACE_STYLE_USAGE(.BOTH.,#9955);
#9955 = SURFACE_SIDE_STYLE('',(#9956));
#9956 = SURFACE_STYLE_FILL_AREA(#9957);
#9957 = FILL_AREA_STYLE('',(#9958));
#9958 = FILL_AREA_STYLE_COLOUR('',#9951);
#9959 = STYLED_ITEM('color',(#9960),#5515);
#9960 = PRESENTATION_STYLE_ASSIGNMENT((#9961));
#9961 = SURFACE_STYLE_USAGE(.BOTH.,#9962);
#9962 = SURFACE_SIDE_STYLE('',(#9963));
#9963 = SURFACE_STYLE_FILL_AREA(#9964);
#9964 = FILL_AREA_STYLE('',(#9965));
#9965 = FILL_AREA_STYLE_COLOUR('',#9951);
#9966 = STYLED_ITEM('color',(#9967),#5594);
#9967 = PRESENTATION_STYLE_ASSIGNMENT((#9968));
#9968 = SURFACE_STYLE_USAGE(.BOTH.,#9969);
#9969 = SURFACE_SIDE_STYLE('',(#9970));
#9970 = SURFACE_STYLE_FILL_AREA(#9971);
#9971 = FILL_AREA_STYLE('',(#9972));
#9972 = FILL_AREA_STYLE_COLOUR('',#9951);
#9973 = STYLED_ITEM('color',(#9974),#5618);
#9974 = PRESENTATION_STYLE_ASSIGNMENT((#9975));
#9975 = SURFACE_STYLE_USAGE(.BOTH.,#9976);
#9976 = SURFACE_SIDE_STYLE('',(#9977));
#9977 = SURFACE_STYLE_FILL_AREA(#9978);
#9978 = FILL_AREA_STYLE('',(#9979));
#9979 = FILL_AREA_STYLE_COLOUR('',#9951);
#9980 = STYLED_ITEM('color',(#9981),#5658);
#9981 = PRESENTATION_STYLE_ASSIGNMENT((#9982));
#9982 = SURFACE_STYLE_USAGE(.BOTH.,#9983);
#9983 = SURFACE_SIDE_STYLE('',(#9984));
#9984 = SURFACE_STYLE_FILL_AREA(#9985);
#9985 = FILL_AREA_STYLE('',(#9986));
#9986 = FILL_AREA_STYLE_COLOUR('',#9951);
#9987 = STYLED_ITEM('color',(#9988),#5689);
#9988 = PRESENTATION_STYLE_ASSIGNMENT((#9989));
#9989 = SURFACE_STYLE_USAGE(.BOTH.,#9990);
#9990 = SURFACE_SIDE_STYLE('',(#9991));
#9991 = SURFACE_STYLE_FILL_AREA(#9992);
#9992 = FILL_AREA_STYLE('',(#9993));
#9993 = FILL_AREA_STYLE_COLOUR('',#9951);
#9994 = STYLED_ITEM('color',(#9995),#5706);
#9995 = PRESENTATION_STYLE_ASSIGNMENT((#9996));
#9996 = SURFACE_STYLE_USAGE(.BOTH.,#9997);
#9997 = SURFACE_SIDE_STYLE('',(#9998));
#9998 = SURFACE_STYLE_FILL_AREA(#9999);
#9999 = FILL_AREA_STYLE('',(#10000));
#10000 = FILL_AREA_STYLE_COLOUR('',#10001);
#10001 = COLOUR_RGB('',0.859000020776,0.737999965183,0.495999988746);
#10002 = STYLED_ITEM('color',(#10003),#5739);
#10003 = PRESENTATION_STYLE_ASSIGNMENT((#10004));
#10004 = SURFACE_STYLE_USAGE(.BOTH.,#10005);
#10005 = SURFACE_SIDE_STYLE('',(#10006));
#10006 = SURFACE_STYLE_FILL_AREA(#10007);
#10007 = FILL_AREA_STYLE('',(#10008));
#10008 = FILL_AREA_STYLE_COLOUR('',#9951);
#10009 = STYLED_ITEM('color',(#10010),#5763);
#10010 = PRESENTATION_STYLE_ASSIGNMENT((#10011));
#10011 = SURFACE_STYLE_USAGE(.BOTH.,#10012);
#10012 = SURFACE_SIDE_STYLE('',(#10013));
#10013 = SURFACE_STYLE_FILL_AREA(#10014);
#10014 = FILL_AREA_STYLE('',(#10015));
#10015 = FILL_AREA_STYLE_COLOUR('',#10001);
#10016 = STYLED_ITEM('color',(#10017),#5830);
#10017 = PRESENTATION_STYLE_ASSIGNMENT((#10018));
#10018 = SURFACE_STYLE_USAGE(.BOTH.,#10019);
#10019 = SURFACE_SIDE_STYLE('',(#10020));
#10020 = SURFACE_STYLE_FILL_AREA(#10021);
#10021 = FILL_AREA_STYLE('',(#10022));
#10022 = FILL_AREA_STYLE_COLOUR('',#9951);
#10023 = STYLED_ITEM('color',(#10024),#5951);
#10024 = PRESENTATION_STYLE_ASSIGNMENT((#10025));
#10025 = SURFACE_STYLE_USAGE(.BOTH.,#10026);
#10026 = SURFACE_SIDE_STYLE('',(#10027));
#10027 = SURFACE_STYLE_FILL_AREA(#10028);
#10028 = FILL_AREA_STYLE('',(#10029));
#10029 = FILL_AREA_STYLE_COLOUR('',#10001);
#10030 = STYLED_ITEM('color',(#10031),#6018);
#10031 = PRESENTATION_STYLE_ASSIGNMENT((#10032));
#10032 = SURFACE_STYLE_USAGE(.BOTH.,#10033);
#10033 = SURFACE_SIDE_STYLE('',(#10034));
#10034 = SURFACE_STYLE_FILL_AREA(#10035);
#10035 = FILL_AREA_STYLE('',(#10036));
#10036 = FILL_AREA_STYLE_COLOUR('',#9951);
#10037 = STYLED_ITEM('color',(#10038),#6042);
#10038 = PRESENTATION_STYLE_ASSIGNMENT((#10039));
#10039 = SURFACE_STYLE_USAGE(.BOTH.,#10040);
#10040 = SURFACE_SIDE_STYLE('',(#10041));
#10041 = SURFACE_STYLE_FILL_AREA(#10042);
#10042 = FILL_AREA_STYLE('',(#10043));
#10043 = FILL_AREA_STYLE_COLOUR('',#9951);
#10044 = STYLED_ITEM('color',(#10045),#6073);
#10045 = PRESENTATION_STYLE_ASSIGNMENT((#10046));
#10046 = SURFACE_STYLE_USAGE(.BOTH.,#10047);
#10047 = SURFACE_SIDE_STYLE('',(#10048));
#10048 = SURFACE_STYLE_FILL_AREA(#10049);
#10049 = FILL_AREA_STYLE('',(#10050));
#10050 = FILL_AREA_STYLE_COLOUR('',#10001);
#10051 = STYLED_ITEM('color',(#10052),#6106);
#10052 = PRESENTATION_STYLE_ASSIGNMENT((#10053));
#10053 = SURFACE_STYLE_USAGE(.BOTH.,#10054);
#10054 = SURFACE_SIDE_STYLE('',(#10055));
#10055 = SURFACE_STYLE_FILL_AREA(#10056);
#10056 = FILL_AREA_STYLE('',(#10057));
#10057 = FILL_AREA_STYLE_COLOUR('',#9951);
#10058 = STYLED_ITEM('color',(#10059),#6162);
#10059 = PRESENTATION_STYLE_ASSIGNMENT((#10060));
#10060 = SURFACE_STYLE_USAGE(.BOTH.,#10061);
#10061 = SURFACE_SIDE_STYLE('',(#10062));
#10062 = SURFACE_STYLE_FILL_AREA(#10063);
#10063 = FILL_AREA_STYLE('',(#10064));
#10064 = FILL_AREA_STYLE_COLOUR('',#10001);
#10065 = STYLED_ITEM('color',(#10066),#6186);
#10066 = PRESENTATION_STYLE_ASSIGNMENT((#10067));
#10067 = SURFACE_STYLE_USAGE(.BOTH.,#10068);
#10068 = SURFACE_SIDE_STYLE('',(#10069));
#10069 = SURFACE_STYLE_FILL_AREA(#10070);
#10070 = FILL_AREA_STYLE('',(#10071));
#10071 = FILL_AREA_STYLE_COLOUR('',#10001);
#10072 = STYLED_ITEM('color',(#10073),#6210);
#10073 = PRESENTATION_STYLE_ASSIGNMENT((#10074));
#10074 = SURFACE_STYLE_USAGE(.BOTH.,#10075);
#10075 = SURFACE_SIDE_STYLE('',(#10076));
#10076 = SURFACE_STYLE_FILL_AREA(#10077);
#10077 = FILL_AREA_STYLE('',(#10078));
#10078 = FILL_AREA_STYLE_COLOUR('',#10001);
#10079 = STYLED_ITEM('color',(#10080),#6234);
#10080 = PRESENTATION_STYLE_ASSIGNMENT((#10081));
#10081 = SURFACE_STYLE_USAGE(.BOTH.,#10082);
#10082 = SURFACE_SIDE_STYLE('',(#10083));
#10083 = SURFACE_STYLE_FILL_AREA(#10084);
#10084 = FILL_AREA_STYLE('',(#10085));
#10085 = FILL_AREA_STYLE_COLOUR('',#10001);
#10086 = STYLED_ITEM('color',(#10087),#6267);
#10087 = PRESENTATION_STYLE_ASSIGNMENT((#10088));
#10088 = SURFACE_STYLE_USAGE(.BOTH.,#10089);
#10089 = SURFACE_SIDE_STYLE('',(#10090));
#10090 = SURFACE_STYLE_FILL_AREA(#10091);
#10091 = FILL_AREA_STYLE('',(#10092));
#10092 = FILL_AREA_STYLE_COLOUR('',#10001);
#10093 = STYLED_ITEM('color',(#10094),#6279);
#10094 = PRESENTATION_STYLE_ASSIGNMENT((#10095));
#10095 = SURFACE_STYLE_USAGE(.BOTH.,#10096);
#10096 = SURFACE_SIDE_STYLE('',(#10097));
#10097 = SURFACE_STYLE_FILL_AREA(#10098);
#10098 = FILL_AREA_STYLE('',(#10099));
#10099 = FILL_AREA_STYLE_COLOUR('',#10001);
#10100 = STYLED_ITEM('color',(#10101),#6342);
#10101 = PRESENTATION_STYLE_ASSIGNMENT((#10102));
#10102 = SURFACE_STYLE_USAGE(.BOTH.,#10103);
#10103 = SURFACE_SIDE_STYLE('',(#10104));
#10104 = SURFACE_STYLE_FILL_AREA(#10105);
#10105 = FILL_AREA_STYLE('',(#10106));
#10106 = FILL_AREA_STYLE_COLOUR('',#10001);
#10107 = STYLED_ITEM('color',(#10108),#6367);
#10108 = PRESENTATION_STYLE_ASSIGNMENT((#10109));
#10109 = SURFACE_STYLE_USAGE(.BOTH.,#10110);
#10110 = SURFACE_SIDE_STYLE('',(#10111));
#10111 = SURFACE_STYLE_FILL_AREA(#10112);
#10112 = FILL_AREA_STYLE('',(#10113));
#10113 = FILL_AREA_STYLE_COLOUR('',#10001);
#10114 = STYLED_ITEM('color',(#10115),#6384);
#10115 = PRESENTATION_STYLE_ASSIGNMENT((#10116));
#10116 = SURFACE_STYLE_USAGE(.BOTH.,#10117);
#10117 = SURFACE_SIDE_STYLE('',(#10118));
#10118 = SURFACE_STYLE_FILL_AREA(#10119);
#10119 = FILL_AREA_STYLE('',(#10120));
#10120 = FILL_AREA_STYLE_COLOUR('',#10001);
#10121 = STYLED_ITEM('color',(#10122),#6408);
#10122 = PRESENTATION_STYLE_ASSIGNMENT((#10123));
#10123 = SURFACE_STYLE_USAGE(.BOTH.,#10124);
#10124 = SURFACE_SIDE_STYLE('',(#10125));
#10125 = SURFACE_STYLE_FILL_AREA(#10126);
#10126 = FILL_AREA_STYLE('',(#10127));
#10127 = FILL_AREA_STYLE_COLOUR('',#10001);
#10128 = STYLED_ITEM('color',(#10129),#6426);
#10129 = PRESENTATION_STYLE_ASSIGNMENT((#10130));
#10130 = SURFACE_STYLE_USAGE(.BOTH.,#10131);
#10131 = SURFACE_SIDE_STYLE('',(#10132));
#10132 = SURFACE_STYLE_FILL_AREA(#10133);
#10133 = FILL_AREA_STYLE('',(#10134));
#10134 = FILL_AREA_STYLE_COLOUR('',#10001);
#10135 = STYLED_ITEM('color',(#10136),#6444);
#10136 = PRESENTATION_STYLE_ASSIGNMENT((#10137));
#10137 = SURFACE_STYLE_USAGE(.BOTH.,#10138);
#10138 = SURFACE_SIDE_STYLE('',(#10139));
#10139 = SURFACE_STYLE_FILL_AREA(#10140);
#10140 = FILL_AREA_STYLE('',(#10141));
#10141 = FILL_AREA_STYLE_COLOUR('',#10001);
#10142 = STYLED_ITEM('color',(#10143),#6462);
#10143 = PRESENTATION_STYLE_ASSIGNMENT((#10144));
#10144 = SURFACE_STYLE_USAGE(.BOTH.,#10145);
#10145 = SURFACE_SIDE_STYLE('',(#10146));
#10146 = SURFACE_STYLE_FILL_AREA(#10147);
#10147 = FILL_AREA_STYLE('',(#10148));
#10148 = FILL_AREA_STYLE_COLOUR('',#10001);
#10149 = STYLED_ITEM('color',(#10150),#6479);
#10150 = PRESENTATION_STYLE_ASSIGNMENT((#10151));
#10151 = SURFACE_STYLE_USAGE(.BOTH.,#10152);
#10152 = SURFACE_SIDE_STYLE('',(#10153));
#10153 = SURFACE_STYLE_FILL_AREA(#10154);
#10154 = FILL_AREA_STYLE('',(#10155));
#10155 = FILL_AREA_STYLE_COLOUR('',#10001);
#10156 = STYLED_ITEM('color',(#10157),#6496);
#10157 = PRESENTATION_STYLE_ASSIGNMENT((#10158));
#10158 = SURFACE_STYLE_USAGE(.BOTH.,#10159);
#10159 = SURFACE_SIDE_STYLE('',(#10160));
#10160 = SURFACE_STYLE_FILL_AREA(#10161);
#10161 = FILL_AREA_STYLE('',(#10162));
#10162 = FILL_AREA_STYLE_COLOUR('',#10001);
#10163 = STYLED_ITEM('color',(#10164),#6527);
#10164 = PRESENTATION_STYLE_ASSIGNMENT((#10165));
#10165 = SURFACE_STYLE_USAGE(.BOTH.,#10166);
#10166 = SURFACE_SIDE_STYLE('',(#10167));
#10167 = SURFACE_STYLE_FILL_AREA(#10168);
#10168 = FILL_AREA_STYLE('',(#10169));
#10169 = FILL_AREA_STYLE_COLOUR('',#10001);
#10170 = STYLED_ITEM('color',(#10171),#6552);
#10171 = PRESENTATION_STYLE_ASSIGNMENT((#10172));
#10172 = SURFACE_STYLE_USAGE(.BOTH.,#10173);
#10173 = SURFACE_SIDE_STYLE('',(#10174));
#10174 = SURFACE_STYLE_FILL_AREA(#10175);
#10175 = FILL_AREA_STYLE('',(#10176));
#10176 = FILL_AREA_STYLE_COLOUR('',#10001);
#10177 = STYLED_ITEM('color',(#10178),#6577);
#10178 = PRESENTATION_STYLE_ASSIGNMENT((#10179));
#10179 = SURFACE_STYLE_USAGE(.BOTH.,#10180);
#10180 = SURFACE_SIDE_STYLE('',(#10181));
#10181 = SURFACE_STYLE_FILL_AREA(#10182);
#10182 = FILL_AREA_STYLE('',(#10183));
#10183 = FILL_AREA_STYLE_COLOUR('',#10001);
#10184 = STYLED_ITEM('color',(#10185),#6601);
#10185 = PRESENTATION_STYLE_ASSIGNMENT((#10186));
#10186 = SURFACE_STYLE_USAGE(.BOTH.,#10187);
#10187 = SURFACE_SIDE_STYLE('',(#10188));
#10188 = SURFACE_STYLE_FILL_AREA(#10189);
#10189 = FILL_AREA_STYLE('',(#10190));
#10190 = FILL_AREA_STYLE_COLOUR('',#10001);
#10191 = STYLED_ITEM('color',(#10192),#6618);
#10192 = PRESENTATION_STYLE_ASSIGNMENT((#10193));
#10193 = SURFACE_STYLE_USAGE(.BOTH.,#10194);
#10194 = SURFACE_SIDE_STYLE('',(#10195));
#10195 = SURFACE_STYLE_FILL_AREA(#10196);
#10196 = FILL_AREA_STYLE('',(#10197));
#10197 = FILL_AREA_STYLE_COLOUR('',#10198);
#10198 = COLOUR_RGB('',0.340000006699,0.68000001254,0.444999988852);
#10199 = STYLED_ITEM('color',(#10200),#6649);
#10200 = PRESENTATION_STYLE_ASSIGNMENT((#10201));
#10201 = SURFACE_STYLE_USAGE(.BOTH.,#10202);
#10202 = SURFACE_SIDE_STYLE('',(#10203));
#10203 = SURFACE_STYLE_FILL_AREA(#10204);
#10204 = FILL_AREA_STYLE('',(#10205));
#10205 = FILL_AREA_STYLE_COLOUR('',#10198);
#10206 = STYLED_ITEM('color',(#10207),#6673);
#10207 = PRESENTATION_STYLE_ASSIGNMENT((#10208));
#10208 = SURFACE_STYLE_USAGE(.BOTH.,#10209);
#10209 = SURFACE_SIDE_STYLE('',(#10210));
#10210 = SURFACE_STYLE_FILL_AREA(#10211);
#10211 = FILL_AREA_STYLE('',(#10212));
#10212 = FILL_AREA_STYLE_COLOUR('',#10198);
#10213 = STYLED_ITEM('color',(#10214),#6690);
#10214 = PRESENTATION_STYLE_ASSIGNMENT((#10215));
#10215 = SURFACE_STYLE_USAGE(.BOTH.,#10216);
#10216 = SURFACE_SIDE_STYLE('',(#10217));
#10217 = SURFACE_STYLE_FILL_AREA(#10218);
#10218 = FILL_AREA_STYLE('',(#10219));
#10219 = FILL_AREA_STYLE_COLOUR('',#10001);
#10220 = STYLED_ITEM('color',(#10221),#6718);
#10221 = PRESENTATION_STYLE_ASSIGNMENT((#10222));
#10222 = SURFACE_STYLE_USAGE(.BOTH.,#10223);
#10223 = SURFACE_SIDE_STYLE('',(#10224));
#10224 = SURFACE_STYLE_FILL_AREA(#10225);
#10225 = FILL_AREA_STYLE('',(#10226));
#10226 = FILL_AREA_STYLE_COLOUR('',#10001);
#10227 = STYLED_ITEM('color',(#10228),#6743);
#10228 = PRESENTATION_STYLE_ASSIGNMENT((#10229));
#10229 = SURFACE_STYLE_USAGE(.BOTH.,#10230);
#10230 = SURFACE_SIDE_STYLE('',(#10231));
#10231 = SURFACE_STYLE_FILL_AREA(#10232);
#10232 = FILL_AREA_STYLE('',(#10233));
#10233 = FILL_AREA_STYLE_COLOUR('',#10001);
#10234 = STYLED_ITEM('color',(#10235),#6767);
#10235 = PRESENTATION_STYLE_ASSIGNMENT((#10236));
#10236 = SURFACE_STYLE_USAGE(.BOTH.,#10237);
#10237 = SURFACE_SIDE_STYLE('',(#10238));
#10238 = SURFACE_STYLE_FILL_AREA(#10239);
#10239 = FILL_AREA_STYLE('',(#10240));
#10240 = FILL_AREA_STYLE_COLOUR('',#10001);
#10241 = STYLED_ITEM('color',(#10242),#6792);
#10242 = PRESENTATION_STYLE_ASSIGNMENT((#10243));
#10243 = SURFACE_STYLE_USAGE(.BOTH.,#10244);
#10244 = SURFACE_SIDE_STYLE('',(#10245));
#10245 = SURFACE_STYLE_FILL_AREA(#10246);
#10246 = FILL_AREA_STYLE('',(#10247));
#10247 = FILL_AREA_STYLE_COLOUR('',#10001);
#10248 = STYLED_ITEM('color',(#10249),#6839);
#10249 = PRESENTATION_STYLE_ASSIGNMENT((#10250));
#10250 = SURFACE_STYLE_USAGE(.BOTH.,#10251);
#10251 = SURFACE_SIDE_STYLE('',(#10252));
#10252 = SURFACE_STYLE_FILL_AREA(#10253);
#10253 = FILL_AREA_STYLE('',(#10254));
#10254 = FILL_AREA_STYLE_COLOUR('',#10001);
#10255 = STYLED_ITEM('color',(#10256),#6856);
#10256 = PRESENTATION_STYLE_ASSIGNMENT((#10257));
#10257 = SURFACE_STYLE_USAGE(.BOTH.,#10258);
#10258 = SURFACE_SIDE_STYLE('',(#10259));
#10259 = SURFACE_STYLE_FILL_AREA(#10260);
#10260 = FILL_AREA_STYLE('',(#10261));
#10261 = FILL_AREA_STYLE_COLOUR('',#10001);
#10262 = STYLED_ITEM('color',(#10263),#6868);
#10263 = PRESENTATION_STYLE_ASSIGNMENT((#10264));
#10264 = SURFACE_STYLE_USAGE(.BOTH.,#10265);
#10265 = SURFACE_SIDE_STYLE('',(#10266));
#10266 = SURFACE_STYLE_FILL_AREA(#10267);
#10267 = FILL_AREA_STYLE('',(#10268));
#10268 = FILL_AREA_STYLE_COLOUR('',#10001);
#10269 = STYLED_ITEM('color',(#10270),#6890);
#10270 = PRESENTATION_STYLE_ASSIGNMENT((#10271));
#10271 = SURFACE_STYLE_USAGE(.BOTH.,#10272);
#10272 = SURFACE_SIDE_STYLE('',(#10273));
#10273 = SURFACE_STYLE_FILL_AREA(#10274);
#10274 = FILL_AREA_STYLE('',(#10275));
#10275 = FILL_AREA_STYLE_COLOUR('',#10001);
#10276 = STYLED_ITEM('color',(#10277),#6902);
#10277 = PRESENTATION_STYLE_ASSIGNMENT((#10278));
#10278 = SURFACE_STYLE_USAGE(.BOTH.,#10279);
#10279 = SURFACE_SIDE_STYLE('',(#10280));
#10280 = SURFACE_STYLE_FILL_AREA(#10281);
#10281 = FILL_AREA_STYLE('',(#10282));
#10282 = FILL_AREA_STYLE_COLOUR('',#10001);
#10283 = STYLED_ITEM('color',(#10284),#6920);
#10284 = PRESENTATION_STYLE_ASSIGNMENT((#10285));
#10285 = SURFACE_STYLE_USAGE(.BOTH.,#10286);
#10286 = SURFACE_SIDE_STYLE('',(#10287));
#10287 = SURFACE_STYLE_FILL_AREA(#10288);
#10288 = FILL_AREA_STYLE('',(#10289));
#10289 = FILL_AREA_STYLE_COLOUR('',#10001);
#10290 = STYLED_ITEM('color',(#10291),#6938);
#10291 = PRESENTATION_STYLE_ASSIGNMENT((#10292));
#10292 = SURFACE_STYLE_USAGE(.BOTH.,#10293);
#10293 = SURFACE_SIDE_STYLE('',(#10294));
#10294 = SURFACE_STYLE_FILL_AREA(#10295);
#10295 = FILL_AREA_STYLE('',(#10296));
#10296 = FILL_AREA_STYLE_COLOUR('',#10198);
#10297 = MECHANICAL_DESIGN_GEOMETRIC_PRESENTATION_REPRESENTATION('',(
    #10298,#10308,#10317,#10326,#10335,#10344,#10353,#10362,#10371,
    #10380,#10389,#10398,#10407,#10416,#10425,#10435,#10444,#10453,
    #10462,#10471,#10480,#10489,#10498,#10507,#10516,#10525,#10534,
    #10543,#10552,#10561,#10570,#10579,#10588,#10597,#10606,#10615,
    #10624,#10633,#10642,#10651,#10660,#10669,#10678,#10687,#10696,
    #10705,#10714,#10723,#10732,#10741,#10750,#10759,#10768,#10777,
    #10786,#10795,#10804,#10813,#10822,#10831,#10840,#10849,#10858,
    #10867,#10876,#10885,#10894,#10903,#10912,#10921,#10930,#10939,
    #10948,#10957,#10966,#10975,#10984,#10993,#11002,#11011,#11020,
    #11029,#11038,#11047,#11056,#11065,#11074,#11083,#11092,#11101,
    #11110,#11119,#11128,#11137,#11146,#11155,#11164,#11173,#11182,
    #11191,#11200,#11209,#11218,#11227,#11236,#11245,#11254,#11263,
    #11272,#11281,#11290,#11299,#11308,#11317,#11326,#11335,#11344,
    #11353,#11362,#11371,#11380,#11389,#11398,#11407,#11416,#11425,
    #11434,#11443,#11452,#11461,#11470,#11479,#11488,#11497,#11506,
    #11515,#11524,#11533,#11542,#11551,#11560,#11569,#11578,#11587,
    #11596,#11605,#11614),#4552);
#10298 = STYLED_ITEM('color',(#10299),#86);
#10299 = PRESENTATION_STYLE_ASSIGNMENT((#10300,#10306));
#10300 = SURFACE_STYLE_USAGE(.BOTH.,#10301);
#10301 = SURFACE_SIDE_STYLE('',(#10302));
#10302 = SURFACE_STYLE_FILL_AREA(#10303);
#10303 = FILL_AREA_STYLE('',(#10304));
#10304 = FILL_AREA_STYLE_COLOUR('',#10305);
#10305 = COLOUR_RGB('',0.147999998088,0.145000001626,0.145000001626);
#10306 = CURVE_STYLE('',#10307,POSITIVE_LENGTH_MEASURE(0.1),#10305);
#10307 = DRAUGHTING_PRE_DEFINED_CURVE_FONT('continuous');
#10308 = STYLED_ITEM('color',(#10309),#124);
#10309 = PRESENTATION_STYLE_ASSIGNMENT((#10310,#10315));
#10310 = SURFACE_STYLE_USAGE(.BOTH.,#10311);
#10311 = SURFACE_SIDE_STYLE('',(#10312));
#10312 = SURFACE_STYLE_FILL_AREA(#10313);
#10313 = FILL_AREA_STYLE('',(#10314));
#10314 = FILL_AREA_STYLE_COLOUR('',#10305);
#10315 = CURVE_STYLE('',#10316,POSITIVE_LENGTH_MEASURE(0.1),#10305);
#10316 = DRAUGHTING_PRE_DEFINED_CURVE_FONT('continuous');
#10317 = STYLED_ITEM('color',(#10318),#187);
#10318 = PRESENTATION_STYLE_ASSIGNMENT((#10319,#10324));
#10319 = SURFACE_STYLE_USAGE(.BOTH.,#10320);
#10320 = SURFACE_SIDE_STYLE('',(#10321));
#10321 = SURFACE_STYLE_FILL_AREA(#10322);
#10322 = FILL_AREA_STYLE('',(#10323));
#10323 = FILL_AREA_STYLE_COLOUR('',#10305);
#10324 = CURVE_STYLE('',#10325,POSITIVE_LENGTH_MEASURE(0.1),#10305);
#10325 = DRAUGHTING_PRE_DEFINED_CURVE_FONT('continuous');
#10326 = STYLED_ITEM('color',(#10327),#210);
#10327 = PRESENTATION_STYLE_ASSIGNMENT((#10328,#10333));
#10328 = SURFACE_STYLE_USAGE(.BOTH.,#10329);
#10329 = SURFACE_SIDE_STYLE('',(#10330));
#10330 = SURFACE_STYLE_FILL_AREA(#10331);
#10331 = FILL_AREA_STYLE('',(#10332));
#10332 = FILL_AREA_STYLE_COLOUR('',#10305);
#10333 = CURVE_STYLE('',#10334,POSITIVE_LENGTH_MEASURE(0.1),#10305);
#10334 = DRAUGHTING_PRE_DEFINED_CURVE_FONT('continuous');
#10335 = STYLED_ITEM('color',(#10336),#239);
#10336 = PRESENTATION_STYLE_ASSIGNMENT((#10337,#10342));
#10337 = SURFACE_STYLE_USAGE(.BOTH.,#10338);
#10338 = SURFACE_SIDE_STYLE('',(#10339));
#10339 = SURFACE_STYLE_FILL_AREA(#10340);
#10340 = FILL_AREA_STYLE('',(#10341));
#10341 = FILL_AREA_STYLE_COLOUR('',#10305);
#10342 = CURVE_STYLE('',#10343,POSITIVE_LENGTH_MEASURE(0.1),#10305);
#10343 = DRAUGHTING_PRE_DEFINED_CURVE_FONT('continuous');
#10344 = STYLED_ITEM('color',(#10345),#262);
#10345 = PRESENTATION_STYLE_ASSIGNMENT((#10346,#10351));
#10346 = SURFACE_STYLE_USAGE(.BOTH.,#10347);
#10347 = SURFACE_SIDE_STYLE('',(#10348));
#10348 = SURFACE_STYLE_FILL_AREA(#10349);
#10349 = FILL_AREA_STYLE('',(#10350));
#10350 = FILL_AREA_STYLE_COLOUR('',#10305);
#10351 = CURVE_STYLE('',#10352,POSITIVE_LENGTH_MEASURE(0.1),#10305);
#10352 = DRAUGHTING_PRE_DEFINED_CURVE_FONT('continuous');
#10353 = STYLED_ITEM('color',(#10354),#349);
#10354 = PRESENTATION_STYLE_ASSIGNMENT((#10355,#10360));
#10355 = SURFACE_STYLE_USAGE(.BOTH.,#10356);
#10356 = SURFACE_SIDE_STYLE('',(#10357));
#10357 = SURFACE_STYLE_FILL_AREA(#10358);
#10358 = FILL_AREA_STYLE('',(#10359));
#10359 = FILL_AREA_STYLE_COLOUR('',#10305);
#10360 = CURVE_STYLE('',#10361,POSITIVE_LENGTH_MEASURE(0.1),#10305);
#10361 = DRAUGHTING_PRE_DEFINED_CURVE_FONT('continuous');
#10362 = STYLED_ITEM('color',(#10363),#436);
#10363 = PRESENTATION_STYLE_ASSIGNMENT((#10364,#10369));
#10364 = SURFACE_STYLE_USAGE(.BOTH.,#10365);
#10365 = SURFACE_SIDE_STYLE('',(#10366));
#10366 = SURFACE_STYLE_FILL_AREA(#10367);
#10367 = FILL_AREA_STYLE('',(#10368));
#10368 = FILL_AREA_STYLE_COLOUR('',#10305);
#10369 = CURVE_STYLE('',#10370,POSITIVE_LENGTH_MEASURE(0.1),#10305);
#10370 = DRAUGHTING_PRE_DEFINED_CURVE_FONT('continuous');
#10371 = STYLED_ITEM('color',(#10372),#459);
#10372 = PRESENTATION_STYLE_ASSIGNMENT((#10373,#10378));
#10373 = SURFACE_STYLE_USAGE(.BOTH.,#10374);
#10374 = SURFACE_SIDE_STYLE('',(#10375));
#10375 = SURFACE_STYLE_FILL_AREA(#10376);
#10376 = FILL_AREA_STYLE('',(#10377));
#10377 = FILL_AREA_STYLE_COLOUR('',#10305);
#10378 = CURVE_STYLE('',#10379,POSITIVE_LENGTH_MEASURE(0.1),#10305);
#10379 = DRAUGHTING_PRE_DEFINED_CURVE_FONT('continuous');
#10380 = STYLED_ITEM('color',(#10381),#482);
#10381 = PRESENTATION_STYLE_ASSIGNMENT((#10382,#10387));
#10382 = SURFACE_STYLE_USAGE(.BOTH.,#10383);
#10383 = SURFACE_SIDE_STYLE('',(#10384));
#10384 = SURFACE_STYLE_FILL_AREA(#10385);
#10385 = FILL_AREA_STYLE('',(#10386));
#10386 = FILL_AREA_STYLE_COLOUR('',#10305);
#10387 = CURVE_STYLE('',#10388,POSITIVE_LENGTH_MEASURE(0.1),#10305);
#10388 = DRAUGHTING_PRE_DEFINED_CURVE_FONT('continuous');
#10389 = STYLED_ITEM('color',(#10390),#499);
#10390 = PRESENTATION_STYLE_ASSIGNMENT((#10391,#10396));
#10391 = SURFACE_STYLE_USAGE(.BOTH.,#10392);
#10392 = SURFACE_SIDE_STYLE('',(#10393));
#10393 = SURFACE_STYLE_FILL_AREA(#10394);
#10394 = FILL_AREA_STYLE('',(#10395));
#10395 = FILL_AREA_STYLE_COLOUR('',#10305);
#10396 = CURVE_STYLE('',#10397,POSITIVE_LENGTH_MEASURE(0.1),#10305);
#10397 = DRAUGHTING_PRE_DEFINED_CURVE_FONT('continuous');
#10398 = STYLED_ITEM('color',(#10399),#522);
#10399 = PRESENTATION_STYLE_ASSIGNMENT((#10400,#10405));
#10400 = SURFACE_STYLE_USAGE(.BOTH.,#10401);
#10401 = SURFACE_SIDE_STYLE('',(#10402));
#10402 = SURFACE_STYLE_FILL_AREA(#10403);
#10403 = FILL_AREA_STYLE('',(#10404));
#10404 = FILL_AREA_STYLE_COLOUR('',#10305);
#10405 = CURVE_STYLE('',#10406,POSITIVE_LENGTH_MEASURE(0.1),#10305);
#10406 = DRAUGHTING_PRE_DEFINED_CURVE_FONT('continuous');
#10407 = STYLED_ITEM('color',(#10408),#610);
#10408 = PRESENTATION_STYLE_ASSIGNMENT((#10409,#10414));
#10409 = SURFACE_STYLE_USAGE(.BOTH.,#10410);
#10410 = SURFACE_SIDE_STYLE('',(#10411));
#10411 = SURFACE_STYLE_FILL_AREA(#10412);
#10412 = FILL_AREA_STYLE('',(#10413));
#10413 = FILL_AREA_STYLE_COLOUR('',#10305);
#10414 = CURVE_STYLE('',#10415,POSITIVE_LENGTH_MEASURE(0.1),#10305);
#10415 = DRAUGHTING_PRE_DEFINED_CURVE_FONT('continuous');
#10416 = STYLED_ITEM('color',(#10417),#626);
#10417 = PRESENTATION_STYLE_ASSIGNMENT((#10418,#10423));
#10418 = SURFACE_STYLE_USAGE(.BOTH.,#10419);
#10419 = SURFACE_SIDE_STYLE('',(#10420));
#10420 = SURFACE_STYLE_FILL_AREA(#10421);
#10421 = FILL_AREA_STYLE('',(#10422));
#10422 = FILL_AREA_STYLE_COLOUR('',#10305);
#10423 = CURVE_STYLE('',#10424,POSITIVE_LENGTH_MEASURE(0.1),#10305);
#10424 = DRAUGHTING_PRE_DEFINED_CURVE_FONT('continuous');
#10425 = STYLED_ITEM('color',(#10426),#656);
#10426 = PRESENTATION_STYLE_ASSIGNMENT((#10427,#10433));
#10427 = SURFACE_STYLE_USAGE(.BOTH.,#10428);
#10428 = SURFACE_SIDE_STYLE('',(#10429));
#10429 = SURFACE_STYLE_FILL_AREA(#10430);
#10430 = FILL_AREA_STYLE('',(#10431));
#10431 = FILL_AREA_STYLE_COLOUR('',#10432);
#10432 = COLOUR_RGB('',0.823999987314,0.819999987296,0.781000009244);
#10433 = CURVE_STYLE('',#10434,POSITIVE_LENGTH_MEASURE(0.1),#10432);
#10434 = DRAUGHTING_PRE_DEFINED_CURVE_FONT('continuous');
#10435 = STYLED_ITEM('color',(#10436),#687);
#10436 = PRESENTATION_STYLE_ASSIGNMENT((#10437,#10442));
#10437 = SURFACE_STYLE_USAGE(.BOTH.,#10438);
#10438 = SURFACE_SIDE_STYLE('',(#10439));
#10439 = SURFACE_STYLE_FILL_AREA(#10440);
#10440 = FILL_AREA_STYLE('',(#10441));
#10441 = FILL_AREA_STYLE_COLOUR('',#10305);
#10442 = CURVE_STYLE('',#10443,POSITIVE_LENGTH_MEASURE(0.1),#10305);
#10443 = DRAUGHTING_PRE_DEFINED_CURVE_FONT('continuous');
#10444 = STYLED_ITEM('color',(#10445),#718);
#10445 = PRESENTATION_STYLE_ASSIGNMENT((#10446,#10451));
#10446 = SURFACE_STYLE_USAGE(.BOTH.,#10447);
#10447 = SURFACE_SIDE_STYLE('',(#10448));
#10448 = SURFACE_STYLE_FILL_AREA(#10449);
#10449 = FILL_AREA_STYLE('',(#10450));
#10450 = FILL_AREA_STYLE_COLOUR('',#10432);
#10451 = CURVE_STYLE('',#10452,POSITIVE_LENGTH_MEASURE(0.1),#10432);
#10452 = DRAUGHTING_PRE_DEFINED_CURVE_FONT('continuous');
#10453 = STYLED_ITEM('color',(#10454),#749);
#10454 = PRESENTATION_STYLE_ASSIGNMENT((#10455,#10460));
#10455 = SURFACE_STYLE_USAGE(.BOTH.,#10456);
#10456 = SURFACE_SIDE_STYLE('',(#10457));
#10457 = SURFACE_STYLE_FILL_AREA(#10458);
#10458 = FILL_AREA_STYLE('',(#10459));
#10459 = FILL_AREA_STYLE_COLOUR('',#10305);
#10460 = CURVE_STYLE('',#10461,POSITIVE_LENGTH_MEASURE(0.1),#10305);
#10461 = DRAUGHTING_PRE_DEFINED_CURVE_FONT('continuous');
#10462 = STYLED_ITEM('color',(#10463),#780);
#10463 = PRESENTATION_STYLE_ASSIGNMENT((#10464,#10469));
#10464 = SURFACE_STYLE_USAGE(.BOTH.,#10465);
#10465 = SURFACE_SIDE_STYLE('',(#10466));
#10466 = SURFACE_STYLE_FILL_AREA(#10467);
#10467 = FILL_AREA_STYLE('',(#10468));
#10468 = FILL_AREA_STYLE_COLOUR('',#10432);
#10469 = CURVE_STYLE('',#10470,POSITIVE_LENGTH_MEASURE(0.1),#10432);
#10470 = DRAUGHTING_PRE_DEFINED_CURVE_FONT('continuous');
#10471 = STYLED_ITEM('color',(#10472),#811);
#10472 = PRESENTATION_STYLE_ASSIGNMENT((#10473,#10478));
#10473 = SURFACE_STYLE_USAGE(.BOTH.,#10474);
#10474 = SURFACE_SIDE_STYLE('',(#10475));
#10475 = SURFACE_STYLE_FILL_AREA(#10476);
#10476 = FILL_AREA_STYLE('',(#10477));
#10477 = FILL_AREA_STYLE_COLOUR('',#10305);
#10478 = CURVE_STYLE('',#10479,POSITIVE_LENGTH_MEASURE(0.1),#10305);
#10479 = DRAUGHTING_PRE_DEFINED_CURVE_FONT('continuous');
#10480 = STYLED_ITEM('color',(#10481),#842);
#10481 = PRESENTATION_STYLE_ASSIGNMENT((#10482,#10487));
#10482 = SURFACE_STYLE_USAGE(.BOTH.,#10483);
#10483 = SURFACE_SIDE_STYLE('',(#10484));
#10484 = SURFACE_STYLE_FILL_AREA(#10485);
#10485 = FILL_AREA_STYLE('',(#10486));
#10486 = FILL_AREA_STYLE_COLOUR('',#10432);
#10487 = CURVE_STYLE('',#10488,POSITIVE_LENGTH_MEASURE(0.1),#10432);
#10488 = DRAUGHTING_PRE_DEFINED_CURVE_FONT('continuous');
#10489 = STYLED_ITEM('color',(#10490),#873);
#10490 = PRESENTATION_STYLE_ASSIGNMENT((#10491,#10496));
#10491 = SURFACE_STYLE_USAGE(.BOTH.,#10492);
#10492 = SURFACE_SIDE_STYLE('',(#10493));
#10493 = SURFACE_STYLE_FILL_AREA(#10494);
#10494 = FILL_AREA_STYLE('',(#10495));
#10495 = FILL_AREA_STYLE_COLOUR('',#10305);
#10496 = CURVE_STYLE('',#10497,POSITIVE_LENGTH_MEASURE(0.1),#10305);
#10497 = DRAUGHTING_PRE_DEFINED_CURVE_FONT('continuous');
#10498 = STYLED_ITEM('color',(#10499),#890);
#10499 = PRESENTATION_STYLE_ASSIGNMENT((#10500,#10505));
#10500 = SURFACE_STYLE_USAGE(.BOTH.,#10501);
#10501 = SURFACE_SIDE_STYLE('',(#10502));
#10502 = SURFACE_STYLE_FILL_AREA(#10503);
#10503 = FILL_AREA_STYLE('',(#10504));
#10504 = FILL_AREA_STYLE_COLOUR('',#10305);
#10505 = CURVE_STYLE('',#10506,POSITIVE_LENGTH_MEASURE(0.1),#10305);
#10506 = DRAUGHTING_PRE_DEFINED_CURVE_FONT('continuous');
#10507 = STYLED_ITEM('color',(#10508),#907);
#10508 = PRESENTATION_STYLE_ASSIGNMENT((#10509,#10514));
#10509 = SURFACE_STYLE_USAGE(.BOTH.,#10510);
#10510 = SURFACE_SIDE_STYLE('',(#10511));
#10511 = SURFACE_STYLE_FILL_AREA(#10512);
#10512 = FILL_AREA_STYLE('',(#10513));
#10513 = FILL_AREA_STYLE_COLOUR('',#10432);
#10514 = CURVE_STYLE('',#10515,POSITIVE_LENGTH_MEASURE(0.1),#10432);
#10515 = DRAUGHTING_PRE_DEFINED_CURVE_FONT('continuous');
#10516 = STYLED_ITEM('color',(#10517),#938);
#10517 = PRESENTATION_STYLE_ASSIGNMENT((#10518,#10523));
#10518 = SURFACE_STYLE_USAGE(.BOTH.,#10519);
#10519 = SURFACE_SIDE_STYLE('',(#10520));
#10520 = SURFACE_STYLE_FILL_AREA(#10521);
#10521 = FILL_AREA_STYLE('',(#10522));
#10522 = FILL_AREA_STYLE_COLOUR('',#10305);
#10523 = CURVE_STYLE('',#10524,POSITIVE_LENGTH_MEASURE(0.1),#10305);
#10524 = DRAUGHTING_PRE_DEFINED_CURVE_FONT('continuous');
#10525 = STYLED_ITEM('color',(#10526),#969);
#10526 = PRESENTATION_STYLE_ASSIGNMENT((#10527,#10532));
#10527 = SURFACE_STYLE_USAGE(.BOTH.,#10528);
#10528 = SURFACE_SIDE_STYLE('',(#10529));
#10529 = SURFACE_STYLE_FILL_AREA(#10530);
#10530 = FILL_AREA_STYLE('',(#10531));
#10531 = FILL_AREA_STYLE_COLOUR('',#10432);
#10532 = CURVE_STYLE('',#10533,POSITIVE_LENGTH_MEASURE(0.1),#10432);
#10533 = DRAUGHTING_PRE_DEFINED_CURVE_FONT('continuous');
#10534 = STYLED_ITEM('color',(#10535),#1000);
#10535 = PRESENTATION_STYLE_ASSIGNMENT((#10536,#10541));
#10536 = SURFACE_STYLE_USAGE(.BOTH.,#10537);
#10537 = SURFACE_SIDE_STYLE('',(#10538));
#10538 = SURFACE_STYLE_FILL_AREA(#10539);
#10539 = FILL_AREA_STYLE('',(#10540));
#10540 = FILL_AREA_STYLE_COLOUR('',#10305);
#10541 = CURVE_STYLE('',#10542,POSITIVE_LENGTH_MEASURE(0.1),#10305);
#10542 = DRAUGHTING_PRE_DEFINED_CURVE_FONT('continuous');
#10543 = STYLED_ITEM('color',(#10544),#1031);
#10544 = PRESENTATION_STYLE_ASSIGNMENT((#10545,#10550));
#10545 = SURFACE_STYLE_USAGE(.BOTH.,#10546);
#10546 = SURFACE_SIDE_STYLE('',(#10547));
#10547 = SURFACE_STYLE_FILL_AREA(#10548);
#10548 = FILL_AREA_STYLE('',(#10549));
#10549 = FILL_AREA_STYLE_COLOUR('',#10432);
#10550 = CURVE_STYLE('',#10551,POSITIVE_LENGTH_MEASURE(0.1),#10432);
#10551 = DRAUGHTING_PRE_DEFINED_CURVE_FONT('continuous');
#10552 = STYLED_ITEM('color',(#10553),#1062);
#10553 = PRESENTATION_STYLE_ASSIGNMENT((#10554,#10559));
#10554 = SURFACE_STYLE_USAGE(.BOTH.,#10555);
#10555 = SURFACE_SIDE_STYLE('',(#10556));
#10556 = SURFACE_STYLE_FILL_AREA(#10557);
#10557 = FILL_AREA_STYLE('',(#10558));
#10558 = FILL_AREA_STYLE_COLOUR('',#10305);
#10559 = CURVE_STYLE('',#10560,POSITIVE_LENGTH_MEASURE(0.1),#10305);
#10560 = DRAUGHTING_PRE_DEFINED_CURVE_FONT('continuous');
#10561 = STYLED_ITEM('color',(#10562),#1093);
#10562 = PRESENTATION_STYLE_ASSIGNMENT((#10563,#10568));
#10563 = SURFACE_STYLE_USAGE(.BOTH.,#10564);
#10564 = SURFACE_SIDE_STYLE('',(#10565));
#10565 = SURFACE_STYLE_FILL_AREA(#10566);
#10566 = FILL_AREA_STYLE('',(#10567));
#10567 = FILL_AREA_STYLE_COLOUR('',#10432);
#10568 = CURVE_STYLE('',#10569,POSITIVE_LENGTH_MEASURE(0.1),#10432);
#10569 = DRAUGHTING_PRE_DEFINED_CURVE_FONT('continuous');
#10570 = STYLED_ITEM('color',(#10571),#1124);
#10571 = PRESENTATION_STYLE_ASSIGNMENT((#10572,#10577));
#10572 = SURFACE_STYLE_USAGE(.BOTH.,#10573);
#10573 = SURFACE_SIDE_STYLE('',(#10574));
#10574 = SURFACE_STYLE_FILL_AREA(#10575);
#10575 = FILL_AREA_STYLE('',(#10576));
#10576 = FILL_AREA_STYLE_COLOUR('',#10305);
#10577 = CURVE_STYLE('',#10578,POSITIVE_LENGTH_MEASURE(0.1),#10305);
#10578 = DRAUGHTING_PRE_DEFINED_CURVE_FONT('continuous');
#10579 = STYLED_ITEM('color',(#10580),#1154);
#10580 = PRESENTATION_STYLE_ASSIGNMENT((#10581,#10586));
#10581 = SURFACE_STYLE_USAGE(.BOTH.,#10582);
#10582 = SURFACE_SIDE_STYLE('',(#10583));
#10583 = SURFACE_STYLE_FILL_AREA(#10584);
#10584 = FILL_AREA_STYLE('',(#10585));
#10585 = FILL_AREA_STYLE_COLOUR('',#10305);
#10586 = CURVE_STYLE('',#10587,POSITIVE_LENGTH_MEASURE(0.1),#10305);
#10587 = DRAUGHTING_PRE_DEFINED_CURVE_FONT('continuous');
#10588 = STYLED_ITEM('color',(#10589),#1177);
#10589 = PRESENTATION_STYLE_ASSIGNMENT((#10590,#10595));
#10590 = SURFACE_STYLE_USAGE(.BOTH.,#10591);
#10591 = SURFACE_SIDE_STYLE('',(#10592));
#10592 = SURFACE_STYLE_FILL_AREA(#10593);
#10593 = FILL_AREA_STYLE('',(#10594));
#10594 = FILL_AREA_STYLE_COLOUR('',#10305);
#10595 = CURVE_STYLE('',#10596,POSITIVE_LENGTH_MEASURE(0.1),#10305);
#10596 = DRAUGHTING_PRE_DEFINED_CURVE_FONT('continuous');
#10597 = STYLED_ITEM('color',(#10598),#1200);
#10598 = PRESENTATION_STYLE_ASSIGNMENT((#10599,#10604));
#10599 = SURFACE_STYLE_USAGE(.BOTH.,#10600);
#10600 = SURFACE_SIDE_STYLE('',(#10601));
#10601 = SURFACE_STYLE_FILL_AREA(#10602);
#10602 = FILL_AREA_STYLE('',(#10603));
#10603 = FILL_AREA_STYLE_COLOUR('',#10305);
#10604 = CURVE_STYLE('',#10605,POSITIVE_LENGTH_MEASURE(0.1),#10305);
#10605 = DRAUGHTING_PRE_DEFINED_CURVE_FONT('continuous');
#10606 = STYLED_ITEM('color',(#10607),#1217);
#10607 = PRESENTATION_STYLE_ASSIGNMENT((#10608,#10613));
#10608 = SURFACE_STYLE_USAGE(.BOTH.,#10609);
#10609 = SURFACE_SIDE_STYLE('',(#10610));
#10610 = SURFACE_STYLE_FILL_AREA(#10611);
#10611 = FILL_AREA_STYLE('',(#10612));
#10612 = FILL_AREA_STYLE_COLOUR('',#10432);
#10613 = CURVE_STYLE('',#10614,POSITIVE_LENGTH_MEASURE(0.1),#10432);
#10614 = DRAUGHTING_PRE_DEFINED_CURVE_FONT('continuous');
#10615 = STYLED_ITEM('color',(#10616),#1262);
#10616 = PRESENTATION_STYLE_ASSIGNMENT((#10617,#10622));
#10617 = SURFACE_STYLE_USAGE(.BOTH.,#10618);
#10618 = SURFACE_SIDE_STYLE('',(#10619));
#10619 = SURFACE_STYLE_FILL_AREA(#10620);
#10620 = FILL_AREA_STYLE('',(#10621));
#10621 = FILL_AREA_STYLE_COLOUR('',#10305);
#10622 = CURVE_STYLE('',#10623,POSITIVE_LENGTH_MEASURE(0.1),#10305);
#10623 = DRAUGHTING_PRE_DEFINED_CURVE_FONT('continuous');
#10624 = STYLED_ITEM('color',(#10625),#1348);
#10625 = PRESENTATION_STYLE_ASSIGNMENT((#10626,#10631));
#10626 = SURFACE_STYLE_USAGE(.BOTH.,#10627);
#10627 = SURFACE_SIDE_STYLE('',(#10628));
#10628 = SURFACE_STYLE_FILL_AREA(#10629);
#10629 = FILL_AREA_STYLE('',(#10630));
#10630 = FILL_AREA_STYLE_COLOUR('',#10305);
#10631 = CURVE_STYLE('',#10632,POSITIVE_LENGTH_MEASURE(0.1),#10305);
#10632 = DRAUGHTING_PRE_DEFINED_CURVE_FONT('continuous');
#10633 = STYLED_ITEM('color',(#10634),#1371);
#10634 = PRESENTATION_STYLE_ASSIGNMENT((#10635,#10640));
#10635 = SURFACE_STYLE_USAGE(.BOTH.,#10636);
#10636 = SURFACE_SIDE_STYLE('',(#10637));
#10637 = SURFACE_STYLE_FILL_AREA(#10638);
#10638 = FILL_AREA_STYLE('',(#10639));
#10639 = FILL_AREA_STYLE_COLOUR('',#10305);
#10640 = CURVE_STYLE('',#10641,POSITIVE_LENGTH_MEASURE(0.1),#10305);
#10641 = DRAUGHTING_PRE_DEFINED_CURVE_FONT('continuous');
#10642 = STYLED_ITEM('color',(#10643),#1394);
#10643 = PRESENTATION_STYLE_ASSIGNMENT((#10644,#10649));
#10644 = SURFACE_STYLE_USAGE(.BOTH.,#10645);
#10645 = SURFACE_SIDE_STYLE('',(#10646));
#10646 = SURFACE_STYLE_FILL_AREA(#10647);
#10647 = FILL_AREA_STYLE('',(#10648));
#10648 = FILL_AREA_STYLE_COLOUR('',#10305);
#10649 = CURVE_STYLE('',#10650,POSITIVE_LENGTH_MEASURE(0.1),#10305);
#10650 = DRAUGHTING_PRE_DEFINED_CURVE_FONT('continuous');
#10651 = STYLED_ITEM('color',(#10652),#1417);
#10652 = PRESENTATION_STYLE_ASSIGNMENT((#10653,#10658));
#10653 = SURFACE_STYLE_USAGE(.BOTH.,#10654);
#10654 = SURFACE_SIDE_STYLE('',(#10655));
#10655 = SURFACE_STYLE_FILL_AREA(#10656);
#10656 = FILL_AREA_STYLE('',(#10657));
#10657 = FILL_AREA_STYLE_COLOUR('',#10305);
#10658 = CURVE_STYLE('',#10659,POSITIVE_LENGTH_MEASURE(0.1),#10305);
#10659 = DRAUGHTING_PRE_DEFINED_CURVE_FONT('continuous');
#10660 = STYLED_ITEM('color',(#10661),#1504);
#10661 = PRESENTATION_STYLE_ASSIGNMENT((#10662,#10667));
#10662 = SURFACE_STYLE_USAGE(.BOTH.,#10663);
#10663 = SURFACE_SIDE_STYLE('',(#10664));
#10664 = SURFACE_STYLE_FILL_AREA(#10665);
#10665 = FILL_AREA_STYLE('',(#10666));
#10666 = FILL_AREA_STYLE_COLOUR('',#10432);
#10667 = CURVE_STYLE('',#10668,POSITIVE_LENGTH_MEASURE(0.1),#10432);
#10668 = DRAUGHTING_PRE_DEFINED_CURVE_FONT('continuous');
#10669 = STYLED_ITEM('color',(#10670),#1542);
#10670 = PRESENTATION_STYLE_ASSIGNMENT((#10671,#10676));
#10671 = SURFACE_STYLE_USAGE(.BOTH.,#10672);
#10672 = SURFACE_SIDE_STYLE('',(#10673));
#10673 = SURFACE_STYLE_FILL_AREA(#10674);
#10674 = FILL_AREA_STYLE('',(#10675));
#10675 = FILL_AREA_STYLE_COLOUR('',#10305);
#10676 = CURVE_STYLE('',#10677,POSITIVE_LENGTH_MEASURE(0.1),#10305);
#10677 = DRAUGHTING_PRE_DEFINED_CURVE_FONT('continuous');
#10678 = STYLED_ITEM('color',(#10679),#1591);
#10679 = PRESENTATION_STYLE_ASSIGNMENT((#10680,#10685));
#10680 = SURFACE_STYLE_USAGE(.BOTH.,#10681);
#10681 = SURFACE_SIDE_STYLE('',(#10682));
#10682 = SURFACE_STYLE_FILL_AREA(#10683);
#10683 = FILL_AREA_STYLE('',(#10684));
#10684 = FILL_AREA_STYLE_COLOUR('',#10432);
#10685 = CURVE_STYLE('',#10686,POSITIVE_LENGTH_MEASURE(0.1),#10432);
#10686 = DRAUGHTING_PRE_DEFINED_CURVE_FONT('continuous');
#10687 = STYLED_ITEM('color',(#10688),#1683);
#10688 = PRESENTATION_STYLE_ASSIGNMENT((#10689,#10694));
#10689 = SURFACE_STYLE_USAGE(.BOTH.,#10690);
#10690 = SURFACE_SIDE_STYLE('',(#10691));
#10691 = SURFACE_STYLE_FILL_AREA(#10692);
#10692 = FILL_AREA_STYLE('',(#10693));
#10693 = FILL_AREA_STYLE_COLOUR('',#10432);
#10694 = CURVE_STYLE('',#10695,POSITIVE_LENGTH_MEASURE(0.1),#10432);
#10695 = DRAUGHTING_PRE_DEFINED_CURVE_FONT('continuous');
#10696 = STYLED_ITEM('color',(#10697),#1708);
#10697 = PRESENTATION_STYLE_ASSIGNMENT((#10698,#10703));
#10698 = SURFACE_STYLE_USAGE(.BOTH.,#10699);
#10699 = SURFACE_SIDE_STYLE('',(#10700));
#10700 = SURFACE_STYLE_FILL_AREA(#10701);
#10701 = FILL_AREA_STYLE('',(#10702));
#10702 = FILL_AREA_STYLE_COLOUR('',#10432);
#10703 = CURVE_STYLE('',#10704,POSITIVE_LENGTH_MEASURE(0.1),#10432);
#10704 = DRAUGHTING_PRE_DEFINED_CURVE_FONT('continuous');
#10705 = STYLED_ITEM('color',(#10706),#1792);
#10706 = PRESENTATION_STYLE_ASSIGNMENT((#10707,#10712));
#10707 = SURFACE_STYLE_USAGE(.BOTH.,#10708);
#10708 = SURFACE_SIDE_STYLE('',(#10709));
#10709 = SURFACE_STYLE_FILL_AREA(#10710);
#10710 = FILL_AREA_STYLE('',(#10711));
#10711 = FILL_AREA_STYLE_COLOUR('',#10305);
#10712 = CURVE_STYLE('',#10713,POSITIVE_LENGTH_MEASURE(0.1),#10305);
#10713 = DRAUGHTING_PRE_DEFINED_CURVE_FONT('continuous');
#10714 = STYLED_ITEM('color',(#10715),#1814);
#10715 = PRESENTATION_STYLE_ASSIGNMENT((#10716,#10721));
#10716 = SURFACE_STYLE_USAGE(.BOTH.,#10717);
#10717 = SURFACE_SIDE_STYLE('',(#10718));
#10718 = SURFACE_STYLE_FILL_AREA(#10719);
#10719 = FILL_AREA_STYLE('',(#10720));
#10720 = FILL_AREA_STYLE_COLOUR('',#10432);
#10721 = CURVE_STYLE('',#10722,POSITIVE_LENGTH_MEASURE(0.1),#10432);
#10722 = DRAUGHTING_PRE_DEFINED_CURVE_FONT('continuous');
#10723 = STYLED_ITEM('color',(#10724),#1906);
#10724 = PRESENTATION_STYLE_ASSIGNMENT((#10725,#10730));
#10725 = SURFACE_STYLE_USAGE(.BOTH.,#10726);
#10726 = SURFACE_SIDE_STYLE('',(#10727));
#10727 = SURFACE_STYLE_FILL_AREA(#10728);
#10728 = FILL_AREA_STYLE('',(#10729));
#10729 = FILL_AREA_STYLE_COLOUR('',#10432);
#10730 = CURVE_STYLE('',#10731,POSITIVE_LENGTH_MEASURE(0.1),#10432);
#10731 = DRAUGHTING_PRE_DEFINED_CURVE_FONT('continuous');
#10732 = STYLED_ITEM('color',(#10733),#1931);
#10733 = PRESENTATION_STYLE_ASSIGNMENT((#10734,#10739));
#10734 = SURFACE_STYLE_USAGE(.BOTH.,#10735);
#10735 = SURFACE_SIDE_STYLE('',(#10736));
#10736 = SURFACE_STYLE_FILL_AREA(#10737);
#10737 = FILL_AREA_STYLE('',(#10738));
#10738 = FILL_AREA_STYLE_COLOUR('',#10432);
#10739 = CURVE_STYLE('',#10740,POSITIVE_LENGTH_MEASURE(0.1),#10432);
#10740 = DRAUGHTING_PRE_DEFINED_CURVE_FONT('continuous');
#10741 = STYLED_ITEM('color',(#10742),#2015);
#10742 = PRESENTATION_STYLE_ASSIGNMENT((#10743,#10748));
#10743 = SURFACE_STYLE_USAGE(.BOTH.,#10744);
#10744 = SURFACE_SIDE_STYLE('',(#10745));
#10745 = SURFACE_STYLE_FILL_AREA(#10746);
#10746 = FILL_AREA_STYLE('',(#10747));
#10747 = FILL_AREA_STYLE_COLOUR('',#10305);
#10748 = CURVE_STYLE('',#10749,POSITIVE_LENGTH_MEASURE(0.1),#10305);
#10749 = DRAUGHTING_PRE_DEFINED_CURVE_FONT('continuous');
#10750 = STYLED_ITEM('color',(#10751),#2037);
#10751 = PRESENTATION_STYLE_ASSIGNMENT((#10752,#10757));
#10752 = SURFACE_STYLE_USAGE(.BOTH.,#10753);
#10753 = SURFACE_SIDE_STYLE('',(#10754));
#10754 = SURFACE_STYLE_FILL_AREA(#10755);
#10755 = FILL_AREA_STYLE('',(#10756));
#10756 = FILL_AREA_STYLE_COLOUR('',#10432);
#10757 = CURVE_STYLE('',#10758,POSITIVE_LENGTH_MEASURE(0.1),#10432);
#10758 = DRAUGHTING_PRE_DEFINED_CURVE_FONT('continuous');
#10759 = STYLED_ITEM('color',(#10760),#2129);
#10760 = PRESENTATION_STYLE_ASSIGNMENT((#10761,#10766));
#10761 = SURFACE_STYLE_USAGE(.BOTH.,#10762);
#10762 = SURFACE_SIDE_STYLE('',(#10763));
#10763 = SURFACE_STYLE_FILL_AREA(#10764);
#10764 = FILL_AREA_STYLE('',(#10765));
#10765 = FILL_AREA_STYLE_COLOUR('',#10432);
#10766 = CURVE_STYLE('',#10767,POSITIVE_LENGTH_MEASURE(0.1),#10432);
#10767 = DRAUGHTING_PRE_DEFINED_CURVE_FONT('continuous');
#10768 = STYLED_ITEM('color',(#10769),#2154);
#10769 = PRESENTATION_STYLE_ASSIGNMENT((#10770,#10775));
#10770 = SURFACE_STYLE_USAGE(.BOTH.,#10771);
#10771 = SURFACE_SIDE_STYLE('',(#10772));
#10772 = SURFACE_STYLE_FILL_AREA(#10773);
#10773 = FILL_AREA_STYLE('',(#10774));
#10774 = FILL_AREA_STYLE_COLOUR('',#10432);
#10775 = CURVE_STYLE('',#10776,POSITIVE_LENGTH_MEASURE(0.1),#10432);
#10776 = DRAUGHTING_PRE_DEFINED_CURVE_FONT('continuous');
#10777 = STYLED_ITEM('color',(#10778),#2238);
#10778 = PRESENTATION_STYLE_ASSIGNMENT((#10779,#10784));
#10779 = SURFACE_STYLE_USAGE(.BOTH.,#10780);
#10780 = SURFACE_SIDE_STYLE('',(#10781));
#10781 = SURFACE_STYLE_FILL_AREA(#10782);
#10782 = FILL_AREA_STYLE('',(#10783));
#10783 = FILL_AREA_STYLE_COLOUR('',#10305);
#10784 = CURVE_STYLE('',#10785,POSITIVE_LENGTH_MEASURE(0.1),#10305);
#10785 = DRAUGHTING_PRE_DEFINED_CURVE_FONT('continuous');
#10786 = STYLED_ITEM('color',(#10787),#2255);
#10787 = PRESENTATION_STYLE_ASSIGNMENT((#10788,#10793));
#10788 = SURFACE_STYLE_USAGE(.BOTH.,#10789);
#10789 = SURFACE_SIDE_STYLE('',(#10790));
#10790 = SURFACE_STYLE_FILL_AREA(#10791);
#10791 = FILL_AREA_STYLE('',(#10792));
#10792 = FILL_AREA_STYLE_COLOUR('',#10432);
#10793 = CURVE_STYLE('',#10794,POSITIVE_LENGTH_MEASURE(0.1),#10432);
#10794 = DRAUGHTING_PRE_DEFINED_CURVE_FONT('continuous');
#10795 = STYLED_ITEM('color',(#10796),#2340);
#10796 = PRESENTATION_STYLE_ASSIGNMENT((#10797,#10802));
#10797 = SURFACE_STYLE_USAGE(.BOTH.,#10798);
#10798 = SURFACE_SIDE_STYLE('',(#10799));
#10799 = SURFACE_STYLE_FILL_AREA(#10800);
#10800 = FILL_AREA_STYLE('',(#10801));
#10801 = FILL_AREA_STYLE_COLOUR('',#10432);
#10802 = CURVE_STYLE('',#10803,POSITIVE_LENGTH_MEASURE(0.1),#10432);
#10803 = DRAUGHTING_PRE_DEFINED_CURVE_FONT('continuous');
#10804 = STYLED_ITEM('color',(#10805),#2365);
#10805 = PRESENTATION_STYLE_ASSIGNMENT((#10806,#10811));
#10806 = SURFACE_STYLE_USAGE(.BOTH.,#10807);
#10807 = SURFACE_SIDE_STYLE('',(#10808));
#10808 = SURFACE_STYLE_FILL_AREA(#10809);
#10809 = FILL_AREA_STYLE('',(#10810));
#10810 = FILL_AREA_STYLE_COLOUR('',#10432);
#10811 = CURVE_STYLE('',#10812,POSITIVE_LENGTH_MEASURE(0.1),#10432);
#10812 = DRAUGHTING_PRE_DEFINED_CURVE_FONT('continuous');
#10813 = STYLED_ITEM('color',(#10814),#2442);
#10814 = PRESENTATION_STYLE_ASSIGNMENT((#10815,#10820));
#10815 = SURFACE_STYLE_USAGE(.BOTH.,#10816);
#10816 = SURFACE_SIDE_STYLE('',(#10817));
#10817 = SURFACE_STYLE_FILL_AREA(#10818);
#10818 = FILL_AREA_STYLE('',(#10819));
#10819 = FILL_AREA_STYLE_COLOUR('',#10432);
#10820 = CURVE_STYLE('',#10821,POSITIVE_LENGTH_MEASURE(0.1),#10432);
#10821 = DRAUGHTING_PRE_DEFINED_CURVE_FONT('continuous');
#10822 = STYLED_ITEM('color',(#10823),#2527);
#10823 = PRESENTATION_STYLE_ASSIGNMENT((#10824,#10829));
#10824 = SURFACE_STYLE_USAGE(.BOTH.,#10825);
#10825 = SURFACE_SIDE_STYLE('',(#10826));
#10826 = SURFACE_STYLE_FILL_AREA(#10827);
#10827 = FILL_AREA_STYLE('',(#10828));
#10828 = FILL_AREA_STYLE_COLOUR('',#10432);
#10829 = CURVE_STYLE('',#10830,POSITIVE_LENGTH_MEASURE(0.1),#10432);
#10830 = DRAUGHTING_PRE_DEFINED_CURVE_FONT('continuous');
#10831 = STYLED_ITEM('color',(#10832),#2552);
#10832 = PRESENTATION_STYLE_ASSIGNMENT((#10833,#10838));
#10833 = SURFACE_STYLE_USAGE(.BOTH.,#10834);
#10834 = SURFACE_SIDE_STYLE('',(#10835));
#10835 = SURFACE_STYLE_FILL_AREA(#10836);
#10836 = FILL_AREA_STYLE('',(#10837));
#10837 = FILL_AREA_STYLE_COLOUR('',#10432);
#10838 = CURVE_STYLE('',#10839,POSITIVE_LENGTH_MEASURE(0.1),#10432);
#10839 = DRAUGHTING_PRE_DEFINED_CURVE_FONT('continuous');
#10840 = STYLED_ITEM('color',(#10841),#2629);
#10841 = PRESENTATION_STYLE_ASSIGNMENT((#10842,#10847));
#10842 = SURFACE_STYLE_USAGE(.BOTH.,#10843);
#10843 = SURFACE_SIDE_STYLE('',(#10844));
#10844 = SURFACE_STYLE_FILL_AREA(#10845);
#10845 = FILL_AREA_STYLE('',(#10846));
#10846 = FILL_AREA_STYLE_COLOUR('',#10305);
#10847 = CURVE_STYLE('',#10848,POSITIVE_LENGTH_MEASURE(0.1),#10305);
#10848 = DRAUGHTING_PRE_DEFINED_CURVE_FONT('continuous');
#10849 = STYLED_ITEM('color',(#10850),#2646);
#10850 = PRESENTATION_STYLE_ASSIGNMENT((#10851,#10856));
#10851 = SURFACE_STYLE_USAGE(.BOTH.,#10852);
#10852 = SURFACE_SIDE_STYLE('',(#10853));
#10853 = SURFACE_STYLE_FILL_AREA(#10854);
#10854 = FILL_AREA_STYLE('',(#10855));
#10855 = FILL_AREA_STYLE_COLOUR('',#10432);
#10856 = CURVE_STYLE('',#10857,POSITIVE_LENGTH_MEASURE(0.1),#10432);
#10857 = DRAUGHTING_PRE_DEFINED_CURVE_FONT('continuous');
#10858 = STYLED_ITEM('color',(#10859),#2738);
#10859 = PRESENTATION_STYLE_ASSIGNMENT((#10860,#10865));
#10860 = SURFACE_STYLE_USAGE(.BOTH.,#10861);
#10861 = SURFACE_SIDE_STYLE('',(#10862));
#10862 = SURFACE_STYLE_FILL_AREA(#10863);
#10863 = FILL_AREA_STYLE('',(#10864));
#10864 = FILL_AREA_STYLE_COLOUR('',#10432);
#10865 = CURVE_STYLE('',#10866,POSITIVE_LENGTH_MEASURE(0.1),#10432);
#10866 = DRAUGHTING_PRE_DEFINED_CURVE_FONT('continuous');
#10867 = STYLED_ITEM('color',(#10868),#2763);
#10868 = PRESENTATION_STYLE_ASSIGNMENT((#10869,#10874));
#10869 = SURFACE_STYLE_USAGE(.BOTH.,#10870);
#10870 = SURFACE_SIDE_STYLE('',(#10871));
#10871 = SURFACE_STYLE_FILL_AREA(#10872);
#10872 = FILL_AREA_STYLE('',(#10873));
#10873 = FILL_AREA_STYLE_COLOUR('',#10432);
#10874 = CURVE_STYLE('',#10875,POSITIVE_LENGTH_MEASURE(0.1),#10432);
#10875 = DRAUGHTING_PRE_DEFINED_CURVE_FONT('continuous');
#10876 = STYLED_ITEM('color',(#10877),#2847);
#10877 = PRESENTATION_STYLE_ASSIGNMENT((#10878,#10883));
#10878 = SURFACE_STYLE_USAGE(.BOTH.,#10879);
#10879 = SURFACE_SIDE_STYLE('',(#10880));
#10880 = SURFACE_STYLE_FILL_AREA(#10881);
#10881 = FILL_AREA_STYLE('',(#10882));
#10882 = FILL_AREA_STYLE_COLOUR('',#10305);
#10883 = CURVE_STYLE('',#10884,POSITIVE_LENGTH_MEASURE(0.1),#10305);
#10884 = DRAUGHTING_PRE_DEFINED_CURVE_FONT('continuous');
#10885 = STYLED_ITEM('color',(#10886),#2869);
#10886 = PRESENTATION_STYLE_ASSIGNMENT((#10887,#10892));
#10887 = SURFACE_STYLE_USAGE(.BOTH.,#10888);
#10888 = SURFACE_SIDE_STYLE('',(#10889));
#10889 = SURFACE_STYLE_FILL_AREA(#10890);
#10890 = FILL_AREA_STYLE('',(#10891));
#10891 = FILL_AREA_STYLE_COLOUR('',#10432);
#10892 = CURVE_STYLE('',#10893,POSITIVE_LENGTH_MEASURE(0.1),#10432);
#10893 = DRAUGHTING_PRE_DEFINED_CURVE_FONT('continuous');
#10894 = STYLED_ITEM('color',(#10895),#2961);
#10895 = PRESENTATION_STYLE_ASSIGNMENT((#10896,#10901));
#10896 = SURFACE_STYLE_USAGE(.BOTH.,#10897);
#10897 = SURFACE_SIDE_STYLE('',(#10898));
#10898 = SURFACE_STYLE_FILL_AREA(#10899);
#10899 = FILL_AREA_STYLE('',(#10900));
#10900 = FILL_AREA_STYLE_COLOUR('',#10432);
#10901 = CURVE_STYLE('',#10902,POSITIVE_LENGTH_MEASURE(0.1),#10432);
#10902 = DRAUGHTING_PRE_DEFINED_CURVE_FONT('continuous');
#10903 = STYLED_ITEM('color',(#10904),#2986);
#10904 = PRESENTATION_STYLE_ASSIGNMENT((#10905,#10910));
#10905 = SURFACE_STYLE_USAGE(.BOTH.,#10906);
#10906 = SURFACE_SIDE_STYLE('',(#10907));
#10907 = SURFACE_STYLE_FILL_AREA(#10908);
#10908 = FILL_AREA_STYLE('',(#10909));
#10909 = FILL_AREA_STYLE_COLOUR('',#10432);
#10910 = CURVE_STYLE('',#10911,POSITIVE_LENGTH_MEASURE(0.1),#10432);
#10911 = DRAUGHTING_PRE_DEFINED_CURVE_FONT('continuous');
#10912 = STYLED_ITEM('color',(#10913),#3070);
#10913 = PRESENTATION_STYLE_ASSIGNMENT((#10914,#10919));
#10914 = SURFACE_STYLE_USAGE(.BOTH.,#10915);
#10915 = SURFACE_SIDE_STYLE('',(#10916));
#10916 = SURFACE_STYLE_FILL_AREA(#10917);
#10917 = FILL_AREA_STYLE('',(#10918));
#10918 = FILL_AREA_STYLE_COLOUR('',#10305);
#10919 = CURVE_STYLE('',#10920,POSITIVE_LENGTH_MEASURE(0.1),#10305);
#10920 = DRAUGHTING_PRE_DEFINED_CURVE_FONT('continuous');
#10921 = STYLED_ITEM('color',(#10922),#3092);
#10922 = PRESENTATION_STYLE_ASSIGNMENT((#10923,#10928));
#10923 = SURFACE_STYLE_USAGE(.BOTH.,#10924);
#10924 = SURFACE_SIDE_STYLE('',(#10925));
#10925 = SURFACE_STYLE_FILL_AREA(#10926);
#10926 = FILL_AREA_STYLE('',(#10927));
#10927 = FILL_AREA_STYLE_COLOUR('',#10432);
#10928 = CURVE_STYLE('',#10929,POSITIVE_LENGTH_MEASURE(0.1),#10432);
#10929 = DRAUGHTING_PRE_DEFINED_CURVE_FONT('continuous');
#10930 = STYLED_ITEM('color',(#10931),#3184);
#10931 = PRESENTATION_STYLE_ASSIGNMENT((#10932,#10937));
#10932 = SURFACE_STYLE_USAGE(.BOTH.,#10933);
#10933 = SURFACE_SIDE_STYLE('',(#10934));
#10934 = SURFACE_STYLE_FILL_AREA(#10935);
#10935 = FILL_AREA_STYLE('',(#10936));
#10936 = FILL_AREA_STYLE_COLOUR('',#10432);
#10937 = CURVE_STYLE('',#10938,POSITIVE_LENGTH_MEASURE(0.1),#10432);
#10938 = DRAUGHTING_PRE_DEFINED_CURVE_FONT('continuous');
#10939 = STYLED_ITEM('color',(#10940),#3209);
#10940 = PRESENTATION_STYLE_ASSIGNMENT((#10941,#10946));
#10941 = SURFACE_STYLE_USAGE(.BOTH.,#10942);
#10942 = SURFACE_SIDE_STYLE('',(#10943));
#10943 = SURFACE_STYLE_FILL_AREA(#10944);
#10944 = FILL_AREA_STYLE('',(#10945));
#10945 = FILL_AREA_STYLE_COLOUR('',#10432);
#10946 = CURVE_STYLE('',#10947,POSITIVE_LENGTH_MEASURE(0.1),#10432);
#10947 = DRAUGHTING_PRE_DEFINED_CURVE_FONT('continuous');
#10948 = STYLED_ITEM('color',(#10949),#3293);
#10949 = PRESENTATION_STYLE_ASSIGNMENT((#10950,#10955));
#10950 = SURFACE_STYLE_USAGE(.BOTH.,#10951);
#10951 = SURFACE_SIDE_STYLE('',(#10952));
#10952 = SURFACE_STYLE_FILL_AREA(#10953);
#10953 = FILL_AREA_STYLE('',(#10954));
#10954 = FILL_AREA_STYLE_COLOUR('',#10432);
#10955 = CURVE_STYLE('',#10956,POSITIVE_LENGTH_MEASURE(0.1),#10432);
#10956 = DRAUGHTING_PRE_DEFINED_CURVE_FONT('continuous');
#10957 = STYLED_ITEM('color',(#10958),#3310);
#10958 = PRESENTATION_STYLE_ASSIGNMENT((#10959,#10964));
#10959 = SURFACE_STYLE_USAGE(.BOTH.,#10960);
#10960 = SURFACE_SIDE_STYLE('',(#10961));
#10961 = SURFACE_STYLE_FILL_AREA(#10962);
#10962 = FILL_AREA_STYLE('',(#10963));
#10963 = FILL_AREA_STYLE_COLOUR('',#10432);
#10964 = CURVE_STYLE('',#10965,POSITIVE_LENGTH_MEASURE(0.1),#10432);
#10965 = DRAUGHTING_PRE_DEFINED_CURVE_FONT('continuous');
#10966 = STYLED_ITEM('color',(#10967),#3329);
#10967 = PRESENTATION_STYLE_ASSIGNMENT((#10968,#10973));
#10968 = SURFACE_STYLE_USAGE(.BOTH.,#10969);
#10969 = SURFACE_SIDE_STYLE('',(#10970));
#10970 = SURFACE_STYLE_FILL_AREA(#10971);
#10971 = FILL_AREA_STYLE('',(#10972));
#10972 = FILL_AREA_STYLE_COLOUR('',#10432);
#10973 = CURVE_STYLE('',#10974,POSITIVE_LENGTH_MEASURE(0.1),#10432);
#10974 = DRAUGHTING_PRE_DEFINED_CURVE_FONT('continuous');
#10975 = STYLED_ITEM('color',(#10976),#3348);
#10976 = PRESENTATION_STYLE_ASSIGNMENT((#10977,#10982));
#10977 = SURFACE_STYLE_USAGE(.BOTH.,#10978);
#10978 = SURFACE_SIDE_STYLE('',(#10979));
#10979 = SURFACE_STYLE_FILL_AREA(#10980);
#10980 = FILL_AREA_STYLE('',(#10981));
#10981 = FILL_AREA_STYLE_COLOUR('',#10432);
#10982 = CURVE_STYLE('',#10983,POSITIVE_LENGTH_MEASURE(0.1),#10432);
#10983 = DRAUGHTING_PRE_DEFINED_CURVE_FONT('continuous');
#10984 = STYLED_ITEM('color',(#10985),#3367);
#10985 = PRESENTATION_STYLE_ASSIGNMENT((#10986,#10991));
#10986 = SURFACE_STYLE_USAGE(.BOTH.,#10987);
#10987 = SURFACE_SIDE_STYLE('',(#10988));
#10988 = SURFACE_STYLE_FILL_AREA(#10989);
#10989 = FILL_AREA_STYLE('',(#10990));
#10990 = FILL_AREA_STYLE_COLOUR('',#10305);
#10991 = CURVE_STYLE('',#10992,POSITIVE_LENGTH_MEASURE(0.1),#10305);
#10992 = DRAUGHTING_PRE_DEFINED_CURVE_FONT('continuous');
#10993 = STYLED_ITEM('color',(#10994),#3413);
#10994 = PRESENTATION_STYLE_ASSIGNMENT((#10995,#11000));
#10995 = SURFACE_STYLE_USAGE(.BOTH.,#10996);
#10996 = SURFACE_SIDE_STYLE('',(#10997));
#10997 = SURFACE_STYLE_FILL_AREA(#10998);
#10998 = FILL_AREA_STYLE('',(#10999));
#10999 = FILL_AREA_STYLE_COLOUR('',#10305);
#11000 = CURVE_STYLE('',#11001,POSITIVE_LENGTH_MEASURE(0.1),#10305);
#11001 = DRAUGHTING_PRE_DEFINED_CURVE_FONT('continuous');
#11002 = STYLED_ITEM('color',(#11003),#3429);
#11003 = PRESENTATION_STYLE_ASSIGNMENT((#11004,#11009));
#11004 = SURFACE_STYLE_USAGE(.BOTH.,#11005);
#11005 = SURFACE_SIDE_STYLE('',(#11006));
#11006 = SURFACE_STYLE_FILL_AREA(#11007);
#11007 = FILL_AREA_STYLE('',(#11008));
#11008 = FILL_AREA_STYLE_COLOUR('',#10432);
#11009 = CURVE_STYLE('',#11010,POSITIVE_LENGTH_MEASURE(0.1),#10432);
#11010 = DRAUGHTING_PRE_DEFINED_CURVE_FONT('continuous');
#11011 = STYLED_ITEM('color',(#11012),#3448);
#11012 = PRESENTATION_STYLE_ASSIGNMENT((#11013,#11018));
#11013 = SURFACE_STYLE_USAGE(.BOTH.,#11014);
#11014 = SURFACE_SIDE_STYLE('',(#11015));
#11015 = SURFACE_STYLE_FILL_AREA(#11016);
#11016 = FILL_AREA_STYLE('',(#11017));
#11017 = FILL_AREA_STYLE_COLOUR('',#10432);
#11018 = CURVE_STYLE('',#11019,POSITIVE_LENGTH_MEASURE(0.1),#10432);
#11019 = DRAUGHTING_PRE_DEFINED_CURVE_FONT('continuous');
#11020 = STYLED_ITEM('color',(#11021),#3467);
#11021 = PRESENTATION_STYLE_ASSIGNMENT((#11022,#11027));
#11022 = SURFACE_STYLE_USAGE(.BOTH.,#11023);
#11023 = SURFACE_SIDE_STYLE('',(#11024));
#11024 = SURFACE_STYLE_FILL_AREA(#11025);
#11025 = FILL_AREA_STYLE('',(#11026));
#11026 = FILL_AREA_STYLE_COLOUR('',#10432);
#11027 = CURVE_STYLE('',#11028,POSITIVE_LENGTH_MEASURE(0.1),#10432);
#11028 = DRAUGHTING_PRE_DEFINED_CURVE_FONT('continuous');
#11029 = STYLED_ITEM('color',(#11030),#3486);
#11030 = PRESENTATION_STYLE_ASSIGNMENT((#11031,#11036));
#11031 = SURFACE_STYLE_USAGE(.BOTH.,#11032);
#11032 = SURFACE_SIDE_STYLE('',(#11033));
#11033 = SURFACE_STYLE_FILL_AREA(#11034);
#11034 = FILL_AREA_STYLE('',(#11035));
#11035 = FILL_AREA_STYLE_COLOUR('',#10305);
#11036 = CURVE_STYLE('',#11037,POSITIVE_LENGTH_MEASURE(0.1),#10305);
#11037 = DRAUGHTING_PRE_DEFINED_CURVE_FONT('continuous');
#11038 = STYLED_ITEM('color',(#11039),#3502);
#11039 = PRESENTATION_STYLE_ASSIGNMENT((#11040,#11045));
#11040 = SURFACE_STYLE_USAGE(.BOTH.,#11041);
#11041 = SURFACE_SIDE_STYLE('',(#11042));
#11042 = SURFACE_STYLE_FILL_AREA(#11043);
#11043 = FILL_AREA_STYLE('',(#11044));
#11044 = FILL_AREA_STYLE_COLOUR('',#10432);
#11045 = CURVE_STYLE('',#11046,POSITIVE_LENGTH_MEASURE(0.1),#10432);
#11046 = DRAUGHTING_PRE_DEFINED_CURVE_FONT('continuous');
#11047 = STYLED_ITEM('color',(#11048),#3519);
#11048 = PRESENTATION_STYLE_ASSIGNMENT((#11049,#11054));
#11049 = SURFACE_STYLE_USAGE(.BOTH.,#11050);
#11050 = SURFACE_SIDE_STYLE('',(#11051));
#11051 = SURFACE_STYLE_FILL_AREA(#11052);
#11052 = FILL_AREA_STYLE('',(#11053));
#11053 = FILL_AREA_STYLE_COLOUR('',#10305);
#11054 = CURVE_STYLE('',#11055,POSITIVE_LENGTH_MEASURE(0.1),#10305);
#11055 = DRAUGHTING_PRE_DEFINED_CURVE_FONT('continuous');
#11056 = STYLED_ITEM('color',(#11057),#3531);
#11057 = PRESENTATION_STYLE_ASSIGNMENT((#11058,#11063));
#11058 = SURFACE_STYLE_USAGE(.BOTH.,#11059);
#11059 = SURFACE_SIDE_STYLE('',(#11060));
#11060 = SURFACE_STYLE_FILL_AREA(#11061);
#11061 = FILL_AREA_STYLE('',(#11062));
#11062 = FILL_AREA_STYLE_COLOUR('',#10432);
#11063 = CURVE_STYLE('',#11064,POSITIVE_LENGTH_MEASURE(0.1),#10432);
#11064 = DRAUGHTING_PRE_DEFINED_CURVE_FONT('continuous');
#11065 = STYLED_ITEM('color',(#11066),#3548);
#11066 = PRESENTATION_STYLE_ASSIGNMENT((#11067,#11072));
#11067 = SURFACE_STYLE_USAGE(.BOTH.,#11068);
#11068 = SURFACE_SIDE_STYLE('',(#11069));
#11069 = SURFACE_STYLE_FILL_AREA(#11070);
#11070 = FILL_AREA_STYLE('',(#11071));
#11071 = FILL_AREA_STYLE_COLOUR('',#10432);
#11072 = CURVE_STYLE('',#11073,POSITIVE_LENGTH_MEASURE(0.1),#10432);
#11073 = DRAUGHTING_PRE_DEFINED_CURVE_FONT('continuous');
#11074 = STYLED_ITEM('color',(#11075),#3565);
#11075 = PRESENTATION_STYLE_ASSIGNMENT((#11076,#11081));
#11076 = SURFACE_STYLE_USAGE(.BOTH.,#11077);
#11077 = SURFACE_SIDE_STYLE('',(#11078));
#11078 = SURFACE_STYLE_FILL_AREA(#11079);
#11079 = FILL_AREA_STYLE('',(#11080));
#11080 = FILL_AREA_STYLE_COLOUR('',#10432);
#11081 = CURVE_STYLE('',#11082,POSITIVE_LENGTH_MEASURE(0.1),#10432);
#11082 = DRAUGHTING_PRE_DEFINED_CURVE_FONT('continuous');
#11083 = STYLED_ITEM('color',(#11084),#3582);
#11084 = PRESENTATION_STYLE_ASSIGNMENT((#11085,#11090));
#11085 = SURFACE_STYLE_USAGE(.BOTH.,#11086);
#11086 = SURFACE_SIDE_STYLE('',(#11087));
#11087 = SURFACE_STYLE_FILL_AREA(#11088);
#11088 = FILL_AREA_STYLE('',(#11089));
#11089 = FILL_AREA_STYLE_COLOUR('',#10432);
#11090 = CURVE_STYLE('',#11091,POSITIVE_LENGTH_MEASURE(0.1),#10432);
#11091 = DRAUGHTING_PRE_DEFINED_CURVE_FONT('continuous');
#11092 = STYLED_ITEM('color',(#11093),#3599);
#11093 = PRESENTATION_STYLE_ASSIGNMENT((#11094,#11099));
#11094 = SURFACE_STYLE_USAGE(.BOTH.,#11095);
#11095 = SURFACE_SIDE_STYLE('',(#11096));
#11096 = SURFACE_STYLE_FILL_AREA(#11097);
#11097 = FILL_AREA_STYLE('',(#11098));
#11098 = FILL_AREA_STYLE_COLOUR('',#10432);
#11099 = CURVE_STYLE('',#11100,POSITIVE_LENGTH_MEASURE(0.1),#10432);
#11100 = DRAUGHTING_PRE_DEFINED_CURVE_FONT('continuous');
#11101 = STYLED_ITEM('color',(#11102),#3616);
#11102 = PRESENTATION_STYLE_ASSIGNMENT((#11103,#11108));
#11103 = SURFACE_STYLE_USAGE(.BOTH.,#11104);
#11104 = SURFACE_SIDE_STYLE('',(#11105));
#11105 = SURFACE_STYLE_FILL_AREA(#11106);
#11106 = FILL_AREA_STYLE('',(#11107));
#11107 = FILL_AREA_STYLE_COLOUR('',#10432);
#11108 = CURVE_STYLE('',#11109,POSITIVE_LENGTH_MEASURE(0.1),#10432);
#11109 = DRAUGHTING_PRE_DEFINED_CURVE_FONT('continuous');
#11110 = STYLED_ITEM('color',(#11111),#3633);
#11111 = PRESENTATION_STYLE_ASSIGNMENT((#11112,#11117));
#11112 = SURFACE_STYLE_USAGE(.BOTH.,#11113);
#11113 = SURFACE_SIDE_STYLE('',(#11114));
#11114 = SURFACE_STYLE_FILL_AREA(#11115);
#11115 = FILL_AREA_STYLE('',(#11116));
#11116 = FILL_AREA_STYLE_COLOUR('',#10432);
#11117 = CURVE_STYLE('',#11118,POSITIVE_LENGTH_MEASURE(0.1),#10432);
#11118 = DRAUGHTING_PRE_DEFINED_CURVE_FONT('continuous');
#11119 = STYLED_ITEM('color',(#11120),#3650);
#11120 = PRESENTATION_STYLE_ASSIGNMENT((#11121,#11126));
#11121 = SURFACE_STYLE_USAGE(.BOTH.,#11122);
#11122 = SURFACE_SIDE_STYLE('',(#11123));
#11123 = SURFACE_STYLE_FILL_AREA(#11124);
#11124 = FILL_AREA_STYLE('',(#11125));
#11125 = FILL_AREA_STYLE_COLOUR('',#10432);
#11126 = CURVE_STYLE('',#11127,POSITIVE_LENGTH_MEASURE(0.1),#10432);
#11127 = DRAUGHTING_PRE_DEFINED_CURVE_FONT('continuous');
#11128 = STYLED_ITEM('color',(#11129),#3662);
#11129 = PRESENTATION_STYLE_ASSIGNMENT((#11130,#11135));
#11130 = SURFACE_STYLE_USAGE(.BOTH.,#11131);
#11131 = SURFACE_SIDE_STYLE('',(#11132));
#11132 = SURFACE_STYLE_FILL_AREA(#11133);
#11133 = FILL_AREA_STYLE('',(#11134));
#11134 = FILL_AREA_STYLE_COLOUR('',#10432);
#11135 = CURVE_STYLE('',#11136,POSITIVE_LENGTH_MEASURE(0.1),#10432);
#11136 = DRAUGHTING_PRE_DEFINED_CURVE_FONT('continuous');
#11137 = STYLED_ITEM('color',(#11138),#3679);
#11138 = PRESENTATION_STYLE_ASSIGNMENT((#11139,#11144));
#11139 = SURFACE_STYLE_USAGE(.BOTH.,#11140);
#11140 = SURFACE_SIDE_STYLE('',(#11141));
#11141 = SURFACE_STYLE_FILL_AREA(#11142);
#11142 = FILL_AREA_STYLE('',(#11143));
#11143 = FILL_AREA_STYLE_COLOUR('',#10432);
#11144 = CURVE_STYLE('',#11145,POSITIVE_LENGTH_MEASURE(0.1),#10432);
#11145 = DRAUGHTING_PRE_DEFINED_CURVE_FONT('continuous');
#11146 = STYLED_ITEM('color',(#11147),#3696);
#11147 = PRESENTATION_STYLE_ASSIGNMENT((#11148,#11153));
#11148 = SURFACE_STYLE_USAGE(.BOTH.,#11149);
#11149 = SURFACE_SIDE_STYLE('',(#11150));
#11150 = SURFACE_STYLE_FILL_AREA(#11151);
#11151 = FILL_AREA_STYLE('',(#11152));
#11152 = FILL_AREA_STYLE_COLOUR('',#10432);
#11153 = CURVE_STYLE('',#11154,POSITIVE_LENGTH_MEASURE(0.1),#10432);
#11154 = DRAUGHTING_PRE_DEFINED_CURVE_FONT('continuous');
#11155 = STYLED_ITEM('color',(#11156),#3713);
#11156 = PRESENTATION_STYLE_ASSIGNMENT((#11157,#11162));
#11157 = SURFACE_STYLE_USAGE(.BOTH.,#11158);
#11158 = SURFACE_SIDE_STYLE('',(#11159));
#11159 = SURFACE_STYLE_FILL_AREA(#11160);
#11160 = FILL_AREA_STYLE('',(#11161));
#11161 = FILL_AREA_STYLE_COLOUR('',#10432);
#11162 = CURVE_STYLE('',#11163,POSITIVE_LENGTH_MEASURE(0.1),#10432);
#11163 = DRAUGHTING_PRE_DEFINED_CURVE_FONT('continuous');
#11164 = STYLED_ITEM('color',(#11165),#3730);
#11165 = PRESENTATION_STYLE_ASSIGNMENT((#11166,#11171));
#11166 = SURFACE_STYLE_USAGE(.BOTH.,#11167);
#11167 = SURFACE_SIDE_STYLE('',(#11168));
#11168 = SURFACE_STYLE_FILL_AREA(#11169);
#11169 = FILL_AREA_STYLE('',(#11170));
#11170 = FILL_AREA_STYLE_COLOUR('',#10432);
#11171 = CURVE_STYLE('',#11172,POSITIVE_LENGTH_MEASURE(0.1),#10432);
#11172 = DRAUGHTING_PRE_DEFINED_CURVE_FONT('continuous');
#11173 = STYLED_ITEM('color',(#11174),#3747);
#11174 = PRESENTATION_STYLE_ASSIGNMENT((#11175,#11180));
#11175 = SURFACE_STYLE_USAGE(.BOTH.,#11176);
#11176 = SURFACE_SIDE_STYLE('',(#11177));
#11177 = SURFACE_STYLE_FILL_AREA(#11178);
#11178 = FILL_AREA_STYLE('',(#11179));
#11179 = FILL_AREA_STYLE_COLOUR('',#10432);
#11180 = CURVE_STYLE('',#11181,POSITIVE_LENGTH_MEASURE(0.1),#10432);
#11181 = DRAUGHTING_PRE_DEFINED_CURVE_FONT('continuous');
#11182 = STYLED_ITEM('color',(#11183),#3764);
#11183 = PRESENTATION_STYLE_ASSIGNMENT((#11184,#11189));
#11184 = SURFACE_STYLE_USAGE(.BOTH.,#11185);
#11185 = SURFACE_SIDE_STYLE('',(#11186));
#11186 = SURFACE_STYLE_FILL_AREA(#11187);
#11187 = FILL_AREA_STYLE('',(#11188));
#11188 = FILL_AREA_STYLE_COLOUR('',#10432);
#11189 = CURVE_STYLE('',#11190,POSITIVE_LENGTH_MEASURE(0.1),#10432);
#11190 = DRAUGHTING_PRE_DEFINED_CURVE_FONT('continuous');
#11191 = STYLED_ITEM('color',(#11192),#3781);
#11192 = PRESENTATION_STYLE_ASSIGNMENT((#11193,#11198));
#11193 = SURFACE_STYLE_USAGE(.BOTH.,#11194);
#11194 = SURFACE_SIDE_STYLE('',(#11195));
#11195 = SURFACE_STYLE_FILL_AREA(#11196);
#11196 = FILL_AREA_STYLE('',(#11197));
#11197 = FILL_AREA_STYLE_COLOUR('',#10432);
#11198 = CURVE_STYLE('',#11199,POSITIVE_LENGTH_MEASURE(0.1),#10432);
#11199 = DRAUGHTING_PRE_DEFINED_CURVE_FONT('continuous');
#11200 = STYLED_ITEM('color',(#11201),#3793);
#11201 = PRESENTATION_STYLE_ASSIGNMENT((#11202,#11207));
#11202 = SURFACE_STYLE_USAGE(.BOTH.,#11203);
#11203 = SURFACE_SIDE_STYLE('',(#11204));
#11204 = SURFACE_STYLE_FILL_AREA(#11205);
#11205 = FILL_AREA_STYLE('',(#11206));
#11206 = FILL_AREA_STYLE_COLOUR('',#10432);
#11207 = CURVE_STYLE('',#11208,POSITIVE_LENGTH_MEASURE(0.1),#10432);
#11208 = DRAUGHTING_PRE_DEFINED_CURVE_FONT('continuous');
#11209 = STYLED_ITEM('color',(#11210),#3810);
#11210 = PRESENTATION_STYLE_ASSIGNMENT((#11211,#11216));
#11211 = SURFACE_STYLE_USAGE(.BOTH.,#11212);
#11212 = SURFACE_SIDE_STYLE('',(#11213));
#11213 = SURFACE_STYLE_FILL_AREA(#11214);
#11214 = FILL_AREA_STYLE('',(#11215));
#11215 = FILL_AREA_STYLE_COLOUR('',#10432);
#11216 = CURVE_STYLE('',#11217,POSITIVE_LENGTH_MEASURE(0.1),#10432);
#11217 = DRAUGHTING_PRE_DEFINED_CURVE_FONT('continuous');
#11218 = STYLED_ITEM('color',(#11219),#3827);
#11219 = PRESENTATION_STYLE_ASSIGNMENT((#11220,#11225));
#11220 = SURFACE_STYLE_USAGE(.BOTH.,#11221);
#11221 = SURFACE_SIDE_STYLE('',(#11222));
#11222 = SURFACE_STYLE_FILL_AREA(#11223);
#11223 = FILL_AREA_STYLE('',(#11224));
#11224 = FILL_AREA_STYLE_COLOUR('',#10432);
#11225 = CURVE_STYLE('',#11226,POSITIVE_LENGTH_MEASURE(0.1),#10432);
#11226 = DRAUGHTING_PRE_DEFINED_CURVE_FONT('continuous');
#11227 = STYLED_ITEM('color',(#11228),#3844);
#11228 = PRESENTATION_STYLE_ASSIGNMENT((#11229,#11234));
#11229 = SURFACE_STYLE_USAGE(.BOTH.,#11230);
#11230 = SURFACE_SIDE_STYLE('',(#11231));
#11231 = SURFACE_STYLE_FILL_AREA(#11232);
#11232 = FILL_AREA_STYLE('',(#11233));
#11233 = FILL_AREA_STYLE_COLOUR('',#10432);
#11234 = CURVE_STYLE('',#11235,POSITIVE_LENGTH_MEASURE(0.1),#10432);
#11235 = DRAUGHTING_PRE_DEFINED_CURVE_FONT('continuous');
#11236 = STYLED_ITEM('color',(#11237),#3861);
#11237 = PRESENTATION_STYLE_ASSIGNMENT((#11238,#11243));
#11238 = SURFACE_STYLE_USAGE(.BOTH.,#11239);
#11239 = SURFACE_SIDE_STYLE('',(#11240));
#11240 = SURFACE_STYLE_FILL_AREA(#11241);
#11241 = FILL_AREA_STYLE('',(#11242));
#11242 = FILL_AREA_STYLE_COLOUR('',#10432);
#11243 = CURVE_STYLE('',#11244,POSITIVE_LENGTH_MEASURE(0.1),#10432);
#11244 = DRAUGHTING_PRE_DEFINED_CURVE_FONT('continuous');
#11245 = STYLED_ITEM('color',(#11246),#3878);
#11246 = PRESENTATION_STYLE_ASSIGNMENT((#11247,#11252));
#11247 = SURFACE_STYLE_USAGE(.BOTH.,#11248);
#11248 = SURFACE_SIDE_STYLE('',(#11249));
#11249 = SURFACE_STYLE_FILL_AREA(#11250);
#11250 = FILL_AREA_STYLE('',(#11251));
#11251 = FILL_AREA_STYLE_COLOUR('',#10432);
#11252 = CURVE_STYLE('',#11253,POSITIVE_LENGTH_MEASURE(0.1),#10432);
#11253 = DRAUGHTING_PRE_DEFINED_CURVE_FONT('continuous');
#11254 = STYLED_ITEM('color',(#11255),#3895);
#11255 = PRESENTATION_STYLE_ASSIGNMENT((#11256,#11261));
#11256 = SURFACE_STYLE_USAGE(.BOTH.,#11257);
#11257 = SURFACE_SIDE_STYLE('',(#11258));
#11258 = SURFACE_STYLE_FILL_AREA(#11259);
#11259 = FILL_AREA_STYLE('',(#11260));
#11260 = FILL_AREA_STYLE_COLOUR('',#10432);
#11261 = CURVE_STYLE('',#11262,POSITIVE_LENGTH_MEASURE(0.1),#10432);
#11262 = DRAUGHTING_PRE_DEFINED_CURVE_FONT('continuous');
#11263 = STYLED_ITEM('color',(#11264),#3912);
#11264 = PRESENTATION_STYLE_ASSIGNMENT((#11265,#11270));
#11265 = SURFACE_STYLE_USAGE(.BOTH.,#11266);
#11266 = SURFACE_SIDE_STYLE('',(#11267));
#11267 = SURFACE_STYLE_FILL_AREA(#11268);
#11268 = FILL_AREA_STYLE('',(#11269));
#11269 = FILL_AREA_STYLE_COLOUR('',#10432);
#11270 = CURVE_STYLE('',#11271,POSITIVE_LENGTH_MEASURE(0.1),#10432);
#11271 = DRAUGHTING_PRE_DEFINED_CURVE_FONT('continuous');
#11272 = STYLED_ITEM('color',(#11273),#3924);
#11273 = PRESENTATION_STYLE_ASSIGNMENT((#11274,#11279));
#11274 = SURFACE_STYLE_USAGE(.BOTH.,#11275);
#11275 = SURFACE_SIDE_STYLE('',(#11276));
#11276 = SURFACE_STYLE_FILL_AREA(#11277);
#11277 = FILL_AREA_STYLE('',(#11278));
#11278 = FILL_AREA_STYLE_COLOUR('',#10432);
#11279 = CURVE_STYLE('',#11280,POSITIVE_LENGTH_MEASURE(0.1),#10432);
#11280 = DRAUGHTING_PRE_DEFINED_CURVE_FONT('continuous');
#11281 = STYLED_ITEM('color',(#11282),#3941);
#11282 = PRESENTATION_STYLE_ASSIGNMENT((#11283,#11288));
#11283 = SURFACE_STYLE_USAGE(.BOTH.,#11284);
#11284 = SURFACE_SIDE_STYLE('',(#11285));
#11285 = SURFACE_STYLE_FILL_AREA(#11286);
#11286 = FILL_AREA_STYLE('',(#11287));
#11287 = FILL_AREA_STYLE_COLOUR('',#10432);
#11288 = CURVE_STYLE('',#11289,POSITIVE_LENGTH_MEASURE(0.1),#10432);
#11289 = DRAUGHTING_PRE_DEFINED_CURVE_FONT('continuous');
#11290 = STYLED_ITEM('color',(#11291),#3958);
#11291 = PRESENTATION_STYLE_ASSIGNMENT((#11292,#11297));
#11292 = SURFACE_STYLE_USAGE(.BOTH.,#11293);
#11293 = SURFACE_SIDE_STYLE('',(#11294));
#11294 = SURFACE_STYLE_FILL_AREA(#11295);
#11295 = FILL_AREA_STYLE('',(#11296));
#11296 = FILL_AREA_STYLE_COLOUR('',#10432);
#11297 = CURVE_STYLE('',#11298,POSITIVE_LENGTH_MEASURE(0.1),#10432);
#11298 = DRAUGHTING_PRE_DEFINED_CURVE_FONT('continuous');
#11299 = STYLED_ITEM('color',(#11300),#3975);
#11300 = PRESENTATION_STYLE_ASSIGNMENT((#11301,#11306));
#11301 = SURFACE_STYLE_USAGE(.BOTH.,#11302);
#11302 = SURFACE_SIDE_STYLE('',(#11303));
#11303 = SURFACE_STYLE_FILL_AREA(#11304);
#11304 = FILL_AREA_STYLE('',(#11305));
#11305 = FILL_AREA_STYLE_COLOUR('',#10432);
#11306 = CURVE_STYLE('',#11307,POSITIVE_LENGTH_MEASURE(0.1),#10432);
#11307 = DRAUGHTING_PRE_DEFINED_CURVE_FONT('continuous');
#11308 = STYLED_ITEM('color',(#11309),#3992);
#11309 = PRESENTATION_STYLE_ASSIGNMENT((#11310,#11315));
#11310 = SURFACE_STYLE_USAGE(.BOTH.,#11311);
#11311 = SURFACE_SIDE_STYLE('',(#11312));
#11312 = SURFACE_STYLE_FILL_AREA(#11313);
#11313 = FILL_AREA_STYLE('',(#11314));
#11314 = FILL_AREA_STYLE_COLOUR('',#10432);
#11315 = CURVE_STYLE('',#11316,POSITIVE_LENGTH_MEASURE(0.1),#10432);
#11316 = DRAUGHTING_PRE_DEFINED_CURVE_FONT('continuous');
#11317 = STYLED_ITEM('color',(#11318),#4009);
#11318 = PRESENTATION_STYLE_ASSIGNMENT((#11319,#11324));
#11319 = SURFACE_STYLE_USAGE(.BOTH.,#11320);
#11320 = SURFACE_SIDE_STYLE('',(#11321));
#11321 = SURFACE_STYLE_FILL_AREA(#11322);
#11322 = FILL_AREA_STYLE('',(#11323));
#11323 = FILL_AREA_STYLE_COLOUR('',#10432);
#11324 = CURVE_STYLE('',#11325,POSITIVE_LENGTH_MEASURE(0.1),#10432);
#11325 = DRAUGHTING_PRE_DEFINED_CURVE_FONT('continuous');
#11326 = STYLED_ITEM('color',(#11327),#4026);
#11327 = PRESENTATION_STYLE_ASSIGNMENT((#11328,#11333));
#11328 = SURFACE_STYLE_USAGE(.BOTH.,#11329);
#11329 = SURFACE_SIDE_STYLE('',(#11330));
#11330 = SURFACE_STYLE_FILL_AREA(#11331);
#11331 = FILL_AREA_STYLE('',(#11332));
#11332 = FILL_AREA_STYLE_COLOUR('',#10432);
#11333 = CURVE_STYLE('',#11334,POSITIVE_LENGTH_MEASURE(0.1),#10432);
#11334 = DRAUGHTING_PRE_DEFINED_CURVE_FONT('continuous');
#11335 = STYLED_ITEM('color',(#11336),#4038);
#11336 = PRESENTATION_STYLE_ASSIGNMENT((#11337,#11342));
#11337 = SURFACE_STYLE_USAGE(.BOTH.,#11338);
#11338 = SURFACE_SIDE_STYLE('',(#11339));
#11339 = SURFACE_STYLE_FILL_AREA(#11340);
#11340 = FILL_AREA_STYLE('',(#11341));
#11341 = FILL_AREA_STYLE_COLOUR('',#10432);
#11342 = CURVE_STYLE('',#11343,POSITIVE_LENGTH_MEASURE(0.1),#10432);
#11343 = DRAUGHTING_PRE_DEFINED_CURVE_FONT('continuous');
#11344 = STYLED_ITEM('color',(#11345),#4055);
#11345 = PRESENTATION_STYLE_ASSIGNMENT((#11346,#11351));
#11346 = SURFACE_STYLE_USAGE(.BOTH.,#11347);
#11347 = SURFACE_SIDE_STYLE('',(#11348));
#11348 = SURFACE_STYLE_FILL_AREA(#11349);
#11349 = FILL_AREA_STYLE('',(#11350));
#11350 = FILL_AREA_STYLE_COLOUR('',#10432);
#11351 = CURVE_STYLE('',#11352,POSITIVE_LENGTH_MEASURE(0.1),#10432);
#11352 = DRAUGHTING_PRE_DEFINED_CURVE_FONT('continuous');
#11353 = STYLED_ITEM('color',(#11354),#4072);
#11354 = PRESENTATION_STYLE_ASSIGNMENT((#11355,#11360));
#11355 = SURFACE_STYLE_USAGE(.BOTH.,#11356);
#11356 = SURFACE_SIDE_STYLE('',(#11357));
#11357 = SURFACE_STYLE_FILL_AREA(#11358);
#11358 = FILL_AREA_STYLE('',(#11359));
#11359 = FILL_AREA_STYLE_COLOUR('',#10432);
#11360 = CURVE_STYLE('',#11361,POSITIVE_LENGTH_MEASURE(0.1),#10432);
#11361 = DRAUGHTING_PRE_DEFINED_CURVE_FONT('continuous');
#11362 = STYLED_ITEM('color',(#11363),#4089);
#11363 = PRESENTATION_STYLE_ASSIGNMENT((#11364,#11369));
#11364 = SURFACE_STYLE_USAGE(.BOTH.,#11365);
#11365 = SURFACE_SIDE_STYLE('',(#11366));
#11366 = SURFACE_STYLE_FILL_AREA(#11367);
#11367 = FILL_AREA_STYLE('',(#11368));
#11368 = FILL_AREA_STYLE_COLOUR('',#10432);
#11369 = CURVE_STYLE('',#11370,POSITIVE_LENGTH_MEASURE(0.1),#10432);
#11370 = DRAUGHTING_PRE_DEFINED_CURVE_FONT('continuous');
#11371 = STYLED_ITEM('color',(#11372),#4106);
#11372 = PRESENTATION_STYLE_ASSIGNMENT((#11373,#11378));
#11373 = SURFACE_STYLE_USAGE(.BOTH.,#11374);
#11374 = SURFACE_SIDE_STYLE('',(#11375));
#11375 = SURFACE_STYLE_FILL_AREA(#11376);
#11376 = FILL_AREA_STYLE('',(#11377));
#11377 = FILL_AREA_STYLE_COLOUR('',#10432);
#11378 = CURVE_STYLE('',#11379,POSITIVE_LENGTH_MEASURE(0.1),#10432);
#11379 = DRAUGHTING_PRE_DEFINED_CURVE_FONT('continuous');
#11380 = STYLED_ITEM('color',(#11381),#4123);
#11381 = PRESENTATION_STYLE_ASSIGNMENT((#11382,#11387));
#11382 = SURFACE_STYLE_USAGE(.BOTH.,#11383);
#11383 = SURFACE_SIDE_STYLE('',(#11384));
#11384 = SURFACE_STYLE_FILL_AREA(#11385);
#11385 = FILL_AREA_STYLE('',(#11386));
#11386 = FILL_AREA_STYLE_COLOUR('',#10432);
#11387 = CURVE_STYLE('',#11388,POSITIVE_LENGTH_MEASURE(0.1),#10432);
#11388 = DRAUGHTING_PRE_DEFINED_CURVE_FONT('continuous');
#11389 = STYLED_ITEM('color',(#11390),#4140);
#11390 = PRESENTATION_STYLE_ASSIGNMENT((#11391,#11396));
#11391 = SURFACE_STYLE_USAGE(.BOTH.,#11392);
#11392 = SURFACE_SIDE_STYLE('',(#11393));
#11393 = SURFACE_STYLE_FILL_AREA(#11394);
#11394 = FILL_AREA_STYLE('',(#11395));
#11395 = FILL_AREA_STYLE_COLOUR('',#10432);
#11396 = CURVE_STYLE('',#11397,POSITIVE_LENGTH_MEASURE(0.1),#10432);
#11397 = DRAUGHTING_PRE_DEFINED_CURVE_FONT('continuous');
#11398 = STYLED_ITEM('color',(#11399),#4152);
#11399 = PRESENTATION_STYLE_ASSIGNMENT((#11400,#11405));
#11400 = SURFACE_STYLE_USAGE(.BOTH.,#11401);
#11401 = SURFACE_SIDE_STYLE('',(#11402));
#11402 = SURFACE_STYLE_FILL_AREA(#11403);
#11403 = FILL_AREA_STYLE('',(#11404));
#11404 = FILL_AREA_STYLE_COLOUR('',#10432);
#11405 = CURVE_STYLE('',#11406,POSITIVE_LENGTH_MEASURE(0.1),#10432);
#11406 = DRAUGHTING_PRE_DEFINED_CURVE_FONT('continuous');
#11407 = STYLED_ITEM('color',(#11408),#4169);
#11408 = PRESENTATION_STYLE_ASSIGNMENT((#11409,#11414));
#11409 = SURFACE_STYLE_USAGE(.BOTH.,#11410);
#11410 = SURFACE_SIDE_STYLE('',(#11411));
#11411 = SURFACE_STYLE_FILL_AREA(#11412);
#11412 = FILL_AREA_STYLE('',(#11413));
#11413 = FILL_AREA_STYLE_COLOUR('',#10432);
#11414 = CURVE_STYLE('',#11415,POSITIVE_LENGTH_MEASURE(0.1),#10432);
#11415 = DRAUGHTING_PRE_DEFINED_CURVE_FONT('continuous');
#11416 = STYLED_ITEM('color',(#11417),#4186);
#11417 = PRESENTATION_STYLE_ASSIGNMENT((#11418,#11423));
#11418 = SURFACE_STYLE_USAGE(.BOTH.,#11419);
#11419 = SURFACE_SIDE_STYLE('',(#11420));
#11420 = SURFACE_STYLE_FILL_AREA(#11421);
#11421 = FILL_AREA_STYLE('',(#11422));
#11422 = FILL_AREA_STYLE_COLOUR('',#10432);
#11423 = CURVE_STYLE('',#11424,POSITIVE_LENGTH_MEASURE(0.1),#10432);
#11424 = DRAUGHTING_PRE_DEFINED_CURVE_FONT('continuous');
#11425 = STYLED_ITEM('color',(#11426),#4203);
#11426 = PRESENTATION_STYLE_ASSIGNMENT((#11427,#11432));
#11427 = SURFACE_STYLE_USAGE(.BOTH.,#11428);
#11428 = SURFACE_SIDE_STYLE('',(#11429));
#11429 = SURFACE_STYLE_FILL_AREA(#11430);
#11430 = FILL_AREA_STYLE('',(#11431));
#11431 = FILL_AREA_STYLE_COLOUR('',#10432);
#11432 = CURVE_STYLE('',#11433,POSITIVE_LENGTH_MEASURE(0.1),#10432);
#11433 = DRAUGHTING_PRE_DEFINED_CURVE_FONT('continuous');
#11434 = STYLED_ITEM('color',(#11435),#4220);
#11435 = PRESENTATION_STYLE_ASSIGNMENT((#11436,#11441));
#11436 = SURFACE_STYLE_USAGE(.BOTH.,#11437);
#11437 = SURFACE_SIDE_STYLE('',(#11438));
#11438 = SURFACE_STYLE_FILL_AREA(#11439);
#11439 = FILL_AREA_STYLE('',(#11440));
#11440 = FILL_AREA_STYLE_COLOUR('',#10432);
#11441 = CURVE_STYLE('',#11442,POSITIVE_LENGTH_MEASURE(0.1),#10432);
#11442 = DRAUGHTING_PRE_DEFINED_CURVE_FONT('continuous');
#11443 = STYLED_ITEM('color',(#11444),#4237);
#11444 = PRESENTATION_STYLE_ASSIGNMENT((#11445,#11450));
#11445 = SURFACE_STYLE_USAGE(.BOTH.,#11446);
#11446 = SURFACE_SIDE_STYLE('',(#11447));
#11447 = SURFACE_STYLE_FILL_AREA(#11448);
#11448 = FILL_AREA_STYLE('',(#11449));
#11449 = FILL_AREA_STYLE_COLOUR('',#10432);
#11450 = CURVE_STYLE('',#11451,POSITIVE_LENGTH_MEASURE(0.1),#10432);
#11451 = DRAUGHTING_PRE_DEFINED_CURVE_FONT('continuous');
#11452 = STYLED_ITEM('color',(#11453),#4254);
#11453 = PRESENTATION_STYLE_ASSIGNMENT((#11454,#11459));
#11454 = SURFACE_STYLE_USAGE(.BOTH.,#11455);
#11455 = SURFACE_SIDE_STYLE('',(#11456));
#11456 = SURFACE_STYLE_FILL_AREA(#11457);
#11457 = FILL_AREA_STYLE('',(#11458));
#11458 = FILL_AREA_STYLE_COLOUR('',#10432);
#11459 = CURVE_STYLE('',#11460,POSITIVE_LENGTH_MEASURE(0.1),#10432);
#11460 = DRAUGHTING_PRE_DEFINED_CURVE_FONT('continuous');
#11461 = STYLED_ITEM('color',(#11462),#4271);
#11462 = PRESENTATION_STYLE_ASSIGNMENT((#11463,#11468));
#11463 = SURFACE_STYLE_USAGE(.BOTH.,#11464);
#11464 = SURFACE_SIDE_STYLE('',(#11465));
#11465 = SURFACE_STYLE_FILL_AREA(#11466);
#11466 = FILL_AREA_STYLE('',(#11467));
#11467 = FILL_AREA_STYLE_COLOUR('',#10432);
#11468 = CURVE_STYLE('',#11469,POSITIVE_LENGTH_MEASURE(0.1),#10432);
#11469 = DRAUGHTING_PRE_DEFINED_CURVE_FONT('continuous');
#11470 = STYLED_ITEM('color',(#11471),#4283);
#11471 = PRESENTATION_STYLE_ASSIGNMENT((#11472,#11477));
#11472 = SURFACE_STYLE_USAGE(.BOTH.,#11473);
#11473 = SURFACE_SIDE_STYLE('',(#11474));
#11474 = SURFACE_STYLE_FILL_AREA(#11475);
#11475 = FILL_AREA_STYLE('',(#11476));
#11476 = FILL_AREA_STYLE_COLOUR('',#10432);
#11477 = CURVE_STYLE('',#11478,POSITIVE_LENGTH_MEASURE(0.1),#10432);
#11478 = DRAUGHTING_PRE_DEFINED_CURVE_FONT('continuous');
#11479 = STYLED_ITEM('color',(#11480),#4300);
#11480 = PRESENTATION_STYLE_ASSIGNMENT((#11481,#11486));
#11481 = SURFACE_STYLE_USAGE(.BOTH.,#11482);
#11482 = SURFACE_SIDE_STYLE('',(#11483));
#11483 = SURFACE_STYLE_FILL_AREA(#11484);
#11484 = FILL_AREA_STYLE('',(#11485));
#11485 = FILL_AREA_STYLE_COLOUR('',#10432);
#11486 = CURVE_STYLE('',#11487,POSITIVE_LENGTH_MEASURE(0.1),#10432);
#11487 = DRAUGHTING_PRE_DEFINED_CURVE_FONT('continuous');
#11488 = STYLED_ITEM('color',(#11489),#4317);
#11489 = PRESENTATION_STYLE_ASSIGNMENT((#11490,#11495));
#11490 = SURFACE_STYLE_USAGE(.BOTH.,#11491);
#11491 = SURFACE_SIDE_STYLE('',(#11492));
#11492 = SURFACE_STYLE_FILL_AREA(#11493);
#11493 = FILL_AREA_STYLE('',(#11494));
#11494 = FILL_AREA_STYLE_COLOUR('',#10432);
#11495 = CURVE_STYLE('',#11496,POSITIVE_LENGTH_MEASURE(0.1),#10432);
#11496 = DRAUGHTING_PRE_DEFINED_CURVE_FONT('continuous');
#11497 = STYLED_ITEM('color',(#11498),#4334);
#11498 = PRESENTATION_STYLE_ASSIGNMENT((#11499,#11504));
#11499 = SURFACE_STYLE_USAGE(.BOTH.,#11500);
#11500 = SURFACE_SIDE_STYLE('',(#11501));
#11501 = SURFACE_STYLE_FILL_AREA(#11502);
#11502 = FILL_AREA_STYLE('',(#11503));
#11503 = FILL_AREA_STYLE_COLOUR('',#10432);
#11504 = CURVE_STYLE('',#11505,POSITIVE_LENGTH_MEASURE(0.1),#10432);
#11505 = DRAUGHTING_PRE_DEFINED_CURVE_FONT('continuous');
#11506 = STYLED_ITEM('color',(#11507),#4351);
#11507 = PRESENTATION_STYLE_ASSIGNMENT((#11508,#11513));
#11508 = SURFACE_STYLE_USAGE(.BOTH.,#11509);
#11509 = SURFACE_SIDE_STYLE('',(#11510));
#11510 = SURFACE_STYLE_FILL_AREA(#11511);
#11511 = FILL_AREA_STYLE('',(#11512));
#11512 = FILL_AREA_STYLE_COLOUR('',#10432);
#11513 = CURVE_STYLE('',#11514,POSITIVE_LENGTH_MEASURE(0.1),#10432);
#11514 = DRAUGHTING_PRE_DEFINED_CURVE_FONT('continuous');
#11515 = STYLED_ITEM('color',(#11516),#4368);
#11516 = PRESENTATION_STYLE_ASSIGNMENT((#11517,#11522));
#11517 = SURFACE_STYLE_USAGE(.BOTH.,#11518);
#11518 = SURFACE_SIDE_STYLE('',(#11519));
#11519 = SURFACE_STYLE_FILL_AREA(#11520);
#11520 = FILL_AREA_STYLE('',(#11521));
#11521 = FILL_AREA_STYLE_COLOUR('',#10432);
#11522 = CURVE_STYLE('',#11523,POSITIVE_LENGTH_MEASURE(0.1),#10432);
#11523 = DRAUGHTING_PRE_DEFINED_CURVE_FONT('continuous');
#11524 = STYLED_ITEM('color',(#11525),#4385);
#11525 = PRESENTATION_STYLE_ASSIGNMENT((#11526,#11531));
#11526 = SURFACE_STYLE_USAGE(.BOTH.,#11527);
#11527 = SURFACE_SIDE_STYLE('',(#11528));
#11528 = SURFACE_STYLE_FILL_AREA(#11529);
#11529 = FILL_AREA_STYLE('',(#11530));
#11530 = FILL_AREA_STYLE_COLOUR('',#10432);
#11531 = CURVE_STYLE('',#11532,POSITIVE_LENGTH_MEASURE(0.1),#10432);
#11532 = DRAUGHTING_PRE_DEFINED_CURVE_FONT('continuous');
#11533 = STYLED_ITEM('color',(#11534),#4402);
#11534 = PRESENTATION_STYLE_ASSIGNMENT((#11535,#11540));
#11535 = SURFACE_STYLE_USAGE(.BOTH.,#11536);
#11536 = SURFACE_SIDE_STYLE('',(#11537));
#11537 = SURFACE_STYLE_FILL_AREA(#11538);
#11538 = FILL_AREA_STYLE('',(#11539));
#11539 = FILL_AREA_STYLE_COLOUR('',#10432);
#11540 = CURVE_STYLE('',#11541,POSITIVE_LENGTH_MEASURE(0.1),#10432);
#11541 = DRAUGHTING_PRE_DEFINED_CURVE_FONT('continuous');
#11542 = STYLED_ITEM('color',(#11543),#4414);
#11543 = PRESENTATION_STYLE_ASSIGNMENT((#11544,#11549));
#11544 = SURFACE_STYLE_USAGE(.BOTH.,#11545);
#11545 = SURFACE_SIDE_STYLE('',(#11546));
#11546 = SURFACE_STYLE_FILL_AREA(#11547);
#11547 = FILL_AREA_STYLE('',(#11548));
#11548 = FILL_AREA_STYLE_COLOUR('',#10432);
#11549 = CURVE_STYLE('',#11550,POSITIVE_LENGTH_MEASURE(0.1),#10432);
#11550 = DRAUGHTING_PRE_DEFINED_CURVE_FONT('continuous');
#11551 = STYLED_ITEM('color',(#11552),#4431);
#11552 = PRESENTATION_STYLE_ASSIGNMENT((#11553,#11558));
#11553 = SURFACE_STYLE_USAGE(.BOTH.,#11554);
#11554 = SURFACE_SIDE_STYLE('',(#11555));
#11555 = SURFACE_STYLE_FILL_AREA(#11556);
#11556 = FILL_AREA_STYLE('',(#11557));
#11557 = FILL_AREA_STYLE_COLOUR('',#10432);
#11558 = CURVE_STYLE('',#11559,POSITIVE_LENGTH_MEASURE(0.1),#10432);
#11559 = DRAUGHTING_PRE_DEFINED_CURVE_FONT('continuous');
#11560 = STYLED_ITEM('color',(#11561),#4448);
#11561 = PRESENTATION_STYLE_ASSIGNMENT((#11562,#11567));
#11562 = SURFACE_STYLE_USAGE(.BOTH.,#11563);
#11563 = SURFACE_SIDE_STYLE('',(#11564));
#11564 = SURFACE_STYLE_FILL_AREA(#11565);
#11565 = FILL_AREA_STYLE('',(#11566));
#11566 = FILL_AREA_STYLE_COLOUR('',#10432);
#11567 = CURVE_STYLE('',#11568,POSITIVE_LENGTH_MEASURE(0.1),#10432);
#11568 = DRAUGHTING_PRE_DEFINED_CURVE_FONT('continuous');
#11569 = STYLED_ITEM('color',(#11570),#4465);
#11570 = PRESENTATION_STYLE_ASSIGNMENT((#11571,#11576));
#11571 = SURFACE_STYLE_USAGE(.BOTH.,#11572);
#11572 = SURFACE_SIDE_STYLE('',(#11573));
#11573 = SURFACE_STYLE_FILL_AREA(#11574);
#11574 = FILL_AREA_STYLE('',(#11575));
#11575 = FILL_AREA_STYLE_COLOUR('',#10432);
#11576 = CURVE_STYLE('',#11577,POSITIVE_LENGTH_MEASURE(0.1),#10432);
#11577 = DRAUGHTING_PRE_DEFINED_CURVE_FONT('continuous');
#11578 = STYLED_ITEM('color',(#11579),#4482);
#11579 = PRESENTATION_STYLE_ASSIGNMENT((#11580,#11585));
#11580 = SURFACE_STYLE_USAGE(.BOTH.,#11581);
#11581 = SURFACE_SIDE_STYLE('',(#11582));
#11582 = SURFACE_STYLE_FILL_AREA(#11583);
#11583 = FILL_AREA_STYLE('',(#11584));
#11584 = FILL_AREA_STYLE_COLOUR('',#10432);
#11585 = CURVE_STYLE('',#11586,POSITIVE_LENGTH_MEASURE(0.1),#10432);
#11586 = DRAUGHTING_PRE_DEFINED_CURVE_FONT('continuous');
#11587 = STYLED_ITEM('color',(#11588),#4499);
#11588 = PRESENTATION_STYLE_ASSIGNMENT((#11589,#11594));
#11589 = SURFACE_STYLE_USAGE(.BOTH.,#11590);
#11590 = SURFACE_SIDE_STYLE('',(#11591));
#11591 = SURFACE_STYLE_FILL_AREA(#11592);
#11592 = FILL_AREA_STYLE('',(#11593));
#11593 = FILL_AREA_STYLE_COLOUR('',#10432);
#11594 = CURVE_STYLE('',#11595,POSITIVE_LENGTH_MEASURE(0.1),#10432);
#11595 = DRAUGHTING_PRE_DEFINED_CURVE_FONT('continuous');
#11596 = STYLED_ITEM('color',(#11597),#4516);
#11597 = PRESENTATION_STYLE_ASSIGNMENT((#11598,#11603));
#11598 = SURFACE_STYLE_USAGE(.BOTH.,#11599);
#11599 = SURFACE_SIDE_STYLE('',(#11600));
#11600 = SURFACE_STYLE_FILL_AREA(#11601);
#11601 = FILL_AREA_STYLE('',(#11602));
#11602 = FILL_AREA_STYLE_COLOUR('',#10432);
#11603 = CURVE_STYLE('',#11604,POSITIVE_LENGTH_MEASURE(0.1),#10432);
#11604 = DRAUGHTING_PRE_DEFINED_CURVE_FONT('continuous');
#11605 = STYLED_ITEM('color',(#11606),#4533);
#11606 = PRESENTATION_STYLE_ASSIGNMENT((#11607,#11612));
#11607 = SURFACE_STYLE_USAGE(.BOTH.,#11608);
#11608 = SURFACE_SIDE_STYLE('',(#11609));
#11609 = SURFACE_STYLE_FILL_AREA(#11610);
#11610 = FILL_AREA_STYLE('',(#11611));
#11611 = FILL_AREA_STYLE_COLOUR('',#10432);
#11612 = CURVE_STYLE('',#11613,POSITIVE_LENGTH_MEASURE(0.1),#10432);
#11613 = DRAUGHTING_PRE_DEFINED_CURVE_FONT('continuous');
#11614 = STYLED_ITEM('color',(#11615),#4545);
#11615 = PRESENTATION_STYLE_ASSIGNMENT((#11616,#11622));
#11616 = SURFACE_STYLE_USAGE(.BOTH.,#11617);
#11617 = SURFACE_SIDE_STYLE('',(#11618));
#11618 = SURFACE_STYLE_FILL_AREA(#11619);
#11619 = FILL_AREA_STYLE('',(#11620));
#11620 = FILL_AREA_STYLE_COLOUR('',#11621);
#11621 = COLOUR_RGB('',0.690999998585,0.664000007176,0.597999987832);
#11622 = CURVE_STYLE('',#11623,POSITIVE_LENGTH_MEASURE(0.1),#11621);
#11623 = DRAUGHTING_PRE_DEFINED_CURVE_FONT('continuous');
#11624 = MECHANICAL_DESIGN_GEOMETRIC_PRESENTATION_REPRESENTATION('',(
    #11625,#11632,#11639,#11646,#11653,#11660,#11667,#11674,#11681,
    #11688,#11695,#11703,#11710,#11717,#11724,#11731,#11738,#11745,
    #11752,#11759,#11766,#11773,#11780,#11787,#11794,#11801,#11808,
    #11815),#7845);
#11625 = STYLED_ITEM('color',(#11626),#6993);
#11626 = PRESENTATION_STYLE_ASSIGNMENT((#11627));
#11627 = SURFACE_STYLE_USAGE(.BOTH.,#11628);
#11628 = SURFACE_SIDE_STYLE('',(#11629));
#11629 = SURFACE_STYLE_FILL_AREA(#11630);
#11630 = FILL_AREA_STYLE('',(#11631));
#11631 = FILL_AREA_STYLE_COLOUR('',#10432);
#11632 = STYLED_ITEM('color',(#11633),#7069);
#11633 = PRESENTATION_STYLE_ASSIGNMENT((#11634));
#11634 = SURFACE_STYLE_USAGE(.BOTH.,#11635);
#11635 = SURFACE_SIDE_STYLE('',(#11636));
#11636 = SURFACE_STYLE_FILL_AREA(#11637);
#11637 = FILL_AREA_STYLE('',(#11638));
#11638 = FILL_AREA_STYLE_COLOUR('',#10432);
#11639 = STYLED_ITEM('color',(#11640),#7100);
#11640 = PRESENTATION_STYLE_ASSIGNMENT((#11641));
#11641 = SURFACE_STYLE_USAGE(.BOTH.,#11642);
#11642 = SURFACE_SIDE_STYLE('',(#11643));
#11643 = SURFACE_STYLE_FILL_AREA(#11644);
#11644 = FILL_AREA_STYLE('',(#11645));
#11645 = FILL_AREA_STYLE_COLOUR('',#10432);
#11646 = STYLED_ITEM('color',(#11647),#7125);
#11647 = PRESENTATION_STYLE_ASSIGNMENT((#11648));
#11648 = SURFACE_STYLE_USAGE(.BOTH.,#11649);
#11649 = SURFACE_SIDE_STYLE('',(#11650));
#11650 = SURFACE_STYLE_FILL_AREA(#11651);
#11651 = FILL_AREA_STYLE('',(#11652));
#11652 = FILL_AREA_STYLE_COLOUR('',#10432);
#11653 = STYLED_ITEM('color',(#11654),#7150);
#11654 = PRESENTATION_STYLE_ASSIGNMENT((#11655));
#11655 = SURFACE_STYLE_USAGE(.BOTH.,#11656);
#11656 = SURFACE_SIDE_STYLE('',(#11657));
#11657 = SURFACE_STYLE_FILL_AREA(#11658);
#11658 = FILL_AREA_STYLE('',(#11659));
#11659 = FILL_AREA_STYLE_COLOUR('',#10432);
#11660 = STYLED_ITEM('color',(#11661),#7174);
#11661 = PRESENTATION_STYLE_ASSIGNMENT((#11662));
#11662 = SURFACE_STYLE_USAGE(.BOTH.,#11663);
#11663 = SURFACE_SIDE_STYLE('',(#11664));
#11664 = SURFACE_STYLE_FILL_AREA(#11665);
#11665 = FILL_AREA_STYLE('',(#11666));
#11666 = FILL_AREA_STYLE_COLOUR('',#10432);
#11667 = STYLED_ITEM('color',(#11668),#7198);
#11668 = PRESENTATION_STYLE_ASSIGNMENT((#11669));
#11669 = SURFACE_STYLE_USAGE(.BOTH.,#11670);
#11670 = SURFACE_SIDE_STYLE('',(#11671));
#11671 = SURFACE_STYLE_FILL_AREA(#11672);
#11672 = FILL_AREA_STYLE('',(#11673));
#11673 = FILL_AREA_STYLE_COLOUR('',#10432);
#11674 = STYLED_ITEM('color',(#11675),#7223);
#11675 = PRESENTATION_STYLE_ASSIGNMENT((#11676));
#11676 = SURFACE_STYLE_USAGE(.BOTH.,#11677);
#11677 = SURFACE_SIDE_STYLE('',(#11678));
#11678 = SURFACE_STYLE_FILL_AREA(#11679);
#11679 = FILL_AREA_STYLE('',(#11680));
#11680 = FILL_AREA_STYLE_COLOUR('',#10432);
#11681 = STYLED_ITEM('color',(#11682),#7248);
#11682 = PRESENTATION_STYLE_ASSIGNMENT((#11683));
#11683 = SURFACE_STYLE_USAGE(.BOTH.,#11684);
#11684 = SURFACE_SIDE_STYLE('',(#11685));
#11685 = SURFACE_STYLE_FILL_AREA(#11686);
#11686 = FILL_AREA_STYLE('',(#11687));
#11687 = FILL_AREA_STYLE_COLOUR('',#10432);
#11688 = STYLED_ITEM('color',(#11689),#7265);
#11689 = PRESENTATION_STYLE_ASSIGNMENT((#11690));
#11690 = SURFACE_STYLE_USAGE(.BOTH.,#11691);
#11691 = SURFACE_SIDE_STYLE('',(#11692));
#11692 = SURFACE_STYLE_FILL_AREA(#11693);
#11693 = FILL_AREA_STYLE('',(#11694));
#11694 = FILL_AREA_STYLE_COLOUR('',#10432);
#11695 = STYLED_ITEM('color',(#11696),#7351);
#11696 = PRESENTATION_STYLE_ASSIGNMENT((#11697));
#11697 = SURFACE_STYLE_USAGE(.BOTH.,#11698);
#11698 = SURFACE_SIDE_STYLE('',(#11699));
#11699 = SURFACE_STYLE_FILL_AREA(#11700);
#11700 = FILL_AREA_STYLE('',(#11701));
#11701 = FILL_AREA_STYLE_COLOUR('',#11702);
#11702 = COLOUR_RGB('',0.379000005575,0.270000008848,0.214999999939);
#11703 = STYLED_ITEM('color',(#11704),#7383);
#11704 = PRESENTATION_STYLE_ASSIGNMENT((#11705));
#11705 = SURFACE_STYLE_USAGE(.BOTH.,#11706);
#11706 = SURFACE_SIDE_STYLE('',(#11707));
#11707 = SURFACE_STYLE_FILL_AREA(#11708);
#11708 = FILL_AREA_STYLE('',(#11709));
#11709 = FILL_AREA_STYLE_COLOUR('',#11702);
#11710 = STYLED_ITEM('color',(#11711),#7407);
#11711 = PRESENTATION_STYLE_ASSIGNMENT((#11712));
#11712 = SURFACE_STYLE_USAGE(.BOTH.,#11713);
#11713 = SURFACE_SIDE_STYLE('',(#11714));
#11714 = SURFACE_STYLE_FILL_AREA(#11715);
#11715 = FILL_AREA_STYLE('',(#11716));
#11716 = FILL_AREA_STYLE_COLOUR('',#11702);
#11717 = STYLED_ITEM('color',(#11718),#7432);
#11718 = PRESENTATION_STYLE_ASSIGNMENT((#11719));
#11719 = SURFACE_STYLE_USAGE(.BOTH.,#11720);
#11720 = SURFACE_SIDE_STYLE('',(#11721));
#11721 = SURFACE_STYLE_FILL_AREA(#11722);
#11722 = FILL_AREA_STYLE('',(#11723));
#11723 = FILL_AREA_STYLE_COLOUR('',#11702);
#11724 = STYLED_ITEM('color',(#11725),#7456);
#11725 = PRESENTATION_STYLE_ASSIGNMENT((#11726));
#11726 = SURFACE_STYLE_USAGE(.BOTH.,#11727);
#11727 = SURFACE_SIDE_STYLE('',(#11728));
#11728 = SURFACE_STYLE_FILL_AREA(#11729);
#11729 = FILL_AREA_STYLE('',(#11730));
#11730 = FILL_AREA_STYLE_COLOUR('',#11702);
#11731 = STYLED_ITEM('color',(#11732),#7481);
#11732 = PRESENTATION_STYLE_ASSIGNMENT((#11733));
#11733 = SURFACE_STYLE_USAGE(.BOTH.,#11734);
#11734 = SURFACE_SIDE_STYLE('',(#11735));
#11735 = SURFACE_STYLE_FILL_AREA(#11736);
#11736 = FILL_AREA_STYLE('',(#11737));
#11737 = FILL_AREA_STYLE_COLOUR('',#11702);
#11738 = STYLED_ITEM('color',(#11739),#7505);
#11739 = PRESENTATION_STYLE_ASSIGNMENT((#11740));
#11740 = SURFACE_STYLE_USAGE(.BOTH.,#11741);
#11741 = SURFACE_SIDE_STYLE('',(#11742));
#11742 = SURFACE_STYLE_FILL_AREA(#11743);
#11743 = FILL_AREA_STYLE('',(#11744));
#11744 = FILL_AREA_STYLE_COLOUR('',#11702);
#11745 = STYLED_ITEM('color',(#11746),#7530);
#11746 = PRESENTATION_STYLE_ASSIGNMENT((#11747));
#11747 = SURFACE_STYLE_USAGE(.BOTH.,#11748);
#11748 = SURFACE_SIDE_STYLE('',(#11749));
#11749 = SURFACE_STYLE_FILL_AREA(#11750);
#11750 = FILL_AREA_STYLE('',(#11751));
#11751 = FILL_AREA_STYLE_COLOUR('',#11702);
#11752 = STYLED_ITEM('color',(#11753),#7547);
#11753 = PRESENTATION_STYLE_ASSIGNMENT((#11754));
#11754 = SURFACE_STYLE_USAGE(.BOTH.,#11755);
#11755 = SURFACE_SIDE_STYLE('',(#11756));
#11756 = SURFACE_STYLE_FILL_AREA(#11757);
#11757 = FILL_AREA_STYLE('',(#11758));
#11758 = FILL_AREA_STYLE_COLOUR('',#10432);
#11759 = STYLED_ITEM('color',(#11760),#7633);
#11760 = PRESENTATION_STYLE_ASSIGNMENT((#11761));
#11761 = SURFACE_STYLE_USAGE(.BOTH.,#11762);
#11762 = SURFACE_SIDE_STYLE('',(#11763));
#11763 = SURFACE_STYLE_FILL_AREA(#11764);
#11764 = FILL_AREA_STYLE('',(#11765));
#11765 = FILL_AREA_STYLE_COLOUR('',#10432);
#11766 = STYLED_ITEM('color',(#11767),#7664);
#11767 = PRESENTATION_STYLE_ASSIGNMENT((#11768));
#11768 = SURFACE_STYLE_USAGE(.BOTH.,#11769);
#11769 = SURFACE_SIDE_STYLE('',(#11770));
#11770 = SURFACE_STYLE_FILL_AREA(#11771);
#11771 = FILL_AREA_STYLE('',(#11772));
#11772 = FILL_AREA_STYLE_COLOUR('',#10432);
#11773 = STYLED_ITEM('color',(#11774),#7689);
#11774 = PRESENTATION_STYLE_ASSIGNMENT((#11775));
#11775 = SURFACE_STYLE_USAGE(.BOTH.,#11776);
#11776 = SURFACE_SIDE_STYLE('',(#11777));
#11777 = SURFACE_STYLE_FILL_AREA(#11778);
#11778 = FILL_AREA_STYLE('',(#11779));
#11779 = FILL_AREA_STYLE_COLOUR('',#10432);
#11780 = STYLED_ITEM('color',(#11781),#7714);
#11781 = PRESENTATION_STYLE_ASSIGNMENT((#11782));
#11782 = SURFACE_STYLE_USAGE(.BOTH.,#11783);
#11783 = SURFACE_SIDE_STYLE('',(#11784));
#11784 = SURFACE_STYLE_FILL_AREA(#11785);
#11785 = FILL_AREA_STYLE('',(#11786));
#11786 = FILL_AREA_STYLE_COLOUR('',#10432);
#11787 = STYLED_ITEM('color',(#11788),#7738);
#11788 = PRESENTATION_STYLE_ASSIGNMENT((#11789));
#11789 = SURFACE_STYLE_USAGE(.BOTH.,#11790);
#11790 = SURFACE_SIDE_STYLE('',(#11791));
#11791 = SURFACE_STYLE_FILL_AREA(#11792);
#11792 = FILL_AREA_STYLE('',(#11793));
#11793 = FILL_AREA_STYLE_COLOUR('',#10432);
#11794 = STYLED_ITEM('color',(#11795),#7762);
#11795 = PRESENTATION_STYLE_ASSIGNMENT((#11796));
#11796 = SURFACE_STYLE_USAGE(.BOTH.,#11797);
#11797 = SURFACE_SIDE_STYLE('',(#11798));
#11798 = SURFACE_STYLE_FILL_AREA(#11799);
#11799 = FILL_AREA_STYLE('',(#11800));
#11800 = FILL_AREA_STYLE_COLOUR('',#10432);
#11801 = STYLED_ITEM('color',(#11802),#7787);
#11802 = PRESENTATION_STYLE_ASSIGNMENT((#11803));
#11803 = SURFACE_STYLE_USAGE(.BOTH.,#11804);
#11804 = SURFACE_SIDE_STYLE('',(#11805));
#11805 = SURFACE_STYLE_FILL_AREA(#11806);
#11806 = FILL_AREA_STYLE('',(#11807));
#11807 = FILL_AREA_STYLE_COLOUR('',#10432);
#11808 = STYLED_ITEM('color',(#11809),#7812);
#11809 = PRESENTATION_STYLE_ASSIGNMENT((#11810));
#11810 = SURFACE_STYLE_USAGE(.BOTH.,#11811);
#11811 = SURFACE_SIDE_STYLE('',(#11812));
#11812 = SURFACE_STYLE_FILL_AREA(#11813);
#11813 = FILL_AREA_STYLE('',(#11814));
#11814 = FILL_AREA_STYLE_COLOUR('',#10432);
#11815 = STYLED_ITEM('color',(#11816),#7829);
#11816 = PRESENTATION_STYLE_ASSIGNMENT((#11817));
#11817 = SURFACE_STYLE_USAGE(.BOTH.,#11818);
#11818 = SURFACE_SIDE_STYLE('',(#11819));
#11819 = SURFACE_STYLE_FILL_AREA(#11820);
#11820 = FILL_AREA_STYLE('',(#11821));
#11821 = FILL_AREA_STYLE_COLOUR('',#10432);
#11822 = MECHANICAL_DESIGN_GEOMETRIC_PRESENTATION_REPRESENTATION('',(
    #11823),#8610);
#11823 = STYLED_ITEM('color',(#11824),#8251);
#11824 = PRESENTATION_STYLE_ASSIGNMENT((#11825));
#11825 = SURFACE_STYLE_USAGE(.BOTH.,#11826);
#11826 = SURFACE_SIDE_STYLE('',(#11827,#11830));
#11827 = SURFACE_STYLE_FILL_AREA(#11828);
#11828 = FILL_AREA_STYLE('',(#11829));
#11829 = FILL_AREA_STYLE_COLOUR('',#9940);
#11830 = SURFACE_STYLE_RENDERING_WITH_PROPERTIES(.NORMAL_SHADING.,#9940,
  (#11831));
#11831 = SURFACE_STYLE_TRANSPARENT(0.170000016689);
#11832 = MECHANICAL_DESIGN_GEOMETRIC_PRESENTATION_REPRESENTATION('',(
    #11833,#11840,#11847,#11854,#11861,#11868,#11875,#11882,#11889,
    #11896,#11903,#11910,#11917,#11924,#11932,#11939,#11946,#11953,
    #11960,#11967,#11974,#11981,#11988,#11995,#12002,#12009),#5384);
#11833 = STYLED_ITEM('color',(#11834),#4596);
#11834 = PRESENTATION_STYLE_ASSIGNMENT((#11835));
#11835 = SURFACE_STYLE_USAGE(.BOTH.,#11836);
#11836 = SURFACE_SIDE_STYLE('',(#11837));
#11837 = SURFACE_STYLE_FILL_AREA(#11838);
#11838 = FILL_AREA_STYLE('',(#11839));
#11839 = FILL_AREA_STYLE_COLOUR('',#10432);
#11840 = STYLED_ITEM('color',(#11841),#4636);
#11841 = PRESENTATION_STYLE_ASSIGNMENT((#11842));
#11842 = SURFACE_STYLE_USAGE(.BOTH.,#11843);
#11843 = SURFACE_SIDE_STYLE('',(#11844));
#11844 = SURFACE_STYLE_FILL_AREA(#11845);
#11845 = FILL_AREA_STYLE('',(#11846));
#11846 = FILL_AREA_STYLE_COLOUR('',#10432);
#11847 = STYLED_ITEM('color',(#11848),#4719);
#11848 = PRESENTATION_STYLE_ASSIGNMENT((#11849));
#11849 = SURFACE_STYLE_USAGE(.BOTH.,#11850);
#11850 = SURFACE_SIDE_STYLE('',(#11851));
#11851 = SURFACE_STYLE_FILL_AREA(#11852);
#11852 = FILL_AREA_STYLE('',(#11853));
#11853 = FILL_AREA_STYLE_COLOUR('',#10432);
#11854 = STYLED_ITEM('color',(#11855),#4744);
#11855 = PRESENTATION_STYLE_ASSIGNMENT((#11856));
#11856 = SURFACE_STYLE_USAGE(.BOTH.,#11857);
#11857 = SURFACE_SIDE_STYLE('',(#11858));
#11858 = SURFACE_STYLE_FILL_AREA(#11859);
#11859 = FILL_AREA_STYLE('',(#11860));
#11860 = FILL_AREA_STYLE_COLOUR('',#10432);
#11861 = STYLED_ITEM('color',(#11862),#4769);
#11862 = PRESENTATION_STYLE_ASSIGNMENT((#11863));
#11863 = SURFACE_STYLE_USAGE(.BOTH.,#11864);
#11864 = SURFACE_SIDE_STYLE('',(#11865));
#11865 = SURFACE_STYLE_FILL_AREA(#11866);
#11866 = FILL_AREA_STYLE('',(#11867));
#11867 = FILL_AREA_STYLE_COLOUR('',#10432);
#11868 = STYLED_ITEM('color',(#11869),#4836);
#11869 = PRESENTATION_STYLE_ASSIGNMENT((#11870));
#11870 = SURFACE_STYLE_USAGE(.BOTH.,#11871);
#11871 = SURFACE_SIDE_STYLE('',(#11872));
#11872 = SURFACE_STYLE_FILL_AREA(#11873);
#11873 = FILL_AREA_STYLE('',(#11874));
#11874 = FILL_AREA_STYLE_COLOUR('',#10432);
#11875 = STYLED_ITEM('color',(#11876),#4853);
#11876 = PRESENTATION_STYLE_ASSIGNMENT((#11877));
#11877 = SURFACE_STYLE_USAGE(.BOTH.,#11878);
#11878 = SURFACE_SIDE_STYLE('',(#11879));
#11879 = SURFACE_STYLE_FILL_AREA(#11880);
#11880 = FILL_AREA_STYLE('',(#11881));
#11881 = FILL_AREA_STYLE_COLOUR('',#10432);
#11882 = STYLED_ITEM('color',(#11883),#4870);
#11883 = PRESENTATION_STYLE_ASSIGNMENT((#11884));
#11884 = SURFACE_STYLE_USAGE(.BOTH.,#11885);
#11885 = SURFACE_SIDE_STYLE('',(#11886));
#11886 = SURFACE_STYLE_FILL_AREA(#11887);
#11887 = FILL_AREA_STYLE('',(#11888));
#11888 = FILL_AREA_STYLE_COLOUR('',#9951);
#11889 = STYLED_ITEM('color',(#11890),#4919);
#11890 = PRESENTATION_STYLE_ASSIGNMENT((#11891));
#11891 = SURFACE_STYLE_USAGE(.BOTH.,#11892);
#11892 = SURFACE_SIDE_STYLE('',(#11893));
#11893 = SURFACE_STYLE_FILL_AREA(#11894);
#11894 = FILL_AREA_STYLE('',(#11895));
#11895 = FILL_AREA_STYLE_COLOUR('',#10432);
#11896 = STYLED_ITEM('color',(#11897),#4936);
#11897 = PRESENTATION_STYLE_ASSIGNMENT((#11898));
#11898 = SURFACE_STYLE_USAGE(.BOTH.,#11899);
#11899 = SURFACE_SIDE_STYLE('',(#11900));
#11900 = SURFACE_STYLE_FILL_AREA(#11901);
#11901 = FILL_AREA_STYLE('',(#11902));
#11902 = FILL_AREA_STYLE_COLOUR('',#10432);
#11903 = STYLED_ITEM('color',(#11904),#4953);
#11904 = PRESENTATION_STYLE_ASSIGNMENT((#11905));
#11905 = SURFACE_STYLE_USAGE(.BOTH.,#11906);
#11906 = SURFACE_SIDE_STYLE('',(#11907));
#11907 = SURFACE_STYLE_FILL_AREA(#11908);
#11908 = FILL_AREA_STYLE('',(#11909));
#11909 = FILL_AREA_STYLE_COLOUR('',#9951);
#11910 = STYLED_ITEM('color',(#11911),#5002);
#11911 = PRESENTATION_STYLE_ASSIGNMENT((#11912));
#11912 = SURFACE_STYLE_USAGE(.BOTH.,#11913);
#11913 = SURFACE_SIDE_STYLE('',(#11914));
#11914 = SURFACE_STYLE_FILL_AREA(#11915);
#11915 = FILL_AREA_STYLE('',(#11916));
#11916 = FILL_AREA_STYLE_COLOUR('',#9951);
#11917 = STYLED_ITEM('color',(#11918),#5019);
#11918 = PRESENTATION_STYLE_ASSIGNMENT((#11919));
#11919 = SURFACE_STYLE_USAGE(.BOTH.,#11920);
#11920 = SURFACE_SIDE_STYLE('',(#11921));
#11921 = SURFACE_STYLE_FILL_AREA(#11922);
#11922 = FILL_AREA_STYLE('',(#11923));
#11923 = FILL_AREA_STYLE_COLOUR('',#10432);
#11924 = STYLED_ITEM('color',(#11925),#5088);
#11925 = PRESENTATION_STYLE_ASSIGNMENT((#11926));
#11926 = SURFACE_STYLE_USAGE(.BOTH.,#11927);
#11927 = SURFACE_SIDE_STYLE('',(#11928));
#11928 = SURFACE_STYLE_FILL_AREA(#11929);
#11929 = FILL_AREA_STYLE('',(#11930));
#11930 = FILL_AREA_STYLE_COLOUR('',#11931);
#11931 = COLOUR_RGB('',8.200000279077E-02,8.600000121357E-02,
  9.399999706163E-02);
#11932 = STYLED_ITEM('color',(#11933),#5119);
#11933 = PRESENTATION_STYLE_ASSIGNMENT((#11934));
#11934 = SURFACE_STYLE_USAGE(.BOTH.,#11935);
#11935 = SURFACE_SIDE_STYLE('',(#11936));
#11936 = SURFACE_STYLE_FILL_AREA(#11937);
#11937 = FILL_AREA_STYLE('',(#11938));
#11938 = FILL_AREA_STYLE_COLOUR('',#11931);
#11939 = STYLED_ITEM('color',(#11940),#5143);
#11940 = PRESENTATION_STYLE_ASSIGNMENT((#11941));
#11941 = SURFACE_STYLE_USAGE(.BOTH.,#11942);
#11942 = SURFACE_SIDE_STYLE('',(#11943));
#11943 = SURFACE_STYLE_FILL_AREA(#11944);
#11944 = FILL_AREA_STYLE('',(#11945));
#11945 = FILL_AREA_STYLE_COLOUR('',#10432);
#11946 = STYLED_ITEM('color',(#11947),#5212);
#11947 = PRESENTATION_STYLE_ASSIGNMENT((#11948));
#11948 = SURFACE_STYLE_USAGE(.BOTH.,#11949);
#11949 = SURFACE_SIDE_STYLE('',(#11950));
#11950 = SURFACE_STYLE_FILL_AREA(#11951);
#11951 = FILL_AREA_STYLE('',(#11952));
#11952 = FILL_AREA_STYLE_COLOUR('',#11931);
#11953 = STYLED_ITEM('color',(#11954),#5236);
#11954 = PRESENTATION_STYLE_ASSIGNMENT((#11955));
#11955 = SURFACE_STYLE_USAGE(.BOTH.,#11956);
#11956 = SURFACE_SIDE_STYLE('',(#11957));
#11957 = SURFACE_STYLE_FILL_AREA(#11958);
#11958 = FILL_AREA_STYLE('',(#11959));
#11959 = FILL_AREA_STYLE_COLOUR('',#10432);
#11960 = STYLED_ITEM('color',(#11961),#5253);
#11961 = PRESENTATION_STYLE_ASSIGNMENT((#11962));
#11962 = SURFACE_STYLE_USAGE(.BOTH.,#11963);
#11963 = SURFACE_SIDE_STYLE('',(#11964));
#11964 = SURFACE_STYLE_FILL_AREA(#11965);
#11965 = FILL_AREA_STYLE('',(#11966));
#11966 = FILL_AREA_STYLE_COLOUR('',#10432);
#11967 = STYLED_ITEM('color',(#11968),#5270);
#11968 = PRESENTATION_STYLE_ASSIGNMENT((#11969));
#11969 = SURFACE_STYLE_USAGE(.BOTH.,#11970);
#11970 = SURFACE_SIDE_STYLE('',(#11971));
#11971 = SURFACE_STYLE_FILL_AREA(#11972);
#11972 = FILL_AREA_STYLE('',(#11973));
#11973 = FILL_AREA_STYLE_COLOUR('',#10432);
#11974 = STYLED_ITEM('color',(#11975),#5287);
#11975 = PRESENTATION_STYLE_ASSIGNMENT((#11976));
#11976 = SURFACE_STYLE_USAGE(.BOTH.,#11977);
#11977 = SURFACE_SIDE_STYLE('',(#11978));
#11978 = SURFACE_STYLE_FILL_AREA(#11979);
#11979 = FILL_AREA_STYLE('',(#11980));
#11980 = FILL_AREA_STYLE_COLOUR('',#10432);
#11981 = STYLED_ITEM('color',(#11982),#5304);
#11982 = PRESENTATION_STYLE_ASSIGNMENT((#11983));
#11983 = SURFACE_STYLE_USAGE(.BOTH.,#11984);
#11984 = SURFACE_SIDE_STYLE('',(#11985));
#11985 = SURFACE_STYLE_FILL_AREA(#11986);
#11986 = FILL_AREA_STYLE('',(#11987));
#11987 = FILL_AREA_STYLE_COLOUR('',#10432);
#11988 = STYLED_ITEM('color',(#11989),#5321);
#11989 = PRESENTATION_STYLE_ASSIGNMENT((#11990));
#11990 = SURFACE_STYLE_USAGE(.BOTH.,#11991);
#11991 = SURFACE_SIDE_STYLE('',(#11992));
#11992 = SURFACE_STYLE_FILL_AREA(#11993);
#11993 = FILL_AREA_STYLE('',(#11994));
#11994 = FILL_AREA_STYLE_COLOUR('',#10432);
#11995 = STYLED_ITEM('color',(#11996),#5338);
#11996 = PRESENTATION_STYLE_ASSIGNMENT((#11997));
#11997 = SURFACE_STYLE_USAGE(.BOTH.,#11998);
#11998 = SURFACE_SIDE_STYLE('',(#11999));
#11999 = SURFACE_STYLE_FILL_AREA(#12000);
#12000 = FILL_AREA_STYLE('',(#12001));
#12001 = FILL_AREA_STYLE_COLOUR('',#10432);
#12002 = STYLED_ITEM('color',(#12003),#5355);
#12003 = PRESENTATION_STYLE_ASSIGNMENT((#12004));
#12004 = SURFACE_STYLE_USAGE(.BOTH.,#12005);
#12005 = SURFACE_SIDE_STYLE('',(#12006));
#12006 = SURFACE_STYLE_FILL_AREA(#12007);
#12007 = FILL_AREA_STYLE('',(#12008));
#12008 = FILL_AREA_STYLE_COLOUR('',#11931);
#12009 = STYLED_ITEM('color',(#12010),#5372);
#12010 = PRESENTATION_STYLE_ASSIGNMENT((#12011));
#12011 = SURFACE_STYLE_USAGE(.BOTH.,#12012);
#12012 = SURFACE_SIDE_STYLE('',(#12013));
#12013 = SURFACE_STYLE_FILL_AREA(#12014);
#12014 = FILL_AREA_STYLE('',(#12015));
#12015 = FILL_AREA_STYLE_COLOUR('',#11931);
ENDSEC;
END-ISO-10303-21;
