ISO-10303-21;
HEADER;
FILE_DESCRIPTION(('KiCad electronic assembly'),'2;1');
FILE_NAME('SparkFun_BabyBuck_5V.step','2026-08-28T14:15:34',('Pcbnew'),(
    'Kicad'),'Open CASCADE STEP processor 7.9','KiCad to STEP converter'
  ,'Unknown');
FILE_SCHEMA(('AUTOMOTIVE_DESIGN { 1 0 10303 214 1 1 1 1 }'));
ENDSEC;
DATA;
#1 = APPLICATION_PROTOCOL_DEFINITION('international standard',
  'automotive_design',2000,#2);
#2 = APPLICATION_CONTEXT(
  'core data for automotive mechanical design processes');
#3 = SHAPE_DEFINITION_REPRESENTATION(#4,#10);
#4 = PRODUCT_DEFINITION_SHAPE('','',#5);
#5 = PRODUCT_DEFINITION('design','',#6,#9);
#6 = PRODUCT_DEFINITION_FORMATION('','',#7);
#7 = PRODUCT('SparkFun_BabyBuck_5V 1','SparkFun_BabyBuck_5V 1','',(#8));
#8 = PRODUCT_CONTEXT('',#2,'mechanical');
#9 = PRODUCT_DEFINITION_CONTEXT('part definition',#2,'design');
#10 = SHAPE_REPRESENTATION('',(#11,#15,#19,#23,#27,#31,#35,#39,#43,#47,
    #51,#55,#59,#63,#67,#71),#75);
#11 = AXIS2_PLACEMENT_3D('',#12,#13,#14);
#12 = CARTESIAN_POINT('',(0.,0.,0.));
#13 = DIRECTION('',(0.,0.,1.));
#14 = DIRECTION('',(1.,0.,-0.));
#15 = AXIS2_PLACEMENT_3D('',#16,#17,#18);
#16 = CARTESIAN_POINT('',(-6.0325,1.016,0.815));
#17 = DIRECTION('',(0.,-0.,1.));
#18 = DIRECTION('',(1.110223024625E-16,1.,0.));
#19 = AXIS2_PLACEMENT_3D('',#20,#21,#22);
#20 = CARTESIAN_POINT('',(-6.0325,-1.016,0.815));
#21 = DIRECTION('',(-0.,0.,1.));
#22 = DIRECTION('',(1.110223024625E-16,-1.,0.));
#23 = AXIS2_PLACEMENT_3D('',#24,#25,#26);
#24 = CARTESIAN_POINT('',(3.7465,-1.016,0.815));
#25 = DIRECTION('',(0.,-0.,1.));
#26 = DIRECTION('',(1.110223024625E-16,1.,0.));
#27 = AXIS2_PLACEMENT_3D('',#28,#29,#30);
#28 = CARTESIAN_POINT('',(3.7465,-4.699,0.815));
#29 = DIRECTION('',(-0.,0.,1.));
#30 = DIRECTION('',(1.110223024625E-16,-1.,0.));
#31 = AXIS2_PLACEMENT_3D('',#32,#33,#34);
#32 = CARTESIAN_POINT('',(-0.9525,2.413,0.815));
#33 = DIRECTION('',(-0.,0.,1.));
#34 = DIRECTION('',(1.110223024625E-16,-1.,0.));
#35 = AXIS2_PLACEMENT_3D('',#36,#37,#38);
#36 = CARTESIAN_POINT('',(0.8255,2.413,0.815));
#37 = DIRECTION('',(-0.,0.,1.));
#38 = DIRECTION('',(1.110223024625E-16,-1.,0.));
#39 = AXIS2_PLACEMENT_3D('',#40,#41,#42);
#40 = CARTESIAN_POINT('',(-7.0485,1.016,0.815));
#41 = DIRECTION('',(-0.,0.,1.));
#42 = DIRECTION('',(1.110223024625E-16,-1.,0.));
#43 = AXIS2_PLACEMENT_3D('',#44,#45,#46);
#44 = CARTESIAN_POINT('',(-6.0325,3.048,0.815));
#45 = DIRECTION('',(-0.,0.,1.));
#46 = DIRECTION('',(1.110223024625E-16,-1.,0.));
#47 = AXIS2_PLACEMENT_3D('',#48,#49,#50);
#48 = CARTESIAN_POINT('',(-2.4765,4.953,0.815));
#49 = DIRECTION('',(0.,0.,1.));
#50 = DIRECTION('',(1.,0.,0.));
#51 = AXIS2_PLACEMENT_3D('',#52,#53,#54);
#52 = CARTESIAN_POINT('',(-4.5085,4.953,0.815));
#53 = DIRECTION('',(0.,0.,1.));
#54 = DIRECTION('',(1.,0.,0.));
#55 = AXIS2_PLACEMENT_3D('',#56,#57,#58);
#56 = CARTESIAN_POINT('',(-1.2065,-2.794,0.815));
#57 = DIRECTION('',(0.,0.,1.));
#58 = DIRECTION('',(1.,0.,0.));
#59 = AXIS2_PLACEMENT_3D('',#60,#61,#62);
#60 = CARTESIAN_POINT('',(-3.6195,2.54,0.815));
#61 = DIRECTION('',(0.,0.,1.));
#62 = DIRECTION('',(-1.,1.224646799147E-16,0.));
#63 = AXIS2_PLACEMENT_3D('',#64,#65,#66);
#64 = CARTESIAN_POINT('',(0.,0.,0.));
#65 = DIRECTION('',(0.,0.,1.));
#66 = DIRECTION('',(1.,0.,-0.));
#67 = AXIS2_PLACEMENT_3D('',#68,#69,#70);
#68 = CARTESIAN_POINT('',(0.,0.,0.));
#69 = DIRECTION('',(0.,0.,1.));
#70 = DIRECTION('',(1.,0.,-0.));
#71 = AXIS2_PLACEMENT_3D('',#72,#73,#74);
#72 = CARTESIAN_POINT('',(0.,0.,0.));
#73 = DIRECTION('',(0.,0.,1.));
#74 = DIRECTION('',(1.,0.,-0.));
#75 = ( GEOMETRIC_REPRESENTATION_CONTEXT(3) 
GLOBAL_UNCERTAINTY_ASSIGNED_CONTEXT((#79)) GLOBAL_UNIT_ASSIGNED_CONTEXT(
(#76,#77,#78)) REPRESENTATION_CONTEXT('Context #1',
  '3D Context with UNIT and UNCERTAINTY') );
#76 = ( LENGTH_UNIT() NAMED_UNIT(*) SI_UNIT(.MILLI.,.METRE.) );
#77 = ( NAMED_UNIT(*) PLANE_ANGLE_UNIT() SI_UNIT($,.RADIAN.) );
#78 = ( NAMED_UNIT(*) SI_UNIT($,.STERADIAN.) SOLID_ANGLE_UNIT() );
#79 = UNCERTAINTY_MEASURE_WITH_UNIT(LENGTH_MEASURE(1.E-07),#76,
  'distance_accuracy_value','confusion accuracy');
#80 = PRODUCT_RELATED_PRODUCT_CATEGORY('part',$,(#7));
#81 = SHAPE_DEFINITION_REPRESENTATION(#82,#88);
#82 = PRODUCT_DEFINITION_SHAPE('','',#83);
#83 = PRODUCT_DEFINITION('design','',#84,#87);
#84 = PRODUCT_DEFINITION_FORMATION('','',#85);
#85 = PRODUCT('C_0402_1005Metric','C_0402_1005Metric','',(#86));
#86 = PRODUCT_CONTEXT('',#2,'mechanical');
#87 = PRODUCT_DEFINITION_CONTEXT('part definition',#2,'design');
#88 = SHAPE_REPRESENTATION('',(#11,#89),#93);
#89 = AXIS2_PLACEMENT_3D('',#90,#91,#92);
#90 = CARTESIAN_POINT('',(0.,0.,0.));
#91 = DIRECTION('',(0.,0.,1.));
#92 = DIRECTION('',(1.,0.,-0.));
#93 = ( GEOMETRIC_REPRESENTATION_CONTEXT(3) 
GLOBAL_UNCERTAINTY_ASSIGNED_CONTEXT((#97)) GLOBAL_UNIT_ASSIGNED_CONTEXT(
(#94,#95,#96)) REPRESENTATION_CONTEXT('Context #1',
  '3D Context with UNIT and UNCERTAINTY') );
#94 = ( LENGTH_UNIT() NAMED_UNIT(*) SI_UNIT(.MILLI.,.METRE.) );
#95 = ( NAMED_UNIT(*) PLANE_ANGLE_UNIT() SI_UNIT($,.RADIAN.) );
#96 = ( NAMED_UNIT(*) SI_UNIT($,.STERADIAN.) SOLID_ANGLE_UNIT() );
#97 = UNCERTAINTY_MEASURE_WITH_UNIT(LENGTH_MEASURE(1.E-07),#94,
  'distance_accuracy_value','confusion accuracy');
#98 = CONTEXT_DEPENDENT_SHAPE_REPRESENTATION(#99,#101);
#99 = ( REPRESENTATION_RELATIONSHIP('','',#88,#10) 
REPRESENTATION_RELATIONSHIP_WITH_TRANSFORMATION(#100) 
SHAPE_REPRESENTATION_RELATIONSHIP() );
#100 = ITEM_DEFINED_TRANSFORMATION('','',#11,#15);
#101 = PRODUCT_DEFINITION_SHAPE('Placement','Placement of an item',#102
  );
#102 = NEXT_ASSEMBLY_USAGE_OCCURRENCE('2','C1','',#5,#83,$);
#103 = PRODUCT_RELATED_PRODUCT_CATEGORY('part',$,(#85));
#104 = SHAPE_DEFINITION_REPRESENTATION(#105,#111);
#105 = PRODUCT_DEFINITION_SHAPE('','',#106);
#106 = PRODUCT_DEFINITION('design','',#107,#110);
#107 = PRODUCT_DEFINITION_FORMATION('','',#108);
#108 = PRODUCT('C_0402_1005Metric','C_0402_1005Metric','',(#109));
#109 = PRODUCT_CONTEXT('',#2,'mechanical');
#110 = PRODUCT_DEFINITION_CONTEXT('part definition',#2,'design');
#111 = ADVANCED_BREP_SHAPE_REPRESENTATION('',(#11,#112),#966);
#112 = MANIFOLD_SOLID_BREP('',#113);
#113 = CLOSED_SHELL('',(#114,#190,#221,#246,#271,#295,#319,#344,#369,
    #386,#472,#504,#528,#553,#577,#602,#626,#651,#668,#754,#785,#810,
    #835,#859,#883,#908,#933,#950));
#114 = ADVANCED_FACE('',(#115),#185,.F.);
#115 = FACE_BOUND('',#116,.F.);
#116 = EDGE_LOOP('',(#117,#127,#136,#144,#153,#161,#170,#178));
#117 = ORIENTED_EDGE('',*,*,#118,.F.);
#118 = EDGE_CURVE('',#119,#121,#123,.T.);
#119 = VERTEX_POINT('',#120);
#120 = CARTESIAN_POINT('',(-0.5,-0.25,2.E-02));
#121 = VERTEX_POINT('',#122);
#122 = CARTESIAN_POINT('',(-0.5,-0.25,0.48));
#123 = LINE('',#124,#125);
#124 = CARTESIAN_POINT('',(-0.5,-0.25,0.));
#125 = VECTOR('',#126,1.);
#126 = DIRECTION('',(0.,0.,1.));
#127 = ORIENTED_EDGE('',*,*,#128,.T.);
#128 = EDGE_CURVE('',#119,#129,#131,.T.);
#129 = VERTEX_POINT('',#130);
#130 = CARTESIAN_POINT('',(-0.5,-0.23,0.));
#131 = CIRCLE('',#132,2.E-02);
#132 = AXIS2_PLACEMENT_3D('',#133,#134,#135);
#133 = CARTESIAN_POINT('',(-0.5,-0.23,2.E-02));
#134 = DIRECTION('',(1.,0.,-0.));
#135 = DIRECTION('',(0.,0.,1.));
#136 = ORIENTED_EDGE('',*,*,#137,.T.);
#137 = EDGE_CURVE('',#129,#138,#140,.T.);
#138 = VERTEX_POINT('',#139);
#139 = CARTESIAN_POINT('',(-0.5,0.23,0.));
#140 = LINE('',#141,#142);
#141 = CARTESIAN_POINT('',(-0.5,-0.25,0.));
#142 = VECTOR('',#143,1.);
#143 = DIRECTION('',(0.,1.,0.));
#144 = ORIENTED_EDGE('',*,*,#145,.F.);
#145 = EDGE_CURVE('',#146,#138,#148,.T.);
#146 = VERTEX_POINT('',#147);
#147 = CARTESIAN_POINT('',(-0.5,0.25,2.E-02));
#148 = CIRCLE('',#149,2.E-02);
#149 = AXIS2_PLACEMENT_3D('',#150,#151,#152);
#150 = CARTESIAN_POINT('',(-0.5,0.23,2.E-02));
#151 = DIRECTION('',(-1.,0.,0.));
#152 = DIRECTION('',(0.,0.,1.));
#153 = ORIENTED_EDGE('',*,*,#154,.T.);
#154 = EDGE_CURVE('',#146,#155,#157,.T.);
#155 = VERTEX_POINT('',#156);
#156 = CARTESIAN_POINT('',(-0.5,0.25,0.48));
#157 = LINE('',#158,#159);
#158 = CARTESIAN_POINT('',(-0.5,0.25,0.));
#159 = VECTOR('',#160,1.);
#160 = DIRECTION('',(0.,0.,1.));
#161 = ORIENTED_EDGE('',*,*,#162,.T.);
#162 = EDGE_CURVE('',#155,#163,#165,.T.);
#163 = VERTEX_POINT('',#164);
#164 = CARTESIAN_POINT('',(-0.5,0.23,0.5));
#165 = CIRCLE('',#166,2.E-02);
#166 = AXIS2_PLACEMENT_3D('',#167,#168,#169);
#167 = CARTESIAN_POINT('',(-0.5,0.23,0.48));
#168 = DIRECTION('',(1.,0.,-0.));
#169 = DIRECTION('',(0.,0.,1.));
#170 = ORIENTED_EDGE('',*,*,#171,.F.);
#171 = EDGE_CURVE('',#172,#163,#174,.T.);
#172 = VERTEX_POINT('',#173);
#173 = CARTESIAN_POINT('',(-0.5,-0.23,0.5));
#174 = LINE('',#175,#176);
#175 = CARTESIAN_POINT('',(-0.5,-0.25,0.5));
#176 = VECTOR('',#177,1.);
#177 = DIRECTION('',(0.,1.,0.));
#178 = ORIENTED_EDGE('',*,*,#179,.F.);
#179 = EDGE_CURVE('',#121,#172,#180,.T.);
#180 = CIRCLE('',#181,2.E-02);
#181 = AXIS2_PLACEMENT_3D('',#182,#183,#184);
#182 = CARTESIAN_POINT('',(-0.5,-0.23,0.48));
#183 = DIRECTION('',(-1.,0.,0.));
#184 = DIRECTION('',(0.,0.,1.));
#185 = PLANE('',#186);
#186 = AXIS2_PLACEMENT_3D('',#187,#188,#189);
#187 = CARTESIAN_POINT('',(-0.5,-0.25,0.));
#188 = DIRECTION('',(1.,0.,0.));
#189 = DIRECTION('',(0.,0.,1.));
#190 = ADVANCED_FACE('',(#191),#216,.F.);
#191 = FACE_BOUND('',#192,.F.);
#192 = EDGE_LOOP('',(#193,#203,#209,#210));
#193 = ORIENTED_EDGE('',*,*,#194,.F.);
#194 = EDGE_CURVE('',#195,#197,#199,.T.);
#195 = VERTEX_POINT('',#196);
#196 = CARTESIAN_POINT('',(-0.3,-0.25,2.E-02));
#197 = VERTEX_POINT('',#198);
#198 = CARTESIAN_POINT('',(-0.3,-0.25,0.48));
#199 = LINE('',#200,#201);
#200 = CARTESIAN_POINT('',(-0.3,-0.25,0.));
#201 = VECTOR('',#202,1.);
#202 = DIRECTION('',(0.,0.,1.));
#203 = ORIENTED_EDGE('',*,*,#204,.F.);
#204 = EDGE_CURVE('',#119,#195,#205,.T.);
#205 = LINE('',#206,#207);
#206 = CARTESIAN_POINT('',(-0.5,-0.25,2.E-02));
#207 = VECTOR('',#208,1.);
#208 = DIRECTION('',(1.,0.,0.));
#209 = ORIENTED_EDGE('',*,*,#118,.T.);
#210 = ORIENTED_EDGE('',*,*,#211,.T.);
#211 = EDGE_CURVE('',#121,#197,#212,.T.);
#212 = LINE('',#213,#214);
#213 = CARTESIAN_POINT('',(-0.5,-0.25,0.48));
#214 = VECTOR('',#215,1.);
#215 = DIRECTION('',(1.,0.,0.));
#216 = PLANE('',#217);
#217 = AXIS2_PLACEMENT_3D('',#218,#219,#220);
#218 = CARTESIAN_POINT('',(-0.5,-0.25,0.));
#219 = DIRECTION('',(0.,1.,0.));
#220 = DIRECTION('',(0.,-0.,1.));
#221 = ADVANCED_FACE('',(#222),#241,.T.);
#222 = FACE_BOUND('',#223,.T.);
#223 = EDGE_LOOP('',(#224,#225,#233,#240));
#224 = ORIENTED_EDGE('',*,*,#128,.T.);
#225 = ORIENTED_EDGE('',*,*,#226,.T.);
#226 = EDGE_CURVE('',#129,#227,#229,.T.);
#227 = VERTEX_POINT('',#228);
#228 = CARTESIAN_POINT('',(-0.3,-0.23,0.));
#229 = LINE('',#230,#231);
#230 = CARTESIAN_POINT('',(-0.5,-0.23,0.));
#231 = VECTOR('',#232,1.);
#232 = DIRECTION('',(1.,0.,0.));
#233 = ORIENTED_EDGE('',*,*,#234,.F.);
#234 = EDGE_CURVE('',#195,#227,#235,.T.);
#235 = CIRCLE('',#236,2.E-02);
#236 = AXIS2_PLACEMENT_3D('',#237,#238,#239);
#237 = CARTESIAN_POINT('',(-0.3,-0.23,2.E-02));
#238 = DIRECTION('',(1.,0.,-0.));
#239 = DIRECTION('',(0.,0.,1.));
#240 = ORIENTED_EDGE('',*,*,#204,.F.);
#241 = CYLINDRICAL_SURFACE('',#242,2.E-02);
#242 = AXIS2_PLACEMENT_3D('',#243,#244,#245);
#243 = CARTESIAN_POINT('',(-0.5,-0.23,2.E-02));
#244 = DIRECTION('',(1.,0.,0.));
#245 = DIRECTION('',(0.,-1.,0.));
#246 = ADVANCED_FACE('',(#247),#266,.T.);
#247 = FACE_BOUND('',#248,.T.);
#248 = EDGE_LOOP('',(#249,#250,#259,#265));
#249 = ORIENTED_EDGE('',*,*,#211,.T.);
#250 = ORIENTED_EDGE('',*,*,#251,.T.);
#251 = EDGE_CURVE('',#197,#252,#254,.T.);
#252 = VERTEX_POINT('',#253);
#253 = CARTESIAN_POINT('',(-0.3,-0.23,0.5));
#254 = CIRCLE('',#255,2.E-02);
#255 = AXIS2_PLACEMENT_3D('',#256,#257,#258);
#256 = CARTESIAN_POINT('',(-0.3,-0.23,0.48));
#257 = DIRECTION('',(-1.,0.,0.));
#258 = DIRECTION('',(0.,0.,1.));
#259 = ORIENTED_EDGE('',*,*,#260,.F.);
#260 = EDGE_CURVE('',#172,#252,#261,.T.);
#261 = LINE('',#262,#263);
#262 = CARTESIAN_POINT('',(-0.5,-0.23,0.5));
#263 = VECTOR('',#264,1.);
#264 = DIRECTION('',(1.,0.,0.));
#265 = ORIENTED_EDGE('',*,*,#179,.F.);
#266 = CYLINDRICAL_SURFACE('',#267,2.E-02);
#267 = AXIS2_PLACEMENT_3D('',#268,#269,#270);
#268 = CARTESIAN_POINT('',(-0.5,-0.23,0.48));
#269 = DIRECTION('',(1.,0.,0.));
#270 = DIRECTION('',(0.,-1.,0.));
#271 = ADVANCED_FACE('',(#272),#290,.F.);
#272 = FACE_BOUND('',#273,.F.);
#273 = EDGE_LOOP('',(#274,#275,#276,#284));
#274 = ORIENTED_EDGE('',*,*,#137,.F.);
#275 = ORIENTED_EDGE('',*,*,#226,.T.);
#276 = ORIENTED_EDGE('',*,*,#277,.T.);
#277 = EDGE_CURVE('',#227,#278,#280,.T.);
#278 = VERTEX_POINT('',#279);
#279 = CARTESIAN_POINT('',(-0.3,0.23,0.));
#280 = LINE('',#281,#282);
#281 = CARTESIAN_POINT('',(-0.3,-0.25,0.));
#282 = VECTOR('',#283,1.);
#283 = DIRECTION('',(0.,1.,0.));
#284 = ORIENTED_EDGE('',*,*,#285,.F.);
#285 = EDGE_CURVE('',#138,#278,#286,.T.);
#286 = LINE('',#287,#288);
#287 = CARTESIAN_POINT('',(-0.5,0.23,0.));
#288 = VECTOR('',#289,1.);
#289 = DIRECTION('',(1.,0.,0.));
#290 = PLANE('',#291);
#291 = AXIS2_PLACEMENT_3D('',#292,#293,#294);
#292 = CARTESIAN_POINT('',(-0.5,-0.25,0.));
#293 = DIRECTION('',(0.,0.,1.));
#294 = DIRECTION('',(1.,0.,-0.));
#295 = ADVANCED_FACE('',(#296),#314,.T.);
#296 = FACE_BOUND('',#297,.T.);
#297 = EDGE_LOOP('',(#298,#299,#300,#308));
#298 = ORIENTED_EDGE('',*,*,#171,.F.);
#299 = ORIENTED_EDGE('',*,*,#260,.T.);
#300 = ORIENTED_EDGE('',*,*,#301,.T.);
#301 = EDGE_CURVE('',#252,#302,#304,.T.);
#302 = VERTEX_POINT('',#303);
#303 = CARTESIAN_POINT('',(-0.3,0.23,0.5));
#304 = LINE('',#305,#306);
#305 = CARTESIAN_POINT('',(-0.3,-0.25,0.5));
#306 = VECTOR('',#307,1.);
#307 = DIRECTION('',(0.,1.,0.));
#308 = ORIENTED_EDGE('',*,*,#309,.F.);
#309 = EDGE_CURVE('',#163,#302,#310,.T.);
#310 = LINE('',#311,#312);
#311 = CARTESIAN_POINT('',(-0.5,0.23,0.5));
#312 = VECTOR('',#313,1.);
#313 = DIRECTION('',(1.,0.,0.));
#314 = PLANE('',#315);
#315 = AXIS2_PLACEMENT_3D('',#316,#317,#318);
#316 = CARTESIAN_POINT('',(-0.5,-0.25,0.5));
#317 = DIRECTION('',(0.,0.,1.));
#318 = DIRECTION('',(1.,0.,-0.));
#319 = ADVANCED_FACE('',(#320),#339,.T.);
#320 = FACE_BOUND('',#321,.T.);
#321 = EDGE_LOOP('',(#322,#330,#337,#338));
#322 = ORIENTED_EDGE('',*,*,#323,.T.);
#323 = EDGE_CURVE('',#146,#324,#326,.T.);
#324 = VERTEX_POINT('',#325);
#325 = CARTESIAN_POINT('',(-0.3,0.25,2.E-02));
#326 = LINE('',#327,#328);
#327 = CARTESIAN_POINT('',(-0.5,0.25,2.E-02));
#328 = VECTOR('',#329,1.);
#329 = DIRECTION('',(1.,0.,0.));
#330 = ORIENTED_EDGE('',*,*,#331,.T.);
#331 = EDGE_CURVE('',#324,#278,#332,.T.);
#332 = CIRCLE('',#333,2.E-02);
#333 = AXIS2_PLACEMENT_3D('',#334,#335,#336);
#334 = CARTESIAN_POINT('',(-0.3,0.23,2.E-02));
#335 = DIRECTION('',(-1.,0.,0.));
#336 = DIRECTION('',(0.,0.,1.));
#337 = ORIENTED_EDGE('',*,*,#285,.F.);
#338 = ORIENTED_EDGE('',*,*,#145,.F.);
#339 = CYLINDRICAL_SURFACE('',#340,2.E-02);
#340 = AXIS2_PLACEMENT_3D('',#341,#342,#343);
#341 = CARTESIAN_POINT('',(-0.5,0.23,2.E-02));
#342 = DIRECTION('',(1.,0.,0.));
#343 = DIRECTION('',(-0.,1.,0.));
#344 = ADVANCED_FACE('',(#345),#364,.T.);
#345 = FACE_BOUND('',#346,.T.);
#346 = EDGE_LOOP('',(#347,#348,#349,#358));
#347 = ORIENTED_EDGE('',*,*,#162,.T.);
#348 = ORIENTED_EDGE('',*,*,#309,.T.);
#349 = ORIENTED_EDGE('',*,*,#350,.F.);
#350 = EDGE_CURVE('',#351,#302,#353,.T.);
#351 = VERTEX_POINT('',#352);
#352 = CARTESIAN_POINT('',(-0.3,0.25,0.48));
#353 = CIRCLE('',#354,2.E-02);
#354 = AXIS2_PLACEMENT_3D('',#355,#356,#357);
#355 = CARTESIAN_POINT('',(-0.3,0.23,0.48));
#356 = DIRECTION('',(1.,0.,-0.));
#357 = DIRECTION('',(0.,0.,1.));
#358 = ORIENTED_EDGE('',*,*,#359,.F.);
#359 = EDGE_CURVE('',#155,#351,#360,.T.);
#360 = LINE('',#361,#362);
#361 = CARTESIAN_POINT('',(-0.5,0.25,0.48));
#362 = VECTOR('',#363,1.);
#363 = DIRECTION('',(1.,0.,0.));
#364 = CYLINDRICAL_SURFACE('',#365,2.E-02);
#365 = AXIS2_PLACEMENT_3D('',#366,#367,#368);
#366 = CARTESIAN_POINT('',(-0.5,0.23,0.48));
#367 = DIRECTION('',(1.,0.,0.));
#368 = DIRECTION('',(-0.,1.,0.));
#369 = ADVANCED_FACE('',(#370),#381,.T.);
#370 = FACE_BOUND('',#371,.T.);
#371 = EDGE_LOOP('',(#372,#378,#379,#380));
#372 = ORIENTED_EDGE('',*,*,#373,.F.);
#373 = EDGE_CURVE('',#324,#351,#374,.T.);
#374 = LINE('',#375,#376);
#375 = CARTESIAN_POINT('',(-0.3,0.25,0.));
#376 = VECTOR('',#377,1.);
#377 = DIRECTION('',(0.,0.,1.));
#378 = ORIENTED_EDGE('',*,*,#323,.F.);
#379 = ORIENTED_EDGE('',*,*,#154,.T.);
#380 = ORIENTED_EDGE('',*,*,#359,.T.);
#381 = PLANE('',#382);
#382 = AXIS2_PLACEMENT_3D('',#383,#384,#385);
#383 = CARTESIAN_POINT('',(-0.5,0.25,0.));
#384 = DIRECTION('',(0.,1.,0.));
#385 = DIRECTION('',(0.,-0.,1.));
#386 = ADVANCED_FACE('',(#387,#397),#467,.T.);
#387 = FACE_BOUND('',#388,.T.);
#388 = EDGE_LOOP('',(#389,#390,#391,#392,#393,#394,#395,#396));
#389 = ORIENTED_EDGE('',*,*,#194,.F.);
#390 = ORIENTED_EDGE('',*,*,#234,.T.);
#391 = ORIENTED_EDGE('',*,*,#277,.T.);
#392 = ORIENTED_EDGE('',*,*,#331,.F.);
#393 = ORIENTED_EDGE('',*,*,#373,.T.);
#394 = ORIENTED_EDGE('',*,*,#350,.T.);
#395 = ORIENTED_EDGE('',*,*,#301,.F.);
#396 = ORIENTED_EDGE('',*,*,#251,.F.);
#397 = FACE_BOUND('',#398,.T.);
#398 = EDGE_LOOP('',(#399,#410,#418,#427,#435,#444,#452,#461));
#399 = ORIENTED_EDGE('',*,*,#400,.F.);
#400 = EDGE_CURVE('',#401,#403,#405,.T.);
#401 = VERTEX_POINT('',#402);
#402 = CARTESIAN_POINT('',(-0.3,-0.23,4.E-02));
#403 = VERTEX_POINT('',#404);
#404 = CARTESIAN_POINT('',(-0.3,-0.21,2.E-02));
#405 = CIRCLE('',#406,2.E-02);
#406 = AXIS2_PLACEMENT_3D('',#407,#408,#409);
#407 = CARTESIAN_POINT('',(-0.3,-0.21,4.E-02));
#408 = DIRECTION('',(1.,0.,-0.));
#409 = DIRECTION('',(0.,0.,1.));
#410 = ORIENTED_EDGE('',*,*,#411,.T.);
#411 = EDGE_CURVE('',#401,#412,#414,.T.);
#412 = VERTEX_POINT('',#413);
#413 = CARTESIAN_POINT('',(-0.3,-0.23,0.46));
#414 = LINE('',#415,#416);
#415 = CARTESIAN_POINT('',(-0.3,-0.23,2.E-02));
#416 = VECTOR('',#417,1.);
#417 = DIRECTION('',(0.,0.,1.));
#418 = ORIENTED_EDGE('',*,*,#419,.T.);
#419 = EDGE_CURVE('',#412,#420,#422,.T.);
#420 = VERTEX_POINT('',#421);
#421 = CARTESIAN_POINT('',(-0.3,-0.21,0.48));
#422 = CIRCLE('',#423,2.E-02);
#423 = AXIS2_PLACEMENT_3D('',#424,#425,#426);
#424 = CARTESIAN_POINT('',(-0.3,-0.21,0.46));
#425 = DIRECTION('',(-1.,0.,0.));
#426 = DIRECTION('',(0.,0.,1.));
#427 = ORIENTED_EDGE('',*,*,#428,.T.);
#428 = EDGE_CURVE('',#420,#429,#431,.T.);
#429 = VERTEX_POINT('',#430);
#430 = CARTESIAN_POINT('',(-0.3,0.21,0.48));
#431 = LINE('',#432,#433);
#432 = CARTESIAN_POINT('',(-0.3,-0.23,0.48));
#433 = VECTOR('',#434,1.);
#434 = DIRECTION('',(0.,1.,0.));
#435 = ORIENTED_EDGE('',*,*,#436,.F.);
#436 = EDGE_CURVE('',#437,#429,#439,.T.);
#437 = VERTEX_POINT('',#438);
#438 = CARTESIAN_POINT('',(-0.3,0.23,0.46));
#439 = CIRCLE('',#440,2.E-02);
#440 = AXIS2_PLACEMENT_3D('',#441,#442,#443);
#441 = CARTESIAN_POINT('',(-0.3,0.21,0.46));
#442 = DIRECTION('',(1.,0.,-0.));
#443 = DIRECTION('',(0.,0.,1.));
#444 = ORIENTED_EDGE('',*,*,#445,.F.);
#445 = EDGE_CURVE('',#446,#437,#448,.T.);
#446 = VERTEX_POINT('',#447);
#447 = CARTESIAN_POINT('',(-0.3,0.23,4.E-02));
#448 = LINE('',#449,#450);
#449 = CARTESIAN_POINT('',(-0.3,0.23,2.E-02));
#450 = VECTOR('',#451,1.);
#451 = DIRECTION('',(0.,0.,1.));
#452 = ORIENTED_EDGE('',*,*,#453,.T.);
#453 = EDGE_CURVE('',#446,#454,#456,.T.);
#454 = VERTEX_POINT('',#455);
#455 = CARTESIAN_POINT('',(-0.3,0.21,2.E-02));
#456 = CIRCLE('',#457,2.E-02);
#457 = AXIS2_PLACEMENT_3D('',#458,#459,#460);
#458 = CARTESIAN_POINT('',(-0.3,0.21,4.E-02));
#459 = DIRECTION('',(-1.,0.,0.));
#460 = DIRECTION('',(0.,0.,1.));
#461 = ORIENTED_EDGE('',*,*,#462,.F.);
#462 = EDGE_CURVE('',#403,#454,#463,.T.);
#463 = LINE('',#464,#465);
#464 = CARTESIAN_POINT('',(-0.3,-0.23,2.E-02));
#465 = VECTOR('',#466,1.);
#466 = DIRECTION('',(0.,1.,0.));
#467 = PLANE('',#468);
#468 = AXIS2_PLACEMENT_3D('',#469,#470,#471);
#469 = CARTESIAN_POINT('',(-0.3,-0.25,0.));
#470 = DIRECTION('',(1.,0.,0.));
#471 = DIRECTION('',(0.,0.,1.));
#472 = ADVANCED_FACE('',(#473),#499,.T.);
#473 = FACE_BOUND('',#474,.T.);
#474 = EDGE_LOOP('',(#475,#476,#484,#493));
#475 = ORIENTED_EDGE('',*,*,#400,.T.);
#476 = ORIENTED_EDGE('',*,*,#477,.T.);
#477 = EDGE_CURVE('',#403,#478,#480,.T.);
#478 = VERTEX_POINT('',#479);
#479 = CARTESIAN_POINT('',(0.3,-0.21,2.E-02));
#480 = LINE('',#481,#482);
#481 = CARTESIAN_POINT('',(-0.3,-0.21,2.E-02));
#482 = VECTOR('',#483,1.);
#483 = DIRECTION('',(1.,0.,0.));
#484 = ORIENTED_EDGE('',*,*,#485,.F.);
#485 = EDGE_CURVE('',#486,#478,#488,.T.);
#486 = VERTEX_POINT('',#487);
#487 = CARTESIAN_POINT('',(0.3,-0.23,4.E-02));
#488 = CIRCLE('',#489,2.E-02);
#489 = AXIS2_PLACEMENT_3D('',#490,#491,#492);
#490 = CARTESIAN_POINT('',(0.3,-0.21,4.E-02));
#491 = DIRECTION('',(1.,0.,-0.));
#492 = DIRECTION('',(0.,0.,1.));
#493 = ORIENTED_EDGE('',*,*,#494,.F.);
#494 = EDGE_CURVE('',#401,#486,#495,.T.);
#495 = LINE('',#496,#497);
#496 = CARTESIAN_POINT('',(-0.3,-0.23,4.E-02));
#497 = VECTOR('',#498,1.);
#498 = DIRECTION('',(1.,0.,0.));
#499 = CYLINDRICAL_SURFACE('',#500,2.E-02);
#500 = AXIS2_PLACEMENT_3D('',#501,#502,#503);
#501 = CARTESIAN_POINT('',(-0.3,-0.21,4.E-02));
#502 = DIRECTION('',(1.,0.,0.));
#503 = DIRECTION('',(0.,-1.,0.));
#504 = ADVANCED_FACE('',(#505),#523,.F.);
#505 = FACE_BOUND('',#506,.F.);
#506 = EDGE_LOOP('',(#507,#508,#509,#517));
#507 = ORIENTED_EDGE('',*,*,#462,.F.);
#508 = ORIENTED_EDGE('',*,*,#477,.T.);
#509 = ORIENTED_EDGE('',*,*,#510,.T.);
#510 = EDGE_CURVE('',#478,#511,#513,.T.);
#511 = VERTEX_POINT('',#512);
#512 = CARTESIAN_POINT('',(0.3,0.21,2.E-02));
#513 = LINE('',#514,#515);
#514 = CARTESIAN_POINT('',(0.3,-0.23,2.E-02));
#515 = VECTOR('',#516,1.);
#516 = DIRECTION('',(0.,1.,0.));
#517 = ORIENTED_EDGE('',*,*,#518,.F.);
#518 = EDGE_CURVE('',#454,#511,#519,.T.);
#519 = LINE('',#520,#521);
#520 = CARTESIAN_POINT('',(-0.3,0.21,2.E-02));
#521 = VECTOR('',#522,1.);
#522 = DIRECTION('',(1.,0.,0.));
#523 = PLANE('',#524);
#524 = AXIS2_PLACEMENT_3D('',#525,#526,#527);
#525 = CARTESIAN_POINT('',(-0.3,-0.23,2.E-02));
#526 = DIRECTION('',(0.,0.,1.));
#527 = DIRECTION('',(1.,0.,-0.));
#528 = ADVANCED_FACE('',(#529),#548,.T.);
#529 = FACE_BOUND('',#530,.T.);
#530 = EDGE_LOOP('',(#531,#539,#546,#547));
#531 = ORIENTED_EDGE('',*,*,#532,.T.);
#532 = EDGE_CURVE('',#446,#533,#535,.T.);
#533 = VERTEX_POINT('',#534);
#534 = CARTESIAN_POINT('',(0.3,0.23,4.E-02));
#535 = LINE('',#536,#537);
#536 = CARTESIAN_POINT('',(-0.3,0.23,4.E-02));
#537 = VECTOR('',#538,1.);
#538 = DIRECTION('',(1.,0.,0.));
#539 = ORIENTED_EDGE('',*,*,#540,.T.);
#540 = EDGE_CURVE('',#533,#511,#541,.T.);
#541 = CIRCLE('',#542,2.E-02);
#542 = AXIS2_PLACEMENT_3D('',#543,#544,#545);
#543 = CARTESIAN_POINT('',(0.3,0.21,4.E-02));
#544 = DIRECTION('',(-1.,0.,0.));
#545 = DIRECTION('',(0.,0.,1.));
#546 = ORIENTED_EDGE('',*,*,#518,.F.);
#547 = ORIENTED_EDGE('',*,*,#453,.F.);
#548 = CYLINDRICAL_SURFACE('',#549,2.E-02);
#549 = AXIS2_PLACEMENT_3D('',#550,#551,#552);
#550 = CARTESIAN_POINT('',(-0.3,0.21,4.E-02));
#551 = DIRECTION('',(1.,0.,0.));
#552 = DIRECTION('',(-0.,1.,0.));
#553 = ADVANCED_FACE('',(#554),#572,.T.);
#554 = FACE_BOUND('',#555,.T.);
#555 = EDGE_LOOP('',(#556,#564,#565,#566));
#556 = ORIENTED_EDGE('',*,*,#557,.F.);
#557 = EDGE_CURVE('',#533,#558,#560,.T.);
#558 = VERTEX_POINT('',#559);
#559 = CARTESIAN_POINT('',(0.3,0.23,0.46));
#560 = LINE('',#561,#562);
#561 = CARTESIAN_POINT('',(0.3,0.23,2.E-02));
#562 = VECTOR('',#563,1.);
#563 = DIRECTION('',(0.,0.,1.));
#564 = ORIENTED_EDGE('',*,*,#532,.F.);
#565 = ORIENTED_EDGE('',*,*,#445,.T.);
#566 = ORIENTED_EDGE('',*,*,#567,.T.);
#567 = EDGE_CURVE('',#437,#558,#568,.T.);
#568 = LINE('',#569,#570);
#569 = CARTESIAN_POINT('',(-0.3,0.23,0.46));
#570 = VECTOR('',#571,1.);
#571 = DIRECTION('',(1.,0.,0.));
#572 = PLANE('',#573);
#573 = AXIS2_PLACEMENT_3D('',#574,#575,#576);
#574 = CARTESIAN_POINT('',(-0.3,0.23,2.E-02));
#575 = DIRECTION('',(0.,1.,0.));
#576 = DIRECTION('',(0.,-0.,1.));
#577 = ADVANCED_FACE('',(#578),#597,.T.);
#578 = FACE_BOUND('',#579,.T.);
#579 = EDGE_LOOP('',(#580,#581,#589,#596));
#580 = ORIENTED_EDGE('',*,*,#436,.T.);
#581 = ORIENTED_EDGE('',*,*,#582,.T.);
#582 = EDGE_CURVE('',#429,#583,#585,.T.);
#583 = VERTEX_POINT('',#584);
#584 = CARTESIAN_POINT('',(0.3,0.21,0.48));
#585 = LINE('',#586,#587);
#586 = CARTESIAN_POINT('',(-0.3,0.21,0.48));
#587 = VECTOR('',#588,1.);
#588 = DIRECTION('',(1.,0.,0.));
#589 = ORIENTED_EDGE('',*,*,#590,.F.);
#590 = EDGE_CURVE('',#558,#583,#591,.T.);
#591 = CIRCLE('',#592,2.E-02);
#592 = AXIS2_PLACEMENT_3D('',#593,#594,#595);
#593 = CARTESIAN_POINT('',(0.3,0.21,0.46));
#594 = DIRECTION('',(1.,0.,-0.));
#595 = DIRECTION('',(0.,0.,1.));
#596 = ORIENTED_EDGE('',*,*,#567,.F.);
#597 = CYLINDRICAL_SURFACE('',#598,2.E-02);
#598 = AXIS2_PLACEMENT_3D('',#599,#600,#601);
#599 = CARTESIAN_POINT('',(-0.3,0.21,0.46));
#600 = DIRECTION('',(1.,0.,0.));
#601 = DIRECTION('',(-0.,1.,0.));
#602 = ADVANCED_FACE('',(#603),#621,.T.);
#603 = FACE_BOUND('',#604,.T.);
#604 = EDGE_LOOP('',(#605,#606,#614,#620));
#605 = ORIENTED_EDGE('',*,*,#428,.F.);
#606 = ORIENTED_EDGE('',*,*,#607,.T.);
#607 = EDGE_CURVE('',#420,#608,#610,.T.);
#608 = VERTEX_POINT('',#609);
#609 = CARTESIAN_POINT('',(0.3,-0.21,0.48));
#610 = LINE('',#611,#612);
#611 = CARTESIAN_POINT('',(-0.3,-0.21,0.48));
#612 = VECTOR('',#613,1.);
#613 = DIRECTION('',(1.,0.,0.));
#614 = ORIENTED_EDGE('',*,*,#615,.T.);
#615 = EDGE_CURVE('',#608,#583,#616,.T.);
#616 = LINE('',#617,#618);
#617 = CARTESIAN_POINT('',(0.3,-0.23,0.48));
#618 = VECTOR('',#619,1.);
#619 = DIRECTION('',(0.,1.,0.));
#620 = ORIENTED_EDGE('',*,*,#582,.F.);
#621 = PLANE('',#622);
#622 = AXIS2_PLACEMENT_3D('',#623,#624,#625);
#623 = CARTESIAN_POINT('',(-0.3,-0.23,0.48));
#624 = DIRECTION('',(0.,0.,1.));
#625 = DIRECTION('',(1.,0.,-0.));
#626 = ADVANCED_FACE('',(#627),#646,.T.);
#627 = FACE_BOUND('',#628,.T.);
#628 = EDGE_LOOP('',(#629,#637,#644,#645));
#629 = ORIENTED_EDGE('',*,*,#630,.T.);
#630 = EDGE_CURVE('',#412,#631,#633,.T.);
#631 = VERTEX_POINT('',#632);
#632 = CARTESIAN_POINT('',(0.3,-0.23,0.46));
#633 = LINE('',#634,#635);
#634 = CARTESIAN_POINT('',(-0.3,-0.23,0.46));
#635 = VECTOR('',#636,1.);
#636 = DIRECTION('',(1.,0.,0.));
#637 = ORIENTED_EDGE('',*,*,#638,.T.);
#638 = EDGE_CURVE('',#631,#608,#639,.T.);
#639 = CIRCLE('',#640,2.E-02);
#640 = AXIS2_PLACEMENT_3D('',#641,#642,#643);
#641 = CARTESIAN_POINT('',(0.3,-0.21,0.46));
#642 = DIRECTION('',(-1.,0.,0.));
#643 = DIRECTION('',(0.,0.,1.));
#644 = ORIENTED_EDGE('',*,*,#607,.F.);
#645 = ORIENTED_EDGE('',*,*,#419,.F.);
#646 = CYLINDRICAL_SURFACE('',#647,2.E-02);
#647 = AXIS2_PLACEMENT_3D('',#648,#649,#650);
#648 = CARTESIAN_POINT('',(-0.3,-0.21,0.46));
#649 = DIRECTION('',(1.,0.,0.));
#650 = DIRECTION('',(0.,-1.,0.));
#651 = ADVANCED_FACE('',(#652),#663,.F.);
#652 = FACE_BOUND('',#653,.F.);
#653 = EDGE_LOOP('',(#654,#660,#661,#662));
#654 = ORIENTED_EDGE('',*,*,#655,.F.);
#655 = EDGE_CURVE('',#486,#631,#656,.T.);
#656 = LINE('',#657,#658);
#657 = CARTESIAN_POINT('',(0.3,-0.23,2.E-02));
#658 = VECTOR('',#659,1.);
#659 = DIRECTION('',(0.,0.,1.));
#660 = ORIENTED_EDGE('',*,*,#494,.F.);
#661 = ORIENTED_EDGE('',*,*,#411,.T.);
#662 = ORIENTED_EDGE('',*,*,#630,.T.);
#663 = PLANE('',#664);
#664 = AXIS2_PLACEMENT_3D('',#665,#666,#667);
#665 = CARTESIAN_POINT('',(-0.3,-0.23,2.E-02));
#666 = DIRECTION('',(0.,1.,0.));
#667 = DIRECTION('',(0.,-0.,1.));
#668 = ADVANCED_FACE('',(#669,#739),#749,.F.);
#669 = FACE_BOUND('',#670,.F.);
#670 = EDGE_LOOP('',(#671,#681,#690,#698,#707,#715,#724,#732));
#671 = ORIENTED_EDGE('',*,*,#672,.F.);
#672 = EDGE_CURVE('',#673,#675,#677,.T.);
#673 = VERTEX_POINT('',#674);
#674 = CARTESIAN_POINT('',(0.3,-0.25,2.E-02));
#675 = VERTEX_POINT('',#676);
#676 = CARTESIAN_POINT('',(0.3,-0.25,0.48));
#677 = LINE('',#678,#679);
#678 = CARTESIAN_POINT('',(0.3,-0.25,0.));
#679 = VECTOR('',#680,1.);
#680 = DIRECTION('',(0.,0.,1.));
#681 = ORIENTED_EDGE('',*,*,#682,.T.);
#682 = EDGE_CURVE('',#673,#683,#685,.T.);
#683 = VERTEX_POINT('',#684);
#684 = CARTESIAN_POINT('',(0.3,-0.23,0.));
#685 = CIRCLE('',#686,2.E-02);
#686 = AXIS2_PLACEMENT_3D('',#687,#688,#689);
#687 = CARTESIAN_POINT('',(0.3,-0.23,2.E-02));
#688 = DIRECTION('',(1.,0.,-0.));
#689 = DIRECTION('',(0.,0.,1.));
#690 = ORIENTED_EDGE('',*,*,#691,.T.);
#691 = EDGE_CURVE('',#683,#692,#694,.T.);
#692 = VERTEX_POINT('',#693);
#693 = CARTESIAN_POINT('',(0.3,0.23,0.));
#694 = LINE('',#695,#696);
#695 = CARTESIAN_POINT('',(0.3,-0.25,0.));
#696 = VECTOR('',#697,1.);
#697 = DIRECTION('',(0.,1.,0.));
#698 = ORIENTED_EDGE('',*,*,#699,.F.);
#699 = EDGE_CURVE('',#700,#692,#702,.T.);
#700 = VERTEX_POINT('',#701);
#701 = CARTESIAN_POINT('',(0.3,0.25,2.E-02));
#702 = CIRCLE('',#703,2.E-02);
#703 = AXIS2_PLACEMENT_3D('',#704,#705,#706);
#704 = CARTESIAN_POINT('',(0.3,0.23,2.E-02));
#705 = DIRECTION('',(-1.,0.,0.));
#706 = DIRECTION('',(0.,0.,1.));
#707 = ORIENTED_EDGE('',*,*,#708,.T.);
#708 = EDGE_CURVE('',#700,#709,#711,.T.);
#709 = VERTEX_POINT('',#710);
#710 = CARTESIAN_POINT('',(0.3,0.25,0.48));
#711 = LINE('',#712,#713);
#712 = CARTESIAN_POINT('',(0.3,0.25,0.));
#713 = VECTOR('',#714,1.);
#714 = DIRECTION('',(0.,0.,1.));
#715 = ORIENTED_EDGE('',*,*,#716,.T.);
#716 = EDGE_CURVE('',#709,#717,#719,.T.);
#717 = VERTEX_POINT('',#718);
#718 = CARTESIAN_POINT('',(0.3,0.23,0.5));
#719 = CIRCLE('',#720,2.E-02);
#720 = AXIS2_PLACEMENT_3D('',#721,#722,#723);
#721 = CARTESIAN_POINT('',(0.3,0.23,0.48));
#722 = DIRECTION('',(1.,0.,-0.));
#723 = DIRECTION('',(0.,0.,1.));
#724 = ORIENTED_EDGE('',*,*,#725,.F.);
#725 = EDGE_CURVE('',#726,#717,#728,.T.);
#726 = VERTEX_POINT('',#727);
#727 = CARTESIAN_POINT('',(0.3,-0.23,0.5));
#728 = LINE('',#729,#730);
#729 = CARTESIAN_POINT('',(0.3,-0.25,0.5));
#730 = VECTOR('',#731,1.);
#731 = DIRECTION('',(0.,1.,0.));
#732 = ORIENTED_EDGE('',*,*,#733,.F.);
#733 = EDGE_CURVE('',#675,#726,#734,.T.);
#734 = CIRCLE('',#735,2.E-02);
#735 = AXIS2_PLACEMENT_3D('',#736,#737,#738);
#736 = CARTESIAN_POINT('',(0.3,-0.23,0.48));
#737 = DIRECTION('',(-1.,0.,0.));
#738 = DIRECTION('',(0.,0.,1.));
#739 = FACE_BOUND('',#740,.F.);
#740 = EDGE_LOOP('',(#741,#742,#743,#744,#745,#746,#747,#748));
#741 = ORIENTED_EDGE('',*,*,#485,.F.);
#742 = ORIENTED_EDGE('',*,*,#655,.T.);
#743 = ORIENTED_EDGE('',*,*,#638,.T.);
#744 = ORIENTED_EDGE('',*,*,#615,.T.);
#745 = ORIENTED_EDGE('',*,*,#590,.F.);
#746 = ORIENTED_EDGE('',*,*,#557,.F.);
#747 = ORIENTED_EDGE('',*,*,#540,.T.);
#748 = ORIENTED_EDGE('',*,*,#510,.F.);
#749 = PLANE('',#750);
#750 = AXIS2_PLACEMENT_3D('',#751,#752,#753);
#751 = CARTESIAN_POINT('',(0.3,-0.25,0.));
#752 = DIRECTION('',(1.,0.,0.));
#753 = DIRECTION('',(0.,0.,1.));
#754 = ADVANCED_FACE('',(#755),#780,.F.);
#755 = FACE_BOUND('',#756,.F.);
#756 = EDGE_LOOP('',(#757,#767,#773,#774));
#757 = ORIENTED_EDGE('',*,*,#758,.F.);
#758 = EDGE_CURVE('',#759,#761,#763,.T.);
#759 = VERTEX_POINT('',#760);
#760 = CARTESIAN_POINT('',(0.5,-0.25,2.E-02));
#761 = VERTEX_POINT('',#762);
#762 = CARTESIAN_POINT('',(0.5,-0.25,0.48));
#763 = LINE('',#764,#765);
#764 = CARTESIAN_POINT('',(0.5,-0.25,0.));
#765 = VECTOR('',#766,1.);
#766 = DIRECTION('',(0.,0.,1.));
#767 = ORIENTED_EDGE('',*,*,#768,.F.);
#768 = EDGE_CURVE('',#673,#759,#769,.T.);
#769 = LINE('',#770,#771);
#770 = CARTESIAN_POINT('',(0.3,-0.25,2.E-02));
#771 = VECTOR('',#772,1.);
#772 = DIRECTION('',(1.,0.,0.));
#773 = ORIENTED_EDGE('',*,*,#672,.T.);
#774 = ORIENTED_EDGE('',*,*,#775,.T.);
#775 = EDGE_CURVE('',#675,#761,#776,.T.);
#776 = LINE('',#777,#778);
#777 = CARTESIAN_POINT('',(0.3,-0.25,0.48));
#778 = VECTOR('',#779,1.);
#779 = DIRECTION('',(1.,0.,0.));
#780 = PLANE('',#781);
#781 = AXIS2_PLACEMENT_3D('',#782,#783,#784);
#782 = CARTESIAN_POINT('',(0.3,-0.25,0.));
#783 = DIRECTION('',(0.,1.,0.));
#784 = DIRECTION('',(0.,-0.,1.));
#785 = ADVANCED_FACE('',(#786),#805,.T.);
#786 = FACE_BOUND('',#787,.T.);
#787 = EDGE_LOOP('',(#788,#789,#797,#804));
#788 = ORIENTED_EDGE('',*,*,#682,.T.);
#789 = ORIENTED_EDGE('',*,*,#790,.T.);
#790 = EDGE_CURVE('',#683,#791,#793,.T.);
#791 = VERTEX_POINT('',#792);
#792 = CARTESIAN_POINT('',(0.5,-0.23,0.));
#793 = LINE('',#794,#795);
#794 = CARTESIAN_POINT('',(0.3,-0.23,0.));
#795 = VECTOR('',#796,1.);
#796 = DIRECTION('',(1.,0.,0.));
#797 = ORIENTED_EDGE('',*,*,#798,.F.);
#798 = EDGE_CURVE('',#759,#791,#799,.T.);
#799 = CIRCLE('',#800,2.E-02);
#800 = AXIS2_PLACEMENT_3D('',#801,#802,#803);
#801 = CARTESIAN_POINT('',(0.5,-0.23,2.E-02));
#802 = DIRECTION('',(1.,0.,-0.));
#803 = DIRECTION('',(0.,0.,1.));
#804 = ORIENTED_EDGE('',*,*,#768,.F.);
#805 = CYLINDRICAL_SURFACE('',#806,2.E-02);
#806 = AXIS2_PLACEMENT_3D('',#807,#808,#809);
#807 = CARTESIAN_POINT('',(0.3,-0.23,2.E-02));
#808 = DIRECTION('',(1.,0.,0.));
#809 = DIRECTION('',(0.,-1.,0.));
#810 = ADVANCED_FACE('',(#811),#830,.T.);
#811 = FACE_BOUND('',#812,.T.);
#812 = EDGE_LOOP('',(#813,#814,#823,#829));
#813 = ORIENTED_EDGE('',*,*,#775,.T.);
#814 = ORIENTED_EDGE('',*,*,#815,.T.);
#815 = EDGE_CURVE('',#761,#816,#818,.T.);
#816 = VERTEX_POINT('',#817);
#817 = CARTESIAN_POINT('',(0.5,-0.23,0.5));
#818 = CIRCLE('',#819,2.E-02);
#819 = AXIS2_PLACEMENT_3D('',#820,#821,#822);
#820 = CARTESIAN_POINT('',(0.5,-0.23,0.48));
#821 = DIRECTION('',(-1.,0.,0.));
#822 = DIRECTION('',(0.,0.,1.));
#823 = ORIENTED_EDGE('',*,*,#824,.F.);
#824 = EDGE_CURVE('',#726,#816,#825,.T.);
#825 = LINE('',#826,#827);
#826 = CARTESIAN_POINT('',(0.3,-0.23,0.5));
#827 = VECTOR('',#828,1.);
#828 = DIRECTION('',(1.,0.,0.));
#829 = ORIENTED_EDGE('',*,*,#733,.F.);
#830 = CYLINDRICAL_SURFACE('',#831,2.E-02);
#831 = AXIS2_PLACEMENT_3D('',#832,#833,#834);
#832 = CARTESIAN_POINT('',(0.3,-0.23,0.48));
#833 = DIRECTION('',(1.,0.,0.));
#834 = DIRECTION('',(0.,-1.,0.));
#835 = ADVANCED_FACE('',(#836),#854,.F.);
#836 = FACE_BOUND('',#837,.F.);
#837 = EDGE_LOOP('',(#838,#839,#840,#848));
#838 = ORIENTED_EDGE('',*,*,#691,.F.);
#839 = ORIENTED_EDGE('',*,*,#790,.T.);
#840 = ORIENTED_EDGE('',*,*,#841,.T.);
#841 = EDGE_CURVE('',#791,#842,#844,.T.);
#842 = VERTEX_POINT('',#843);
#843 = CARTESIAN_POINT('',(0.5,0.23,0.));
#844 = LINE('',#845,#846);
#845 = CARTESIAN_POINT('',(0.5,-0.25,0.));
#846 = VECTOR('',#847,1.);
#847 = DIRECTION('',(0.,1.,0.));
#848 = ORIENTED_EDGE('',*,*,#849,.F.);
#849 = EDGE_CURVE('',#692,#842,#850,.T.);
#850 = LINE('',#851,#852);
#851 = CARTESIAN_POINT('',(0.3,0.23,0.));
#852 = VECTOR('',#853,1.);
#853 = DIRECTION('',(1.,0.,0.));
#854 = PLANE('',#855);
#855 = AXIS2_PLACEMENT_3D('',#856,#857,#858);
#856 = CARTESIAN_POINT('',(0.3,-0.25,0.));
#857 = DIRECTION('',(0.,0.,1.));
#858 = DIRECTION('',(1.,0.,-0.));
#859 = ADVANCED_FACE('',(#860),#878,.T.);
#860 = FACE_BOUND('',#861,.T.);
#861 = EDGE_LOOP('',(#862,#863,#864,#872));
#862 = ORIENTED_EDGE('',*,*,#725,.F.);
#863 = ORIENTED_EDGE('',*,*,#824,.T.);
#864 = ORIENTED_EDGE('',*,*,#865,.T.);
#865 = EDGE_CURVE('',#816,#866,#868,.T.);
#866 = VERTEX_POINT('',#867);
#867 = CARTESIAN_POINT('',(0.5,0.23,0.5));
#868 = LINE('',#869,#870);
#869 = CARTESIAN_POINT('',(0.5,-0.25,0.5));
#870 = VECTOR('',#871,1.);
#871 = DIRECTION('',(0.,1.,0.));
#872 = ORIENTED_EDGE('',*,*,#873,.F.);
#873 = EDGE_CURVE('',#717,#866,#874,.T.);
#874 = LINE('',#875,#876);
#875 = CARTESIAN_POINT('',(0.3,0.23,0.5));
#876 = VECTOR('',#877,1.);
#877 = DIRECTION('',(1.,0.,0.));
#878 = PLANE('',#879);
#879 = AXIS2_PLACEMENT_3D('',#880,#881,#882);
#880 = CARTESIAN_POINT('',(0.3,-0.25,0.5));
#881 = DIRECTION('',(0.,0.,1.));
#882 = DIRECTION('',(1.,0.,-0.));
#883 = ADVANCED_FACE('',(#884),#903,.T.);
#884 = FACE_BOUND('',#885,.T.);
#885 = EDGE_LOOP('',(#886,#894,#901,#902));
#886 = ORIENTED_EDGE('',*,*,#887,.T.);
#887 = EDGE_CURVE('',#700,#888,#890,.T.);
#888 = VERTEX_POINT('',#889);
#889 = CARTESIAN_POINT('',(0.5,0.25,2.E-02));
#890 = LINE('',#891,#892);
#891 = CARTESIAN_POINT('',(0.3,0.25,2.E-02));
#892 = VECTOR('',#893,1.);
#893 = DIRECTION('',(1.,0.,0.));
#894 = ORIENTED_EDGE('',*,*,#895,.T.);
#895 = EDGE_CURVE('',#888,#842,#896,.T.);
#896 = CIRCLE('',#897,2.E-02);
#897 = AXIS2_PLACEMENT_3D('',#898,#899,#900);
#898 = CARTESIAN_POINT('',(0.5,0.23,2.E-02));
#899 = DIRECTION('',(-1.,0.,0.));
#900 = DIRECTION('',(0.,0.,1.));
#901 = ORIENTED_EDGE('',*,*,#849,.F.);
#902 = ORIENTED_EDGE('',*,*,#699,.F.);
#903 = CYLINDRICAL_SURFACE('',#904,2.E-02);
#904 = AXIS2_PLACEMENT_3D('',#905,#906,#907);
#905 = CARTESIAN_POINT('',(0.3,0.23,2.E-02));
#906 = DIRECTION('',(1.,0.,0.));
#907 = DIRECTION('',(-0.,1.,0.));
#908 = ADVANCED_FACE('',(#909),#928,.T.);
#909 = FACE_BOUND('',#910,.T.);
#910 = EDGE_LOOP('',(#911,#912,#913,#922));
#911 = ORIENTED_EDGE('',*,*,#716,.T.);
#912 = ORIENTED_EDGE('',*,*,#873,.T.);
#913 = ORIENTED_EDGE('',*,*,#914,.F.);
#914 = EDGE_CURVE('',#915,#866,#917,.T.);
#915 = VERTEX_POINT('',#916);
#916 = CARTESIAN_POINT('',(0.5,0.25,0.48));
#917 = CIRCLE('',#918,2.E-02);
#918 = AXIS2_PLACEMENT_3D('',#919,#920,#921);
#919 = CARTESIAN_POINT('',(0.5,0.23,0.48));
#920 = DIRECTION('',(1.,0.,-0.));
#921 = DIRECTION('',(0.,0.,1.));
#922 = ORIENTED_EDGE('',*,*,#923,.F.);
#923 = EDGE_CURVE('',#709,#915,#924,.T.);
#924 = LINE('',#925,#926);
#925 = CARTESIAN_POINT('',(0.3,0.25,0.48));
#926 = VECTOR('',#927,1.);
#927 = DIRECTION('',(1.,0.,0.));
#928 = CYLINDRICAL_SURFACE('',#929,2.E-02);
#929 = AXIS2_PLACEMENT_3D('',#930,#931,#932);
#930 = CARTESIAN_POINT('',(0.3,0.23,0.48));
#931 = DIRECTION('',(1.,0.,0.));
#932 = DIRECTION('',(-0.,1.,0.));
#933 = ADVANCED_FACE('',(#934),#945,.T.);
#934 = FACE_BOUND('',#935,.T.);
#935 = EDGE_LOOP('',(#936,#942,#943,#944));
#936 = ORIENTED_EDGE('',*,*,#937,.F.);
#937 = EDGE_CURVE('',#888,#915,#938,.T.);
#938 = LINE('',#939,#940);
#939 = CARTESIAN_POINT('',(0.5,0.25,0.));
#940 = VECTOR('',#941,1.);
#941 = DIRECTION('',(0.,0.,1.));
#942 = ORIENTED_EDGE('',*,*,#887,.F.);
#943 = ORIENTED_EDGE('',*,*,#708,.T.);
#944 = ORIENTED_EDGE('',*,*,#923,.T.);
#945 = PLANE('',#946);
#946 = AXIS2_PLACEMENT_3D('',#947,#948,#949);
#947 = CARTESIAN_POINT('',(0.3,0.25,0.));
#948 = DIRECTION('',(0.,1.,0.));
#949 = DIRECTION('',(0.,-0.,1.));
#950 = ADVANCED_FACE('',(#951),#961,.T.);
#951 = FACE_BOUND('',#952,.T.);
#952 = EDGE_LOOP('',(#953,#954,#955,#956,#957,#958,#959,#960));
#953 = ORIENTED_EDGE('',*,*,#758,.F.);
#954 = ORIENTED_EDGE('',*,*,#798,.T.);
#955 = ORIENTED_EDGE('',*,*,#841,.T.);
#956 = ORIENTED_EDGE('',*,*,#895,.F.);
#957 = ORIENTED_EDGE('',*,*,#937,.T.);
#958 = ORIENTED_EDGE('',*,*,#914,.T.);
#959 = ORIENTED_EDGE('',*,*,#865,.F.);
#960 = ORIENTED_EDGE('',*,*,#815,.F.);
#961 = PLANE('',#962);
#962 = AXIS2_PLACEMENT_3D('',#963,#964,#965);
#963 = CARTESIAN_POINT('',(0.5,-0.25,0.));
#964 = DIRECTION('',(1.,0.,0.));
#965 = DIRECTION('',(0.,0.,1.));
#966 = ( GEOMETRIC_REPRESENTATION_CONTEXT(3) 
GLOBAL_UNCERTAINTY_ASSIGNED_CONTEXT((#970)) GLOBAL_UNIT_ASSIGNED_CONTEXT
((#967,#968,#969)) REPRESENTATION_CONTEXT('Context #1',
  '3D Context with UNIT and UNCERTAINTY') );
#967 = ( LENGTH_UNIT() NAMED_UNIT(*) SI_UNIT(.MILLI.,.METRE.) );
#968 = ( NAMED_UNIT(*) PLANE_ANGLE_UNIT() SI_UNIT($,.RADIAN.) );
#969 = ( NAMED_UNIT(*) SI_UNIT($,.STERADIAN.) SOLID_ANGLE_UNIT() );
#970 = UNCERTAINTY_MEASURE_WITH_UNIT(LENGTH_MEASURE(1.E-07),#967,
  'distance_accuracy_value','confusion accuracy');
#971 = CONTEXT_DEPENDENT_SHAPE_REPRESENTATION(#972,#974);
#972 = ( REPRESENTATION_RELATIONSHIP('','',#111,#88) 
REPRESENTATION_RELATIONSHIP_WITH_TRANSFORMATION(#973) 
SHAPE_REPRESENTATION_RELATIONSHIP() );
#973 = ITEM_DEFINED_TRANSFORMATION('','',#11,#89);
#974 = PRODUCT_DEFINITION_SHAPE('Placement','Placement of an item',#975
  );
#975 = NEXT_ASSEMBLY_USAGE_OCCURRENCE('1','=>[0:1:1:3]','',#83,#106,$);
#976 = PRODUCT_RELATED_PRODUCT_CATEGORY('part',$,(#108));
#977 = CONTEXT_DEPENDENT_SHAPE_REPRESENTATION(#978,#980);
#978 = ( REPRESENTATION_RELATIONSHIP('','',#88,#10) 
REPRESENTATION_RELATIONSHIP_WITH_TRANSFORMATION(#979) 
SHAPE_REPRESENTATION_RELATIONSHIP() );
#979 = ITEM_DEFINED_TRANSFORMATION('','',#11,#19);
#980 = PRODUCT_DEFINITION_SHAPE('Placement','Placement of an item',#981
  );
#981 = NEXT_ASSEMBLY_USAGE_OCCURRENCE('3','C2','',#5,#83,$);
#982 = SHAPE_DEFINITION_REPRESENTATION(#983,#989);
#983 = PRODUCT_DEFINITION_SHAPE('','',#984);
#984 = PRODUCT_DEFINITION('design','',#985,#988);
#985 = PRODUCT_DEFINITION_FORMATION('','',#986);
#986 = PRODUCT('C_0805_2012Metric','C_0805_2012Metric','',(#987));
#987 = PRODUCT_CONTEXT('',#2,'mechanical');
#988 = PRODUCT_DEFINITION_CONTEXT('part definition',#2,'design');
#989 = SHAPE_REPRESENTATION('',(#11,#990),#994);
#990 = AXIS2_PLACEMENT_3D('',#991,#992,#993);
#991 = CARTESIAN_POINT('',(0.,0.,0.));
#992 = DIRECTION('',(0.,0.,1.));
#993 = DIRECTION('',(1.,0.,-0.));
#994 = ( GEOMETRIC_REPRESENTATION_CONTEXT(3) 
GLOBAL_UNCERTAINTY_ASSIGNED_CONTEXT((#998)) GLOBAL_UNIT_ASSIGNED_CONTEXT
((#995,#996,#997)) REPRESENTATION_CONTEXT('Context #1',
  '3D Context with UNIT and UNCERTAINTY') );
#995 = ( LENGTH_UNIT() NAMED_UNIT(*) SI_UNIT(.MILLI.,.METRE.) );
#996 = ( NAMED_UNIT(*) PLANE_ANGLE_UNIT() SI_UNIT($,.RADIAN.) );
#997 = ( NAMED_UNIT(*) SI_UNIT($,.STERADIAN.) SOLID_ANGLE_UNIT() );
#998 = UNCERTAINTY_MEASURE_WITH_UNIT(LENGTH_MEASURE(1.E-07),#995,
  'distance_accuracy_value','confusion accuracy');
#999 = CONTEXT_DEPENDENT_SHAPE_REPRESENTATION(#1000,#1002);
#1000 = ( REPRESENTATION_RELATIONSHIP('','',#989,#10) 
REPRESENTATION_RELATIONSHIP_WITH_TRANSFORMATION(#1001) 
SHAPE_REPRESENTATION_RELATIONSHIP() );
#1001 = ITEM_DEFINED_TRANSFORMATION('','',#11,#23);
#1002 = PRODUCT_DEFINITION_SHAPE('Placement','Placement of an item',
  #1003);
#1003 = NEXT_ASSEMBLY_USAGE_OCCURRENCE('5','C3','',#5,#984,$);
#1004 = PRODUCT_RELATED_PRODUCT_CATEGORY('part',$,(#986));
#1005 = SHAPE_DEFINITION_REPRESENTATION(#1006,#1012);
#1006 = PRODUCT_DEFINITION_SHAPE('','',#1007);
#1007 = PRODUCT_DEFINITION('design','',#1008,#1011);
#1008 = PRODUCT_DEFINITION_FORMATION('','',#1009);
#1009 = PRODUCT('C_0805_2012Metric','C_0805_2012Metric','',(#1010));
#1010 = PRODUCT_CONTEXT('',#2,'mechanical');
#1011 = PRODUCT_DEFINITION_CONTEXT('part definition',#2,'design');
#1012 = ADVANCED_BREP_SHAPE_REPRESENTATION('',(#11,#1013),#1867);
#1013 = MANIFOLD_SOLID_BREP('',#1014);
#1014 = CLOSED_SHELL('',(#1015,#1091,#1122,#1147,#1172,#1196,#1220,#1245
    ,#1270,#1287,#1373,#1405,#1429,#1454,#1478,#1503,#1527,#1552,#1569,
    #1655,#1686,#1711,#1736,#1760,#1784,#1809,#1834,#1851));
#1015 = ADVANCED_FACE('',(#1016),#1086,.F.);
#1016 = FACE_BOUND('',#1017,.F.);
#1017 = EDGE_LOOP('',(#1018,#1028,#1037,#1045,#1054,#1062,#1071,#1079));
#1018 = ORIENTED_EDGE('',*,*,#1019,.F.);
#1019 = EDGE_CURVE('',#1020,#1022,#1024,.T.);
#1020 = VERTEX_POINT('',#1021);
#1021 = CARTESIAN_POINT('',(-1.,-0.625,4.E-02));
#1022 = VERTEX_POINT('',#1023);
#1023 = CARTESIAN_POINT('',(-1.,-0.625,1.21));
#1024 = LINE('',#1025,#1026);
#1025 = CARTESIAN_POINT('',(-1.,-0.625,0.));
#1026 = VECTOR('',#1027,1.);
#1027 = DIRECTION('',(0.,0.,1.));
#1028 = ORIENTED_EDGE('',*,*,#1029,.T.);
#1029 = EDGE_CURVE('',#1020,#1030,#1032,.T.);
#1030 = VERTEX_POINT('',#1031);
#1031 = CARTESIAN_POINT('',(-1.,-0.585,0.));
#1032 = CIRCLE('',#1033,4.E-02);
#1033 = AXIS2_PLACEMENT_3D('',#1034,#1035,#1036);
#1034 = CARTESIAN_POINT('',(-1.,-0.585,4.E-02));
#1035 = DIRECTION('',(1.,0.,-0.));
#1036 = DIRECTION('',(0.,0.,1.));
#1037 = ORIENTED_EDGE('',*,*,#1038,.T.);
#1038 = EDGE_CURVE('',#1030,#1039,#1041,.T.);
#1039 = VERTEX_POINT('',#1040);
#1040 = CARTESIAN_POINT('',(-1.,0.585,0.));
#1041 = LINE('',#1042,#1043);
#1042 = CARTESIAN_POINT('',(-1.,-0.625,0.));
#1043 = VECTOR('',#1044,1.);
#1044 = DIRECTION('',(0.,1.,0.));
#1045 = ORIENTED_EDGE('',*,*,#1046,.F.);
#1046 = EDGE_CURVE('',#1047,#1039,#1049,.T.);
#1047 = VERTEX_POINT('',#1048);
#1048 = CARTESIAN_POINT('',(-1.,0.625,4.E-02));
#1049 = CIRCLE('',#1050,4.E-02);
#1050 = AXIS2_PLACEMENT_3D('',#1051,#1052,#1053);
#1051 = CARTESIAN_POINT('',(-1.,0.585,4.E-02));
#1052 = DIRECTION('',(-1.,0.,0.));
#1053 = DIRECTION('',(0.,0.,1.));
#1054 = ORIENTED_EDGE('',*,*,#1055,.T.);
#1055 = EDGE_CURVE('',#1047,#1056,#1058,.T.);
#1056 = VERTEX_POINT('',#1057);
#1057 = CARTESIAN_POINT('',(-1.,0.625,1.21));
#1058 = LINE('',#1059,#1060);
#1059 = CARTESIAN_POINT('',(-1.,0.625,0.));
#1060 = VECTOR('',#1061,1.);
#1061 = DIRECTION('',(0.,0.,1.));
#1062 = ORIENTED_EDGE('',*,*,#1063,.T.);
#1063 = EDGE_CURVE('',#1056,#1064,#1066,.T.);
#1064 = VERTEX_POINT('',#1065);
#1065 = CARTESIAN_POINT('',(-1.,0.585,1.25));
#1066 = CIRCLE('',#1067,4.E-02);
#1067 = AXIS2_PLACEMENT_3D('',#1068,#1069,#1070);
#1068 = CARTESIAN_POINT('',(-1.,0.585,1.21));
#1069 = DIRECTION('',(1.,0.,-0.));
#1070 = DIRECTION('',(0.,0.,1.));
#1071 = ORIENTED_EDGE('',*,*,#1072,.F.);
#1072 = EDGE_CURVE('',#1073,#1064,#1075,.T.);
#1073 = VERTEX_POINT('',#1074);
#1074 = CARTESIAN_POINT('',(-1.,-0.585,1.25));
#1075 = LINE('',#1076,#1077);
#1076 = CARTESIAN_POINT('',(-1.,-0.625,1.25));
#1077 = VECTOR('',#1078,1.);
#1078 = DIRECTION('',(0.,1.,0.));
#1079 = ORIENTED_EDGE('',*,*,#1080,.F.);
#1080 = EDGE_CURVE('',#1022,#1073,#1081,.T.);
#1081 = CIRCLE('',#1082,4.E-02);
#1082 = AXIS2_PLACEMENT_3D('',#1083,#1084,#1085);
#1083 = CARTESIAN_POINT('',(-1.,-0.585,1.21));
#1084 = DIRECTION('',(-1.,0.,0.));
#1085 = DIRECTION('',(0.,0.,1.));
#1086 = PLANE('',#1087);
#1087 = AXIS2_PLACEMENT_3D('',#1088,#1089,#1090);
#1088 = CARTESIAN_POINT('',(-1.,-0.625,0.));
#1089 = DIRECTION('',(1.,0.,0.));
#1090 = DIRECTION('',(0.,0.,1.));
#1091 = ADVANCED_FACE('',(#1092),#1117,.F.);
#1092 = FACE_BOUND('',#1093,.F.);
#1093 = EDGE_LOOP('',(#1094,#1104,#1110,#1111));
#1094 = ORIENTED_EDGE('',*,*,#1095,.F.);
#1095 = EDGE_CURVE('',#1096,#1098,#1100,.T.);
#1096 = VERTEX_POINT('',#1097);
#1097 = CARTESIAN_POINT('',(-0.6,-0.625,4.E-02));
#1098 = VERTEX_POINT('',#1099);
#1099 = CARTESIAN_POINT('',(-0.6,-0.625,1.21));
#1100 = LINE('',#1101,#1102);
#1101 = CARTESIAN_POINT('',(-0.6,-0.625,0.));
#1102 = VECTOR('',#1103,1.);
#1103 = DIRECTION('',(0.,0.,1.));
#1104 = ORIENTED_EDGE('',*,*,#1105,.F.);
#1105 = EDGE_CURVE('',#1020,#1096,#1106,.T.);
#1106 = LINE('',#1107,#1108);
#1107 = CARTESIAN_POINT('',(-1.,-0.625,4.E-02));
#1108 = VECTOR('',#1109,1.);
#1109 = DIRECTION('',(1.,0.,0.));
#1110 = ORIENTED_EDGE('',*,*,#1019,.T.);
#1111 = ORIENTED_EDGE('',*,*,#1112,.T.);
#1112 = EDGE_CURVE('',#1022,#1098,#1113,.T.);
#1113 = LINE('',#1114,#1115);
#1114 = CARTESIAN_POINT('',(-1.,-0.625,1.21));
#1115 = VECTOR('',#1116,1.);
#1116 = DIRECTION('',(1.,0.,0.));
#1117 = PLANE('',#1118);
#1118 = AXIS2_PLACEMENT_3D('',#1119,#1120,#1121);
#1119 = CARTESIAN_POINT('',(-1.,-0.625,0.));
#1120 = DIRECTION('',(0.,1.,0.));
#1121 = DIRECTION('',(0.,-0.,1.));
#1122 = ADVANCED_FACE('',(#1123),#1142,.T.);
#1123 = FACE_BOUND('',#1124,.T.);
#1124 = EDGE_LOOP('',(#1125,#1126,#1134,#1141));
#1125 = ORIENTED_EDGE('',*,*,#1029,.T.);
#1126 = ORIENTED_EDGE('',*,*,#1127,.T.);
#1127 = EDGE_CURVE('',#1030,#1128,#1130,.T.);
#1128 = VERTEX_POINT('',#1129);
#1129 = CARTESIAN_POINT('',(-0.6,-0.585,0.));
#1130 = LINE('',#1131,#1132);
#1131 = CARTESIAN_POINT('',(-1.,-0.585,0.));
#1132 = VECTOR('',#1133,1.);
#1133 = DIRECTION('',(1.,0.,0.));
#1134 = ORIENTED_EDGE('',*,*,#1135,.F.);
#1135 = EDGE_CURVE('',#1096,#1128,#1136,.T.);
#1136 = CIRCLE('',#1137,4.E-02);
#1137 = AXIS2_PLACEMENT_3D('',#1138,#1139,#1140);
#1138 = CARTESIAN_POINT('',(-0.6,-0.585,4.E-02));
#1139 = DIRECTION('',(1.,0.,-0.));
#1140 = DIRECTION('',(0.,0.,1.));
#1141 = ORIENTED_EDGE('',*,*,#1105,.F.);
#1142 = CYLINDRICAL_SURFACE('',#1143,4.E-02);
#1143 = AXIS2_PLACEMENT_3D('',#1144,#1145,#1146);
#1144 = CARTESIAN_POINT('',(-1.,-0.585,4.E-02));
#1145 = DIRECTION('',(1.,0.,0.));
#1146 = DIRECTION('',(0.,-1.,0.));
#1147 = ADVANCED_FACE('',(#1148),#1167,.T.);
#1148 = FACE_BOUND('',#1149,.T.);
#1149 = EDGE_LOOP('',(#1150,#1151,#1160,#1166));
#1150 = ORIENTED_EDGE('',*,*,#1112,.T.);
#1151 = ORIENTED_EDGE('',*,*,#1152,.T.);
#1152 = EDGE_CURVE('',#1098,#1153,#1155,.T.);
#1153 = VERTEX_POINT('',#1154);
#1154 = CARTESIAN_POINT('',(-0.6,-0.585,1.25));
#1155 = CIRCLE('',#1156,4.E-02);
#1156 = AXIS2_PLACEMENT_3D('',#1157,#1158,#1159);
#1157 = CARTESIAN_POINT('',(-0.6,-0.585,1.21));
#1158 = DIRECTION('',(-1.,0.,0.));
#1159 = DIRECTION('',(0.,0.,1.));
#1160 = ORIENTED_EDGE('',*,*,#1161,.F.);
#1161 = EDGE_CURVE('',#1073,#1153,#1162,.T.);
#1162 = LINE('',#1163,#1164);
#1163 = CARTESIAN_POINT('',(-1.,-0.585,1.25));
#1164 = VECTOR('',#1165,1.);
#1165 = DIRECTION('',(1.,0.,0.));
#1166 = ORIENTED_EDGE('',*,*,#1080,.F.);
#1167 = CYLINDRICAL_SURFACE('',#1168,4.E-02);
#1168 = AXIS2_PLACEMENT_3D('',#1169,#1170,#1171);
#1169 = CARTESIAN_POINT('',(-1.,-0.585,1.21));
#1170 = DIRECTION('',(1.,0.,0.));
#1171 = DIRECTION('',(0.,-1.,0.));
#1172 = ADVANCED_FACE('',(#1173),#1191,.F.);
#1173 = FACE_BOUND('',#1174,.F.);
#1174 = EDGE_LOOP('',(#1175,#1176,#1177,#1185));
#1175 = ORIENTED_EDGE('',*,*,#1038,.F.);
#1176 = ORIENTED_EDGE('',*,*,#1127,.T.);
#1177 = ORIENTED_EDGE('',*,*,#1178,.T.);
#1178 = EDGE_CURVE('',#1128,#1179,#1181,.T.);
#1179 = VERTEX_POINT('',#1180);
#1180 = CARTESIAN_POINT('',(-0.6,0.585,0.));
#1181 = LINE('',#1182,#1183);
#1182 = CARTESIAN_POINT('',(-0.6,-0.625,0.));
#1183 = VECTOR('',#1184,1.);
#1184 = DIRECTION('',(0.,1.,0.));
#1185 = ORIENTED_EDGE('',*,*,#1186,.F.);
#1186 = EDGE_CURVE('',#1039,#1179,#1187,.T.);
#1187 = LINE('',#1188,#1189);
#1188 = CARTESIAN_POINT('',(-1.,0.585,0.));
#1189 = VECTOR('',#1190,1.);
#1190 = DIRECTION('',(1.,0.,0.));
#1191 = PLANE('',#1192);
#1192 = AXIS2_PLACEMENT_3D('',#1193,#1194,#1195);
#1193 = CARTESIAN_POINT('',(-1.,-0.625,0.));
#1194 = DIRECTION('',(0.,0.,1.));
#1195 = DIRECTION('',(1.,0.,-0.));
#1196 = ADVANCED_FACE('',(#1197),#1215,.T.);
#1197 = FACE_BOUND('',#1198,.T.);
#1198 = EDGE_LOOP('',(#1199,#1200,#1201,#1209));
#1199 = ORIENTED_EDGE('',*,*,#1072,.F.);
#1200 = ORIENTED_EDGE('',*,*,#1161,.T.);
#1201 = ORIENTED_EDGE('',*,*,#1202,.T.);
#1202 = EDGE_CURVE('',#1153,#1203,#1205,.T.);
#1203 = VERTEX_POINT('',#1204);
#1204 = CARTESIAN_POINT('',(-0.6,0.585,1.25));
#1205 = LINE('',#1206,#1207);
#1206 = CARTESIAN_POINT('',(-0.6,-0.625,1.25));
#1207 = VECTOR('',#1208,1.);
#1208 = DIRECTION('',(0.,1.,0.));
#1209 = ORIENTED_EDGE('',*,*,#1210,.F.);
#1210 = EDGE_CURVE('',#1064,#1203,#1211,.T.);
#1211 = LINE('',#1212,#1213);
#1212 = CARTESIAN_POINT('',(-1.,0.585,1.25));
#1213 = VECTOR('',#1214,1.);
#1214 = DIRECTION('',(1.,0.,0.));
#1215 = PLANE('',#1216);
#1216 = AXIS2_PLACEMENT_3D('',#1217,#1218,#1219);
#1217 = CARTESIAN_POINT('',(-1.,-0.625,1.25));
#1218 = DIRECTION('',(0.,0.,1.));
#1219 = DIRECTION('',(1.,0.,-0.));
#1220 = ADVANCED_FACE('',(#1221),#1240,.T.);
#1221 = FACE_BOUND('',#1222,.T.);
#1222 = EDGE_LOOP('',(#1223,#1231,#1238,#1239));
#1223 = ORIENTED_EDGE('',*,*,#1224,.T.);
#1224 = EDGE_CURVE('',#1047,#1225,#1227,.T.);
#1225 = VERTEX_POINT('',#1226);
#1226 = CARTESIAN_POINT('',(-0.6,0.625,4.E-02));
#1227 = LINE('',#1228,#1229);
#1228 = CARTESIAN_POINT('',(-1.,0.625,4.E-02));
#1229 = VECTOR('',#1230,1.);
#1230 = DIRECTION('',(1.,0.,0.));
#1231 = ORIENTED_EDGE('',*,*,#1232,.T.);
#1232 = EDGE_CURVE('',#1225,#1179,#1233,.T.);
#1233 = CIRCLE('',#1234,4.E-02);
#1234 = AXIS2_PLACEMENT_3D('',#1235,#1236,#1237);
#1235 = CARTESIAN_POINT('',(-0.6,0.585,4.E-02));
#1236 = DIRECTION('',(-1.,0.,0.));
#1237 = DIRECTION('',(0.,0.,1.));
#1238 = ORIENTED_EDGE('',*,*,#1186,.F.);
#1239 = ORIENTED_EDGE('',*,*,#1046,.F.);
#1240 = CYLINDRICAL_SURFACE('',#1241,4.E-02);
#1241 = AXIS2_PLACEMENT_3D('',#1242,#1243,#1244);
#1242 = CARTESIAN_POINT('',(-1.,0.585,4.E-02));
#1243 = DIRECTION('',(1.,0.,0.));
#1244 = DIRECTION('',(-0.,1.,0.));
#1245 = ADVANCED_FACE('',(#1246),#1265,.T.);
#1246 = FACE_BOUND('',#1247,.T.);
#1247 = EDGE_LOOP('',(#1248,#1249,#1250,#1259));
#1248 = ORIENTED_EDGE('',*,*,#1063,.T.);
#1249 = ORIENTED_EDGE('',*,*,#1210,.T.);
#1250 = ORIENTED_EDGE('',*,*,#1251,.F.);
#1251 = EDGE_CURVE('',#1252,#1203,#1254,.T.);
#1252 = VERTEX_POINT('',#1253);
#1253 = CARTESIAN_POINT('',(-0.6,0.625,1.21));
#1254 = CIRCLE('',#1255,4.E-02);
#1255 = AXIS2_PLACEMENT_3D('',#1256,#1257,#1258);
#1256 = CARTESIAN_POINT('',(-0.6,0.585,1.21));
#1257 = DIRECTION('',(1.,0.,-0.));
#1258 = DIRECTION('',(0.,0.,1.));
#1259 = ORIENTED_EDGE('',*,*,#1260,.F.);
#1260 = EDGE_CURVE('',#1056,#1252,#1261,.T.);
#1261 = LINE('',#1262,#1263);
#1262 = CARTESIAN_POINT('',(-1.,0.625,1.21));
#1263 = VECTOR('',#1264,1.);
#1264 = DIRECTION('',(1.,0.,0.));
#1265 = CYLINDRICAL_SURFACE('',#1266,4.E-02);
#1266 = AXIS2_PLACEMENT_3D('',#1267,#1268,#1269);
#1267 = CARTESIAN_POINT('',(-1.,0.585,1.21));
#1268 = DIRECTION('',(1.,0.,0.));
#1269 = DIRECTION('',(-0.,1.,0.));
#1270 = ADVANCED_FACE('',(#1271),#1282,.T.);
#1271 = FACE_BOUND('',#1272,.T.);
#1272 = EDGE_LOOP('',(#1273,#1279,#1280,#1281));
#1273 = ORIENTED_EDGE('',*,*,#1274,.F.);
#1274 = EDGE_CURVE('',#1225,#1252,#1275,.T.);
#1275 = LINE('',#1276,#1277);
#1276 = CARTESIAN_POINT('',(-0.6,0.625,0.));
#1277 = VECTOR('',#1278,1.);
#1278 = DIRECTION('',(0.,0.,1.));
#1279 = ORIENTED_EDGE('',*,*,#1224,.F.);
#1280 = ORIENTED_EDGE('',*,*,#1055,.T.);
#1281 = ORIENTED_EDGE('',*,*,#1260,.T.);
#1282 = PLANE('',#1283);
#1283 = AXIS2_PLACEMENT_3D('',#1284,#1285,#1286);
#1284 = CARTESIAN_POINT('',(-1.,0.625,0.));
#1285 = DIRECTION('',(0.,1.,0.));
#1286 = DIRECTION('',(0.,-0.,1.));
#1287 = ADVANCED_FACE('',(#1288,#1298),#1368,.T.);
#1288 = FACE_BOUND('',#1289,.T.);
#1289 = EDGE_LOOP('',(#1290,#1291,#1292,#1293,#1294,#1295,#1296,#1297));
#1290 = ORIENTED_EDGE('',*,*,#1095,.F.);
#1291 = ORIENTED_EDGE('',*,*,#1135,.T.);
#1292 = ORIENTED_EDGE('',*,*,#1178,.T.);
#1293 = ORIENTED_EDGE('',*,*,#1232,.F.);
#1294 = ORIENTED_EDGE('',*,*,#1274,.T.);
#1295 = ORIENTED_EDGE('',*,*,#1251,.T.);
#1296 = ORIENTED_EDGE('',*,*,#1202,.F.);
#1297 = ORIENTED_EDGE('',*,*,#1152,.F.);
#1298 = FACE_BOUND('',#1299,.T.);
#1299 = EDGE_LOOP('',(#1300,#1311,#1319,#1328,#1336,#1345,#1353,#1362));
#1300 = ORIENTED_EDGE('',*,*,#1301,.F.);
#1301 = EDGE_CURVE('',#1302,#1304,#1306,.T.);
#1302 = VERTEX_POINT('',#1303);
#1303 = CARTESIAN_POINT('',(-0.6,-0.585,8.E-02));
#1304 = VERTEX_POINT('',#1305);
#1305 = CARTESIAN_POINT('',(-0.6,-0.545,4.E-02));
#1306 = CIRCLE('',#1307,4.E-02);
#1307 = AXIS2_PLACEMENT_3D('',#1308,#1309,#1310);
#1308 = CARTESIAN_POINT('',(-0.6,-0.545,8.E-02));
#1309 = DIRECTION('',(1.,0.,-0.));
#1310 = DIRECTION('',(0.,0.,1.));
#1311 = ORIENTED_EDGE('',*,*,#1312,.T.);
#1312 = EDGE_CURVE('',#1302,#1313,#1315,.T.);
#1313 = VERTEX_POINT('',#1314);
#1314 = CARTESIAN_POINT('',(-0.6,-0.585,1.17));
#1315 = LINE('',#1316,#1317);
#1316 = CARTESIAN_POINT('',(-0.6,-0.585,4.E-02));
#1317 = VECTOR('',#1318,1.);
#1318 = DIRECTION('',(0.,0.,1.));
#1319 = ORIENTED_EDGE('',*,*,#1320,.T.);
#1320 = EDGE_CURVE('',#1313,#1321,#1323,.T.);
#1321 = VERTEX_POINT('',#1322);
#1322 = CARTESIAN_POINT('',(-0.6,-0.545,1.21));
#1323 = CIRCLE('',#1324,4.E-02);
#1324 = AXIS2_PLACEMENT_3D('',#1325,#1326,#1327);
#1325 = CARTESIAN_POINT('',(-0.6,-0.545,1.17));
#1326 = DIRECTION('',(-1.,0.,0.));
#1327 = DIRECTION('',(0.,0.,1.));
#1328 = ORIENTED_EDGE('',*,*,#1329,.T.);
#1329 = EDGE_CURVE('',#1321,#1330,#1332,.T.);
#1330 = VERTEX_POINT('',#1331);
#1331 = CARTESIAN_POINT('',(-0.6,0.545,1.21));
#1332 = LINE('',#1333,#1334);
#1333 = CARTESIAN_POINT('',(-0.6,-0.585,1.21));
#1334 = VECTOR('',#1335,1.);
#1335 = DIRECTION('',(0.,1.,0.));
#1336 = ORIENTED_EDGE('',*,*,#1337,.F.);
#1337 = EDGE_CURVE('',#1338,#1330,#1340,.T.);
#1338 = VERTEX_POINT('',#1339);
#1339 = CARTESIAN_POINT('',(-0.6,0.585,1.17));
#1340 = CIRCLE('',#1341,4.E-02);
#1341 = AXIS2_PLACEMENT_3D('',#1342,#1343,#1344);
#1342 = CARTESIAN_POINT('',(-0.6,0.545,1.17));
#1343 = DIRECTION('',(1.,0.,-0.));
#1344 = DIRECTION('',(0.,0.,1.));
#1345 = ORIENTED_EDGE('',*,*,#1346,.F.);
#1346 = EDGE_CURVE('',#1347,#1338,#1349,.T.);
#1347 = VERTEX_POINT('',#1348);
#1348 = CARTESIAN_POINT('',(-0.6,0.585,8.E-02));
#1349 = LINE('',#1350,#1351);
#1350 = CARTESIAN_POINT('',(-0.6,0.585,4.E-02));
#1351 = VECTOR('',#1352,1.);
#1352 = DIRECTION('',(0.,0.,1.));
#1353 = ORIENTED_EDGE('',*,*,#1354,.T.);
#1354 = EDGE_CURVE('',#1347,#1355,#1357,.T.);
#1355 = VERTEX_POINT('',#1356);
#1356 = CARTESIAN_POINT('',(-0.6,0.545,4.E-02));
#1357 = CIRCLE('',#1358,4.E-02);
#1358 = AXIS2_PLACEMENT_3D('',#1359,#1360,#1361);
#1359 = CARTESIAN_POINT('',(-0.6,0.545,8.E-02));
#1360 = DIRECTION('',(-1.,0.,0.));
#1361 = DIRECTION('',(0.,0.,1.));
#1362 = ORIENTED_EDGE('',*,*,#1363,.F.);
#1363 = EDGE_CURVE('',#1304,#1355,#1364,.T.);
#1364 = LINE('',#1365,#1366);
#1365 = CARTESIAN_POINT('',(-0.6,-0.585,4.E-02));
#1366 = VECTOR('',#1367,1.);
#1367 = DIRECTION('',(0.,1.,0.));
#1368 = PLANE('',#1369);
#1369 = AXIS2_PLACEMENT_3D('',#1370,#1371,#1372);
#1370 = CARTESIAN_POINT('',(-0.6,-0.625,0.));
#1371 = DIRECTION('',(1.,0.,0.));
#1372 = DIRECTION('',(0.,0.,1.));
#1373 = ADVANCED_FACE('',(#1374),#1400,.T.);
#1374 = FACE_BOUND('',#1375,.T.);
#1375 = EDGE_LOOP('',(#1376,#1377,#1385,#1394));
#1376 = ORIENTED_EDGE('',*,*,#1301,.T.);
#1377 = ORIENTED_EDGE('',*,*,#1378,.T.);
#1378 = EDGE_CURVE('',#1304,#1379,#1381,.T.);
#1379 = VERTEX_POINT('',#1380);
#1380 = CARTESIAN_POINT('',(0.6,-0.545,4.E-02));
#1381 = LINE('',#1382,#1383);
#1382 = CARTESIAN_POINT('',(-0.6,-0.545,4.E-02));
#1383 = VECTOR('',#1384,1.);
#1384 = DIRECTION('',(1.,0.,0.));
#1385 = ORIENTED_EDGE('',*,*,#1386,.F.);
#1386 = EDGE_CURVE('',#1387,#1379,#1389,.T.);
#1387 = VERTEX_POINT('',#1388);
#1388 = CARTESIAN_POINT('',(0.6,-0.585,8.E-02));
#1389 = CIRCLE('',#1390,4.E-02);
#1390 = AXIS2_PLACEMENT_3D('',#1391,#1392,#1393);
#1391 = CARTESIAN_POINT('',(0.6,-0.545,8.E-02));
#1392 = DIRECTION('',(1.,0.,-0.));
#1393 = DIRECTION('',(0.,0.,1.));
#1394 = ORIENTED_EDGE('',*,*,#1395,.F.);
#1395 = EDGE_CURVE('',#1302,#1387,#1396,.T.);
#1396 = LINE('',#1397,#1398);
#1397 = CARTESIAN_POINT('',(-0.6,-0.585,8.E-02));
#1398 = VECTOR('',#1399,1.);
#1399 = DIRECTION('',(1.,0.,0.));
#1400 = CYLINDRICAL_SURFACE('',#1401,4.E-02);
#1401 = AXIS2_PLACEMENT_3D('',#1402,#1403,#1404);
#1402 = CARTESIAN_POINT('',(-0.6,-0.545,8.E-02));
#1403 = DIRECTION('',(1.,0.,0.));
#1404 = DIRECTION('',(0.,-1.,0.));
#1405 = ADVANCED_FACE('',(#1406),#1424,.F.);
#1406 = FACE_BOUND('',#1407,.F.);
#1407 = EDGE_LOOP('',(#1408,#1409,#1410,#1418));
#1408 = ORIENTED_EDGE('',*,*,#1363,.F.);
#1409 = ORIENTED_EDGE('',*,*,#1378,.T.);
#1410 = ORIENTED_EDGE('',*,*,#1411,.T.);
#1411 = EDGE_CURVE('',#1379,#1412,#1414,.T.);
#1412 = VERTEX_POINT('',#1413);
#1413 = CARTESIAN_POINT('',(0.6,0.545,4.E-02));
#1414 = LINE('',#1415,#1416);
#1415 = CARTESIAN_POINT('',(0.6,-0.585,4.E-02));
#1416 = VECTOR('',#1417,1.);
#1417 = DIRECTION('',(0.,1.,0.));
#1418 = ORIENTED_EDGE('',*,*,#1419,.F.);
#1419 = EDGE_CURVE('',#1355,#1412,#1420,.T.);
#1420 = LINE('',#1421,#1422);
#1421 = CARTESIAN_POINT('',(-0.6,0.545,4.E-02));
#1422 = VECTOR('',#1423,1.);
#1423 = DIRECTION('',(1.,0.,0.));
#1424 = PLANE('',#1425);
#1425 = AXIS2_PLACEMENT_3D('',#1426,#1427,#1428);
#1426 = CARTESIAN_POINT('',(-0.6,-0.585,4.E-02));
#1427 = DIRECTION('',(0.,0.,1.));
#1428 = DIRECTION('',(1.,0.,-0.));
#1429 = ADVANCED_FACE('',(#1430),#1449,.T.);
#1430 = FACE_BOUND('',#1431,.T.);
#1431 = EDGE_LOOP('',(#1432,#1440,#1447,#1448));
#1432 = ORIENTED_EDGE('',*,*,#1433,.T.);
#1433 = EDGE_CURVE('',#1347,#1434,#1436,.T.);
#1434 = VERTEX_POINT('',#1435);
#1435 = CARTESIAN_POINT('',(0.6,0.585,8.E-02));
#1436 = LINE('',#1437,#1438);
#1437 = CARTESIAN_POINT('',(-0.6,0.585,8.E-02));
#1438 = VECTOR('',#1439,1.);
#1439 = DIRECTION('',(1.,0.,0.));
#1440 = ORIENTED_EDGE('',*,*,#1441,.T.);
#1441 = EDGE_CURVE('',#1434,#1412,#1442,.T.);
#1442 = CIRCLE('',#1443,4.E-02);
#1443 = AXIS2_PLACEMENT_3D('',#1444,#1445,#1446);
#1444 = CARTESIAN_POINT('',(0.6,0.545,8.E-02));
#1445 = DIRECTION('',(-1.,0.,0.));
#1446 = DIRECTION('',(0.,0.,1.));
#1447 = ORIENTED_EDGE('',*,*,#1419,.F.);
#1448 = ORIENTED_EDGE('',*,*,#1354,.F.);
#1449 = CYLINDRICAL_SURFACE('',#1450,4.E-02);
#1450 = AXIS2_PLACEMENT_3D('',#1451,#1452,#1453);
#1451 = CARTESIAN_POINT('',(-0.6,0.545,8.E-02));
#1452 = DIRECTION('',(1.,0.,0.));
#1453 = DIRECTION('',(-0.,1.,0.));
#1454 = ADVANCED_FACE('',(#1455),#1473,.T.);
#1455 = FACE_BOUND('',#1456,.T.);
#1456 = EDGE_LOOP('',(#1457,#1465,#1466,#1467));
#1457 = ORIENTED_EDGE('',*,*,#1458,.F.);
#1458 = EDGE_CURVE('',#1434,#1459,#1461,.T.);
#1459 = VERTEX_POINT('',#1460);
#1460 = CARTESIAN_POINT('',(0.6,0.585,1.17));
#1461 = LINE('',#1462,#1463);
#1462 = CARTESIAN_POINT('',(0.6,0.585,4.E-02));
#1463 = VECTOR('',#1464,1.);
#1464 = DIRECTION('',(0.,0.,1.));
#1465 = ORIENTED_EDGE('',*,*,#1433,.F.);
#1466 = ORIENTED_EDGE('',*,*,#1346,.T.);
#1467 = ORIENTED_EDGE('',*,*,#1468,.T.);
#1468 = EDGE_CURVE('',#1338,#1459,#1469,.T.);
#1469 = LINE('',#1470,#1471);
#1470 = CARTESIAN_POINT('',(-0.6,0.585,1.17));
#1471 = VECTOR('',#1472,1.);
#1472 = DIRECTION('',(1.,0.,0.));
#1473 = PLANE('',#1474);
#1474 = AXIS2_PLACEMENT_3D('',#1475,#1476,#1477);
#1475 = CARTESIAN_POINT('',(-0.6,0.585,4.E-02));
#1476 = DIRECTION('',(0.,1.,0.));
#1477 = DIRECTION('',(0.,-0.,1.));
#1478 = ADVANCED_FACE('',(#1479),#1498,.T.);
#1479 = FACE_BOUND('',#1480,.T.);
#1480 = EDGE_LOOP('',(#1481,#1482,#1490,#1497));
#1481 = ORIENTED_EDGE('',*,*,#1337,.T.);
#1482 = ORIENTED_EDGE('',*,*,#1483,.T.);
#1483 = EDGE_CURVE('',#1330,#1484,#1486,.T.);
#1484 = VERTEX_POINT('',#1485);
#1485 = CARTESIAN_POINT('',(0.6,0.545,1.21));
#1486 = LINE('',#1487,#1488);
#1487 = CARTESIAN_POINT('',(-0.6,0.545,1.21));
#1488 = VECTOR('',#1489,1.);
#1489 = DIRECTION('',(1.,0.,0.));
#1490 = ORIENTED_EDGE('',*,*,#1491,.F.);
#1491 = EDGE_CURVE('',#1459,#1484,#1492,.T.);
#1492 = CIRCLE('',#1493,4.E-02);
#1493 = AXIS2_PLACEMENT_3D('',#1494,#1495,#1496);
#1494 = CARTESIAN_POINT('',(0.6,0.545,1.17));
#1495 = DIRECTION('',(1.,0.,-0.));
#1496 = DIRECTION('',(0.,0.,1.));
#1497 = ORIENTED_EDGE('',*,*,#1468,.F.);
#1498 = CYLINDRICAL_SURFACE('',#1499,4.E-02);
#1499 = AXIS2_PLACEMENT_3D('',#1500,#1501,#1502);
#1500 = CARTESIAN_POINT('',(-0.6,0.545,1.17));
#1501 = DIRECTION('',(1.,0.,0.));
#1502 = DIRECTION('',(-0.,1.,0.));
#1503 = ADVANCED_FACE('',(#1504),#1522,.T.);
#1504 = FACE_BOUND('',#1505,.T.);
#1505 = EDGE_LOOP('',(#1506,#1507,#1515,#1521));
#1506 = ORIENTED_EDGE('',*,*,#1329,.F.);
#1507 = ORIENTED_EDGE('',*,*,#1508,.T.);
#1508 = EDGE_CURVE('',#1321,#1509,#1511,.T.);
#1509 = VERTEX_POINT('',#1510);
#1510 = CARTESIAN_POINT('',(0.6,-0.545,1.21));
#1511 = LINE('',#1512,#1513);
#1512 = CARTESIAN_POINT('',(-0.6,-0.545,1.21));
#1513 = VECTOR('',#1514,1.);
#1514 = DIRECTION('',(1.,0.,0.));
#1515 = ORIENTED_EDGE('',*,*,#1516,.T.);
#1516 = EDGE_CURVE('',#1509,#1484,#1517,.T.);
#1517 = LINE('',#1518,#1519);
#1518 = CARTESIAN_POINT('',(0.6,-0.585,1.21));
#1519 = VECTOR('',#1520,1.);
#1520 = DIRECTION('',(0.,1.,0.));
#1521 = ORIENTED_EDGE('',*,*,#1483,.F.);
#1522 = PLANE('',#1523);
#1523 = AXIS2_PLACEMENT_3D('',#1524,#1525,#1526);
#1524 = CARTESIAN_POINT('',(-0.6,-0.585,1.21));
#1525 = DIRECTION('',(0.,0.,1.));
#1526 = DIRECTION('',(1.,0.,-0.));
#1527 = ADVANCED_FACE('',(#1528),#1547,.T.);
#1528 = FACE_BOUND('',#1529,.T.);
#1529 = EDGE_LOOP('',(#1530,#1538,#1545,#1546));
#1530 = ORIENTED_EDGE('',*,*,#1531,.T.);
#1531 = EDGE_CURVE('',#1313,#1532,#1534,.T.);
#1532 = VERTEX_POINT('',#1533);
#1533 = CARTESIAN_POINT('',(0.6,-0.585,1.17));
#1534 = LINE('',#1535,#1536);
#1535 = CARTESIAN_POINT('',(-0.6,-0.585,1.17));
#1536 = VECTOR('',#1537,1.);
#1537 = DIRECTION('',(1.,0.,0.));
#1538 = ORIENTED_EDGE('',*,*,#1539,.T.);
#1539 = EDGE_CURVE('',#1532,#1509,#1540,.T.);
#1540 = CIRCLE('',#1541,4.E-02);
#1541 = AXIS2_PLACEMENT_3D('',#1542,#1543,#1544);
#1542 = CARTESIAN_POINT('',(0.6,-0.545,1.17));
#1543 = DIRECTION('',(-1.,0.,0.));
#1544 = DIRECTION('',(0.,0.,1.));
#1545 = ORIENTED_EDGE('',*,*,#1508,.F.);
#1546 = ORIENTED_EDGE('',*,*,#1320,.F.);
#1547 = CYLINDRICAL_SURFACE('',#1548,4.E-02);
#1548 = AXIS2_PLACEMENT_3D('',#1549,#1550,#1551);
#1549 = CARTESIAN_POINT('',(-0.6,-0.545,1.17));
#1550 = DIRECTION('',(1.,0.,0.));
#1551 = DIRECTION('',(0.,-1.,0.));
#1552 = ADVANCED_FACE('',(#1553),#1564,.F.);
#1553 = FACE_BOUND('',#1554,.F.);
#1554 = EDGE_LOOP('',(#1555,#1561,#1562,#1563));
#1555 = ORIENTED_EDGE('',*,*,#1556,.F.);
#1556 = EDGE_CURVE('',#1387,#1532,#1557,.T.);
#1557 = LINE('',#1558,#1559);
#1558 = CARTESIAN_POINT('',(0.6,-0.585,4.E-02));
#1559 = VECTOR('',#1560,1.);
#1560 = DIRECTION('',(0.,0.,1.));
#1561 = ORIENTED_EDGE('',*,*,#1395,.F.);
#1562 = ORIENTED_EDGE('',*,*,#1312,.T.);
#1563 = ORIENTED_EDGE('',*,*,#1531,.T.);
#1564 = PLANE('',#1565);
#1565 = AXIS2_PLACEMENT_3D('',#1566,#1567,#1568);
#1566 = CARTESIAN_POINT('',(-0.6,-0.585,4.E-02));
#1567 = DIRECTION('',(0.,1.,0.));
#1568 = DIRECTION('',(0.,-0.,1.));
#1569 = ADVANCED_FACE('',(#1570,#1640),#1650,.F.);
#1570 = FACE_BOUND('',#1571,.F.);
#1571 = EDGE_LOOP('',(#1572,#1582,#1591,#1599,#1608,#1616,#1625,#1633));
#1572 = ORIENTED_EDGE('',*,*,#1573,.F.);
#1573 = EDGE_CURVE('',#1574,#1576,#1578,.T.);
#1574 = VERTEX_POINT('',#1575);
#1575 = CARTESIAN_POINT('',(0.6,-0.625,4.E-02));
#1576 = VERTEX_POINT('',#1577);
#1577 = CARTESIAN_POINT('',(0.6,-0.625,1.21));
#1578 = LINE('',#1579,#1580);
#1579 = CARTESIAN_POINT('',(0.6,-0.625,0.));
#1580 = VECTOR('',#1581,1.);
#1581 = DIRECTION('',(0.,0.,1.));
#1582 = ORIENTED_EDGE('',*,*,#1583,.T.);
#1583 = EDGE_CURVE('',#1574,#1584,#1586,.T.);
#1584 = VERTEX_POINT('',#1585);
#1585 = CARTESIAN_POINT('',(0.6,-0.585,0.));
#1586 = CIRCLE('',#1587,4.E-02);
#1587 = AXIS2_PLACEMENT_3D('',#1588,#1589,#1590);
#1588 = CARTESIAN_POINT('',(0.6,-0.585,4.E-02));
#1589 = DIRECTION('',(1.,0.,-0.));
#1590 = DIRECTION('',(0.,0.,1.));
#1591 = ORIENTED_EDGE('',*,*,#1592,.T.);
#1592 = EDGE_CURVE('',#1584,#1593,#1595,.T.);
#1593 = VERTEX_POINT('',#1594);
#1594 = CARTESIAN_POINT('',(0.6,0.585,0.));
#1595 = LINE('',#1596,#1597);
#1596 = CARTESIAN_POINT('',(0.6,-0.625,0.));
#1597 = VECTOR('',#1598,1.);
#1598 = DIRECTION('',(0.,1.,0.));
#1599 = ORIENTED_EDGE('',*,*,#1600,.F.);
#1600 = EDGE_CURVE('',#1601,#1593,#1603,.T.);
#1601 = VERTEX_POINT('',#1602);
#1602 = CARTESIAN_POINT('',(0.6,0.625,4.E-02));
#1603 = CIRCLE('',#1604,4.E-02);
#1604 = AXIS2_PLACEMENT_3D('',#1605,#1606,#1607);
#1605 = CARTESIAN_POINT('',(0.6,0.585,4.E-02));
#1606 = DIRECTION('',(-1.,0.,0.));
#1607 = DIRECTION('',(0.,0.,1.));
#1608 = ORIENTED_EDGE('',*,*,#1609,.T.);
#1609 = EDGE_CURVE('',#1601,#1610,#1612,.T.);
#1610 = VERTEX_POINT('',#1611);
#1611 = CARTESIAN_POINT('',(0.6,0.625,1.21));
#1612 = LINE('',#1613,#1614);
#1613 = CARTESIAN_POINT('',(0.6,0.625,0.));
#1614 = VECTOR('',#1615,1.);
#1615 = DIRECTION('',(0.,0.,1.));
#1616 = ORIENTED_EDGE('',*,*,#1617,.T.);
#1617 = EDGE_CURVE('',#1610,#1618,#1620,.T.);
#1618 = VERTEX_POINT('',#1619);
#1619 = CARTESIAN_POINT('',(0.6,0.585,1.25));
#1620 = CIRCLE('',#1621,4.E-02);
#1621 = AXIS2_PLACEMENT_3D('',#1622,#1623,#1624);
#1622 = CARTESIAN_POINT('',(0.6,0.585,1.21));
#1623 = DIRECTION('',(1.,0.,-0.));
#1624 = DIRECTION('',(0.,0.,1.));
#1625 = ORIENTED_EDGE('',*,*,#1626,.F.);
#1626 = EDGE_CURVE('',#1627,#1618,#1629,.T.);
#1627 = VERTEX_POINT('',#1628);
#1628 = CARTESIAN_POINT('',(0.6,-0.585,1.25));
#1629 = LINE('',#1630,#1631);
#1630 = CARTESIAN_POINT('',(0.6,-0.625,1.25));
#1631 = VECTOR('',#1632,1.);
#1632 = DIRECTION('',(0.,1.,0.));
#1633 = ORIENTED_EDGE('',*,*,#1634,.F.);
#1634 = EDGE_CURVE('',#1576,#1627,#1635,.T.);
#1635 = CIRCLE('',#1636,4.E-02);
#1636 = AXIS2_PLACEMENT_3D('',#1637,#1638,#1639);
#1637 = CARTESIAN_POINT('',(0.6,-0.585,1.21));
#1638 = DIRECTION('',(-1.,0.,0.));
#1639 = DIRECTION('',(0.,0.,1.));
#1640 = FACE_BOUND('',#1641,.F.);
#1641 = EDGE_LOOP('',(#1642,#1643,#1644,#1645,#1646,#1647,#1648,#1649));
#1642 = ORIENTED_EDGE('',*,*,#1386,.F.);
#1643 = ORIENTED_EDGE('',*,*,#1556,.T.);
#1644 = ORIENTED_EDGE('',*,*,#1539,.T.);
#1645 = ORIENTED_EDGE('',*,*,#1516,.T.);
#1646 = ORIENTED_EDGE('',*,*,#1491,.F.);
#1647 = ORIENTED_EDGE('',*,*,#1458,.F.);
#1648 = ORIENTED_EDGE('',*,*,#1441,.T.);
#1649 = ORIENTED_EDGE('',*,*,#1411,.F.);
#1650 = PLANE('',#1651);
#1651 = AXIS2_PLACEMENT_3D('',#1652,#1653,#1654);
#1652 = CARTESIAN_POINT('',(0.6,-0.625,0.));
#1653 = DIRECTION('',(1.,0.,0.));
#1654 = DIRECTION('',(0.,0.,1.));
#1655 = ADVANCED_FACE('',(#1656),#1681,.F.);
#1656 = FACE_BOUND('',#1657,.F.);
#1657 = EDGE_LOOP('',(#1658,#1668,#1674,#1675));
#1658 = ORIENTED_EDGE('',*,*,#1659,.F.);
#1659 = EDGE_CURVE('',#1660,#1662,#1664,.T.);
#1660 = VERTEX_POINT('',#1661);
#1661 = CARTESIAN_POINT('',(1.,-0.625,4.E-02));
#1662 = VERTEX_POINT('',#1663);
#1663 = CARTESIAN_POINT('',(1.,-0.625,1.21));
#1664 = LINE('',#1665,#1666);
#1665 = CARTESIAN_POINT('',(1.,-0.625,0.));
#1666 = VECTOR('',#1667,1.);
#1667 = DIRECTION('',(0.,0.,1.));
#1668 = ORIENTED_EDGE('',*,*,#1669,.F.);
#1669 = EDGE_CURVE('',#1574,#1660,#1670,.T.);
#1670 = LINE('',#1671,#1672);
#1671 = CARTESIAN_POINT('',(0.6,-0.625,4.E-02));
#1672 = VECTOR('',#1673,1.);
#1673 = DIRECTION('',(1.,0.,0.));
#1674 = ORIENTED_EDGE('',*,*,#1573,.T.);
#1675 = ORIENTED_EDGE('',*,*,#1676,.T.);
#1676 = EDGE_CURVE('',#1576,#1662,#1677,.T.);
#1677 = LINE('',#1678,#1679);
#1678 = CARTESIAN_POINT('',(0.6,-0.625,1.21));
#1679 = VECTOR('',#1680,1.);
#1680 = DIRECTION('',(1.,0.,0.));
#1681 = PLANE('',#1682);
#1682 = AXIS2_PLACEMENT_3D('',#1683,#1684,#1685);
#1683 = CARTESIAN_POINT('',(0.6,-0.625,0.));
#1684 = DIRECTION('',(0.,1.,0.));
#1685 = DIRECTION('',(0.,-0.,1.));
#1686 = ADVANCED_FACE('',(#1687),#1706,.T.);
#1687 = FACE_BOUND('',#1688,.T.);
#1688 = EDGE_LOOP('',(#1689,#1690,#1698,#1705));
#1689 = ORIENTED_EDGE('',*,*,#1583,.T.);
#1690 = ORIENTED_EDGE('',*,*,#1691,.T.);
#1691 = EDGE_CURVE('',#1584,#1692,#1694,.T.);
#1692 = VERTEX_POINT('',#1693);
#1693 = CARTESIAN_POINT('',(1.,-0.585,0.));
#1694 = LINE('',#1695,#1696);
#1695 = CARTESIAN_POINT('',(0.6,-0.585,0.));
#1696 = VECTOR('',#1697,1.);
#1697 = DIRECTION('',(1.,0.,0.));
#1698 = ORIENTED_EDGE('',*,*,#1699,.F.);
#1699 = EDGE_CURVE('',#1660,#1692,#1700,.T.);
#1700 = CIRCLE('',#1701,4.E-02);
#1701 = AXIS2_PLACEMENT_3D('',#1702,#1703,#1704);
#1702 = CARTESIAN_POINT('',(1.,-0.585,4.E-02));
#1703 = DIRECTION('',(1.,0.,-0.));
#1704 = DIRECTION('',(0.,0.,1.));
#1705 = ORIENTED_EDGE('',*,*,#1669,.F.);
#1706 = CYLINDRICAL_SURFACE('',#1707,4.E-02);
#1707 = AXIS2_PLACEMENT_3D('',#1708,#1709,#1710);
#1708 = CARTESIAN_POINT('',(0.6,-0.585,4.E-02));
#1709 = DIRECTION('',(1.,0.,0.));
#1710 = DIRECTION('',(0.,-1.,0.));
#1711 = ADVANCED_FACE('',(#1712),#1731,.T.);
#1712 = FACE_BOUND('',#1713,.T.);
#1713 = EDGE_LOOP('',(#1714,#1715,#1724,#1730));
#1714 = ORIENTED_EDGE('',*,*,#1676,.T.);
#1715 = ORIENTED_EDGE('',*,*,#1716,.T.);
#1716 = EDGE_CURVE('',#1662,#1717,#1719,.T.);
#1717 = VERTEX_POINT('',#1718);
#1718 = CARTESIAN_POINT('',(1.,-0.585,1.25));
#1719 = CIRCLE('',#1720,4.E-02);
#1720 = AXIS2_PLACEMENT_3D('',#1721,#1722,#1723);
#1721 = CARTESIAN_POINT('',(1.,-0.585,1.21));
#1722 = DIRECTION('',(-1.,0.,0.));
#1723 = DIRECTION('',(0.,0.,1.));
#1724 = ORIENTED_EDGE('',*,*,#1725,.F.);
#1725 = EDGE_CURVE('',#1627,#1717,#1726,.T.);
#1726 = LINE('',#1727,#1728);
#1727 = CARTESIAN_POINT('',(0.6,-0.585,1.25));
#1728 = VECTOR('',#1729,1.);
#1729 = DIRECTION('',(1.,0.,0.));
#1730 = ORIENTED_EDGE('',*,*,#1634,.F.);
#1731 = CYLINDRICAL_SURFACE('',#1732,4.E-02);
#1732 = AXIS2_PLACEMENT_3D('',#1733,#1734,#1735);
#1733 = CARTESIAN_POINT('',(0.6,-0.585,1.21));
#1734 = DIRECTION('',(1.,0.,0.));
#1735 = DIRECTION('',(0.,-1.,0.));
#1736 = ADVANCED_FACE('',(#1737),#1755,.F.);
#1737 = FACE_BOUND('',#1738,.F.);
#1738 = EDGE_LOOP('',(#1739,#1740,#1741,#1749));
#1739 = ORIENTED_EDGE('',*,*,#1592,.F.);
#1740 = ORIENTED_EDGE('',*,*,#1691,.T.);
#1741 = ORIENTED_EDGE('',*,*,#1742,.T.);
#1742 = EDGE_CURVE('',#1692,#1743,#1745,.T.);
#1743 = VERTEX_POINT('',#1744);
#1744 = CARTESIAN_POINT('',(1.,0.585,0.));
#1745 = LINE('',#1746,#1747);
#1746 = CARTESIAN_POINT('',(1.,-0.625,0.));
#1747 = VECTOR('',#1748,1.);
#1748 = DIRECTION('',(0.,1.,0.));
#1749 = ORIENTED_EDGE('',*,*,#1750,.F.);
#1750 = EDGE_CURVE('',#1593,#1743,#1751,.T.);
#1751 = LINE('',#1752,#1753);
#1752 = CARTESIAN_POINT('',(0.6,0.585,0.));
#1753 = VECTOR('',#1754,1.);
#1754 = DIRECTION('',(1.,0.,0.));
#1755 = PLANE('',#1756);
#1756 = AXIS2_PLACEMENT_3D('',#1757,#1758,#1759);
#1757 = CARTESIAN_POINT('',(0.6,-0.625,0.));
#1758 = DIRECTION('',(0.,0.,1.));
#1759 = DIRECTION('',(1.,0.,-0.));
#1760 = ADVANCED_FACE('',(#1761),#1779,.T.);
#1761 = FACE_BOUND('',#1762,.T.);
#1762 = EDGE_LOOP('',(#1763,#1764,#1765,#1773));
#1763 = ORIENTED_EDGE('',*,*,#1626,.F.);
#1764 = ORIENTED_EDGE('',*,*,#1725,.T.);
#1765 = ORIENTED_EDGE('',*,*,#1766,.T.);
#1766 = EDGE_CURVE('',#1717,#1767,#1769,.T.);
#1767 = VERTEX_POINT('',#1768);
#1768 = CARTESIAN_POINT('',(1.,0.585,1.25));
#1769 = LINE('',#1770,#1771);
#1770 = CARTESIAN_POINT('',(1.,-0.625,1.25));
#1771 = VECTOR('',#1772,1.);
#1772 = DIRECTION('',(0.,1.,0.));
#1773 = ORIENTED_EDGE('',*,*,#1774,.F.);
#1774 = EDGE_CURVE('',#1618,#1767,#1775,.T.);
#1775 = LINE('',#1776,#1777);
#1776 = CARTESIAN_POINT('',(0.6,0.585,1.25));
#1777 = VECTOR('',#1778,1.);
#1778 = DIRECTION('',(1.,0.,0.));
#1779 = PLANE('',#1780);
#1780 = AXIS2_PLACEMENT_3D('',#1781,#1782,#1783);
#1781 = CARTESIAN_POINT('',(0.6,-0.625,1.25));
#1782 = DIRECTION('',(0.,0.,1.));
#1783 = DIRECTION('',(1.,0.,-0.));
#1784 = ADVANCED_FACE('',(#1785),#1804,.T.);
#1785 = FACE_BOUND('',#1786,.T.);
#1786 = EDGE_LOOP('',(#1787,#1795,#1802,#1803));
#1787 = ORIENTED_EDGE('',*,*,#1788,.T.);
#1788 = EDGE_CURVE('',#1601,#1789,#1791,.T.);
#1789 = VERTEX_POINT('',#1790);
#1790 = CARTESIAN_POINT('',(1.,0.625,4.E-02));
#1791 = LINE('',#1792,#1793);
#1792 = CARTESIAN_POINT('',(0.6,0.625,4.E-02));
#1793 = VECTOR('',#1794,1.);
#1794 = DIRECTION('',(1.,0.,0.));
#1795 = ORIENTED_EDGE('',*,*,#1796,.T.);
#1796 = EDGE_CURVE('',#1789,#1743,#1797,.T.);
#1797 = CIRCLE('',#1798,4.E-02);
#1798 = AXIS2_PLACEMENT_3D('',#1799,#1800,#1801);
#1799 = CARTESIAN_POINT('',(1.,0.585,4.E-02));
#1800 = DIRECTION('',(-1.,0.,0.));
#1801 = DIRECTION('',(0.,0.,1.));
#1802 = ORIENTED_EDGE('',*,*,#1750,.F.);
#1803 = ORIENTED_EDGE('',*,*,#1600,.F.);
#1804 = CYLINDRICAL_SURFACE('',#1805,4.E-02);
#1805 = AXIS2_PLACEMENT_3D('',#1806,#1807,#1808);
#1806 = CARTESIAN_POINT('',(0.6,0.585,4.E-02));
#1807 = DIRECTION('',(1.,0.,0.));
#1808 = DIRECTION('',(-0.,1.,0.));
#1809 = ADVANCED_FACE('',(#1810),#1829,.T.);
#1810 = FACE_BOUND('',#1811,.T.);
#1811 = EDGE_LOOP('',(#1812,#1813,#1814,#1823));
#1812 = ORIENTED_EDGE('',*,*,#1617,.T.);
#1813 = ORIENTED_EDGE('',*,*,#1774,.T.);
#1814 = ORIENTED_EDGE('',*,*,#1815,.F.);
#1815 = EDGE_CURVE('',#1816,#1767,#1818,.T.);
#1816 = VERTEX_POINT('',#1817);
#1817 = CARTESIAN_POINT('',(1.,0.625,1.21));
#1818 = CIRCLE('',#1819,4.E-02);
#1819 = AXIS2_PLACEMENT_3D('',#1820,#1821,#1822);
#1820 = CARTESIAN_POINT('',(1.,0.585,1.21));
#1821 = DIRECTION('',(1.,0.,-0.));
#1822 = DIRECTION('',(0.,0.,1.));
#1823 = ORIENTED_EDGE('',*,*,#1824,.F.);
#1824 = EDGE_CURVE('',#1610,#1816,#1825,.T.);
#1825 = LINE('',#1826,#1827);
#1826 = CARTESIAN_POINT('',(0.6,0.625,1.21));
#1827 = VECTOR('',#1828,1.);
#1828 = DIRECTION('',(1.,0.,0.));
#1829 = CYLINDRICAL_SURFACE('',#1830,4.E-02);
#1830 = AXIS2_PLACEMENT_3D('',#1831,#1832,#1833);
#1831 = CARTESIAN_POINT('',(0.6,0.585,1.21));
#1832 = DIRECTION('',(1.,0.,0.));
#1833 = DIRECTION('',(-0.,1.,0.));
#1834 = ADVANCED_FACE('',(#1835),#1846,.T.);
#1835 = FACE_BOUND('',#1836,.T.);
#1836 = EDGE_LOOP('',(#1837,#1843,#1844,#1845));
#1837 = ORIENTED_EDGE('',*,*,#1838,.F.);
#1838 = EDGE_CURVE('',#1789,#1816,#1839,.T.);
#1839 = LINE('',#1840,#1841);
#1840 = CARTESIAN_POINT('',(1.,0.625,0.));
#1841 = VECTOR('',#1842,1.);
#1842 = DIRECTION('',(0.,0.,1.));
#1843 = ORIENTED_EDGE('',*,*,#1788,.F.);
#1844 = ORIENTED_EDGE('',*,*,#1609,.T.);
#1845 = ORIENTED_EDGE('',*,*,#1824,.T.);
#1846 = PLANE('',#1847);
#1847 = AXIS2_PLACEMENT_3D('',#1848,#1849,#1850);
#1848 = CARTESIAN_POINT('',(0.6,0.625,0.));
#1849 = DIRECTION('',(0.,1.,0.));
#1850 = DIRECTION('',(0.,-0.,1.));
#1851 = ADVANCED_FACE('',(#1852),#1862,.T.);
#1852 = FACE_BOUND('',#1853,.T.);
#1853 = EDGE_LOOP('',(#1854,#1855,#1856,#1857,#1858,#1859,#1860,#1861));
#1854 = ORIENTED_EDGE('',*,*,#1659,.F.);
#1855 = ORIENTED_EDGE('',*,*,#1699,.T.);
#1856 = ORIENTED_EDGE('',*,*,#1742,.T.);
#1857 = ORIENTED_EDGE('',*,*,#1796,.F.);
#1858 = ORIENTED_EDGE('',*,*,#1838,.T.);
#1859 = ORIENTED_EDGE('',*,*,#1815,.T.);
#1860 = ORIENTED_EDGE('',*,*,#1766,.F.);
#1861 = ORIENTED_EDGE('',*,*,#1716,.F.);
#1862 = PLANE('',#1863);
#1863 = AXIS2_PLACEMENT_3D('',#1864,#1865,#1866);
#1864 = CARTESIAN_POINT('',(1.,-0.625,0.));
#1865 = DIRECTION('',(1.,0.,0.));
#1866 = DIRECTION('',(0.,0.,1.));
#1867 = ( GEOMETRIC_REPRESENTATION_CONTEXT(3) 
GLOBAL_UNCERTAINTY_ASSIGNED_CONTEXT((#1871)) 
GLOBAL_UNIT_ASSIGNED_CONTEXT((#1868,#1869,#1870)) REPRESENTATION_CONTEXT
('Context #1','3D Context with UNIT and UNCERTAINTY') );
#1868 = ( LENGTH_UNIT() NAMED_UNIT(*) SI_UNIT(.MILLI.,.METRE.) );
#1869 = ( NAMED_UNIT(*) PLANE_ANGLE_UNIT() SI_UNIT($,.RADIAN.) );
#1870 = ( NAMED_UNIT(*) SI_UNIT($,.STERADIAN.) SOLID_ANGLE_UNIT() );
#1871 = UNCERTAINTY_MEASURE_WITH_UNIT(LENGTH_MEASURE(1.E-07),#1868,
  'distance_accuracy_value','confusion accuracy');
#1872 = CONTEXT_DEPENDENT_SHAPE_REPRESENTATION(#1873,#1875);
#1873 = ( REPRESENTATION_RELATIONSHIP('','',#1012,#989) 
REPRESENTATION_RELATIONSHIP_WITH_TRANSFORMATION(#1874) 
SHAPE_REPRESENTATION_RELATIONSHIP() );
#1874 = ITEM_DEFINED_TRANSFORMATION('','',#11,#990);
#1875 = PRODUCT_DEFINITION_SHAPE('Placement','Placement of an item',
  #1876);
#1876 = NEXT_ASSEMBLY_USAGE_OCCURRENCE('4','=>[0:1:1:5]','',#984,#1007,$
  );
#1877 = PRODUCT_RELATED_PRODUCT_CATEGORY('part',$,(#1009));
#1878 = CONTEXT_DEPENDENT_SHAPE_REPRESENTATION(#1879,#1881);
#1879 = ( REPRESENTATION_RELATIONSHIP('','',#989,#10) 
REPRESENTATION_RELATIONSHIP_WITH_TRANSFORMATION(#1880) 
SHAPE_REPRESENTATION_RELATIONSHIP() );
#1880 = ITEM_DEFINED_TRANSFORMATION('','',#11,#27);
#1881 = PRODUCT_DEFINITION_SHAPE('Placement','Placement of an item',
  #1882);
#1882 = NEXT_ASSEMBLY_USAGE_OCCURRENCE('6','C4','',#5,#984,$);
#1883 = CONTEXT_DEPENDENT_SHAPE_REPRESENTATION(#1884,#1886);
#1884 = ( REPRESENTATION_RELATIONSHIP('','',#989,#10) 
REPRESENTATION_RELATIONSHIP_WITH_TRANSFORMATION(#1885) 
SHAPE_REPRESENTATION_RELATIONSHIP() );
#1885 = ITEM_DEFINED_TRANSFORMATION('','',#11,#31);
#1886 = PRODUCT_DEFINITION_SHAPE('Placement','Placement of an item',
  #1887);
#1887 = NEXT_ASSEMBLY_USAGE_OCCURRENCE('7','C5','',#5,#984,$);
#1888 = CONTEXT_DEPENDENT_SHAPE_REPRESENTATION(#1889,#1891);
#1889 = ( REPRESENTATION_RELATIONSHIP('','',#989,#10) 
REPRESENTATION_RELATIONSHIP_WITH_TRANSFORMATION(#1890) 
SHAPE_REPRESENTATION_RELATIONSHIP() );
#1890 = ITEM_DEFINED_TRANSFORMATION('','',#11,#35);
#1891 = PRODUCT_DEFINITION_SHAPE('Placement','Placement of an item',
  #1892);
#1892 = NEXT_ASSEMBLY_USAGE_OCCURRENCE('8','C6','',#5,#984,$);
#1893 = SHAPE_DEFINITION_REPRESENTATION(#1894,#1900);
#1894 = PRODUCT_DEFINITION_SHAPE('','',#1895);
#1895 = PRODUCT_DEFINITION('design','',#1896,#1899);
#1896 = PRODUCT_DEFINITION_FORMATION('','',#1897);
#1897 = PRODUCT('R_0402_1005Metric','R_0402_1005Metric','',(#1898));
#1898 = PRODUCT_CONTEXT('',#2,'mechanical');
#1899 = PRODUCT_DEFINITION_CONTEXT('part definition',#2,'design');
#1900 = SHAPE_REPRESENTATION('',(#11,#1901),#1905);
#1901 = AXIS2_PLACEMENT_3D('',#1902,#1903,#1904);
#1902 = CARTESIAN_POINT('',(0.,0.,0.));
#1903 = DIRECTION('',(0.,0.,1.));
#1904 = DIRECTION('',(1.,0.,-0.));
#1905 = ( GEOMETRIC_REPRESENTATION_CONTEXT(3) 
GLOBAL_UNCERTAINTY_ASSIGNED_CONTEXT((#1909)) 
GLOBAL_UNIT_ASSIGNED_CONTEXT((#1906,#1907,#1908)) REPRESENTATION_CONTEXT
('Context #1','3D Context with UNIT and UNCERTAINTY') );
#1906 = ( LENGTH_UNIT() NAMED_UNIT(*) SI_UNIT(.MILLI.,.METRE.) );
#1907 = ( NAMED_UNIT(*) PLANE_ANGLE_UNIT() SI_UNIT($,.RADIAN.) );
#1908 = ( NAMED_UNIT(*) SI_UNIT($,.STERADIAN.) SOLID_ANGLE_UNIT() );
#1909 = UNCERTAINTY_MEASURE_WITH_UNIT(LENGTH_MEASURE(1.E-07),#1906,
  'distance_accuracy_value','confusion accuracy');
#1910 = CONTEXT_DEPENDENT_SHAPE_REPRESENTATION(#1911,#1913);
#1911 = ( REPRESENTATION_RELATIONSHIP('','',#1900,#10) 
REPRESENTATION_RELATIONSHIP_WITH_TRANSFORMATION(#1912) 
SHAPE_REPRESENTATION_RELATIONSHIP() );
#1912 = ITEM_DEFINED_TRANSFORMATION('','',#11,#39);
#1913 = PRODUCT_DEFINITION_SHAPE('Placement','Placement of an item',
  #1914);
#1914 = NEXT_ASSEMBLY_USAGE_OCCURRENCE('10','R1','',#5,#1895,$);
#1915 = PRODUCT_RELATED_PRODUCT_CATEGORY('part',$,(#1897));
#1916 = SHAPE_DEFINITION_REPRESENTATION(#1917,#1923);
#1917 = PRODUCT_DEFINITION_SHAPE('','',#1918);
#1918 = PRODUCT_DEFINITION('design','',#1919,#1922);
#1919 = PRODUCT_DEFINITION_FORMATION('','',#1920);
#1920 = PRODUCT('R_0402_1005Metric','R_0402_1005Metric','',(#1921));
#1921 = PRODUCT_CONTEXT('',#2,'mechanical');
#1922 = PRODUCT_DEFINITION_CONTEXT('part definition',#2,'design');
#1923 = ADVANCED_BREP_SHAPE_REPRESENTATION('',(#11,#1924),#2714);
#1924 = MANIFOLD_SOLID_BREP('',#1925);
#1925 = CLOSED_SHELL('',(#1926,#1966,#2049,#2074,#2099,#2166,#2183,#2200
    ,#2249,#2266,#2283,#2332,#2349,#2418,#2449,#2473,#2542,#2566,#2583,
    #2600,#2617,#2634,#2651,#2668,#2685,#2702));
#1926 = ADVANCED_FACE('',(#1927),#1961,.F.);
#1927 = FACE_BOUND('',#1928,.F.);
#1928 = EDGE_LOOP('',(#1929,#1939,#1947,#1955));
#1929 = ORIENTED_EDGE('',*,*,#1930,.F.);
#1930 = EDGE_CURVE('',#1931,#1933,#1935,.T.);
#1931 = VERTEX_POINT('',#1932);
#1932 = CARTESIAN_POINT('',(-0.5,-0.25,3.5E-02));
#1933 = VERTEX_POINT('',#1934);
#1934 = CARTESIAN_POINT('',(-0.5,-0.25,0.315));
#1935 = LINE('',#1936,#1937);
#1936 = CARTESIAN_POINT('',(-0.5,-0.25,0.));
#1937 = VECTOR('',#1938,1.);
#1938 = DIRECTION('',(0.,0.,1.));
#1939 = ORIENTED_EDGE('',*,*,#1940,.T.);
#1940 = EDGE_CURVE('',#1931,#1941,#1943,.T.);
#1941 = VERTEX_POINT('',#1942);
#1942 = CARTESIAN_POINT('',(-0.5,0.25,3.5E-02));
#1943 = LINE('',#1944,#1945);
#1944 = CARTESIAN_POINT('',(-0.5,-0.25,3.5E-02));
#1945 = VECTOR('',#1946,1.);
#1946 = DIRECTION('',(0.,1.,0.));
#1947 = ORIENTED_EDGE('',*,*,#1948,.T.);
#1948 = EDGE_CURVE('',#1941,#1949,#1951,.T.);
#1949 = VERTEX_POINT('',#1950);
#1950 = CARTESIAN_POINT('',(-0.5,0.25,0.315));
#1951 = LINE('',#1952,#1953);
#1952 = CARTESIAN_POINT('',(-0.5,0.25,0.));
#1953 = VECTOR('',#1954,1.);
#1954 = DIRECTION('',(0.,0.,1.));
#1955 = ORIENTED_EDGE('',*,*,#1956,.F.);
#1956 = EDGE_CURVE('',#1933,#1949,#1957,.T.);
#1957 = LINE('',#1958,#1959);
#1958 = CARTESIAN_POINT('',(-0.5,-0.25,0.315));
#1959 = VECTOR('',#1960,1.);
#1960 = DIRECTION('',(0.,1.,0.));
#1961 = PLANE('',#1962);
#1962 = AXIS2_PLACEMENT_3D('',#1963,#1964,#1965);
#1963 = CARTESIAN_POINT('',(-0.5,-0.25,0.));
#1964 = DIRECTION('',(1.,0.,0.));
#1965 = DIRECTION('',(0.,0.,1.));
#1966 = ADVANCED_FACE('',(#1967),#2044,.F.);
#1967 = FACE_BOUND('',#1968,.F.);
#1968 = EDGE_LOOP('',(#1969,#1979,#1986,#1987,#1996,#2004,#2013,#2021,
    #2029,#2037));
#1969 = ORIENTED_EDGE('',*,*,#1970,.F.);
#1970 = EDGE_CURVE('',#1971,#1973,#1975,.T.);
#1971 = VERTEX_POINT('',#1972);
#1972 = CARTESIAN_POINT('',(-0.465,-0.25,-2.775557561563E-17));
#1973 = VERTEX_POINT('',#1974);
#1974 = CARTESIAN_POINT('',(-0.335,-0.25,-2.775557561563E-17));
#1975 = LINE('',#1976,#1977);
#1976 = CARTESIAN_POINT('',(-0.5,-0.25,0.));
#1977 = VECTOR('',#1978,1.);
#1978 = DIRECTION('',(1.,0.,0.));
#1979 = ORIENTED_EDGE('',*,*,#1980,.F.);
#1980 = EDGE_CURVE('',#1931,#1971,#1981,.T.);
#1981 = CIRCLE('',#1982,3.5E-02);
#1982 = AXIS2_PLACEMENT_3D('',#1983,#1984,#1985);
#1983 = CARTESIAN_POINT('',(-0.465,-0.25,3.5E-02));
#1984 = DIRECTION('',(0.,-1.,0.));
#1985 = DIRECTION('',(0.,0.,1.));
#1986 = ORIENTED_EDGE('',*,*,#1930,.T.);
#1987 = ORIENTED_EDGE('',*,*,#1988,.T.);
#1988 = EDGE_CURVE('',#1933,#1989,#1991,.T.);
#1989 = VERTEX_POINT('',#1990);
#1990 = CARTESIAN_POINT('',(-0.465,-0.25,0.35));
#1991 = CIRCLE('',#1992,3.5E-02);
#1992 = AXIS2_PLACEMENT_3D('',#1993,#1994,#1995);
#1993 = CARTESIAN_POINT('',(-0.465,-0.25,0.315));
#1994 = DIRECTION('',(0.,1.,0.));
#1995 = DIRECTION('',(0.,-0.,1.));
#1996 = ORIENTED_EDGE('',*,*,#1997,.T.);
#1997 = EDGE_CURVE('',#1989,#1998,#2000,.T.);
#1998 = VERTEX_POINT('',#1999);
#1999 = CARTESIAN_POINT('',(-0.335,-0.25,0.35));
#2000 = LINE('',#2001,#2002);
#2001 = CARTESIAN_POINT('',(-0.5,-0.25,0.35));
#2002 = VECTOR('',#2003,1.);
#2003 = DIRECTION('',(1.,0.,0.));
#2004 = ORIENTED_EDGE('',*,*,#2005,.F.);
#2005 = EDGE_CURVE('',#2006,#1998,#2008,.T.);
#2006 = VERTEX_POINT('',#2007);
#2007 = CARTESIAN_POINT('',(-0.3,-0.25,0.315));
#2008 = CIRCLE('',#2009,3.5E-02);
#2009 = AXIS2_PLACEMENT_3D('',#2010,#2011,#2012);
#2010 = CARTESIAN_POINT('',(-0.335,-0.25,0.315));
#2011 = DIRECTION('',(0.,-1.,0.));
#2012 = DIRECTION('',(0.,0.,1.));
#2013 = ORIENTED_EDGE('',*,*,#2014,.F.);
#2014 = EDGE_CURVE('',#2015,#2006,#2017,.T.);
#2015 = VERTEX_POINT('',#2016);
#2016 = CARTESIAN_POINT('',(-0.465,-0.25,0.315));
#2017 = LINE('',#2018,#2019);
#2018 = CARTESIAN_POINT('',(-0.465,-0.25,0.315));
#2019 = VECTOR('',#2020,1.);
#2020 = DIRECTION('',(1.,0.,0.));
#2021 = ORIENTED_EDGE('',*,*,#2022,.F.);
#2022 = EDGE_CURVE('',#2023,#2015,#2025,.T.);
#2023 = VERTEX_POINT('',#2024);
#2024 = CARTESIAN_POINT('',(-0.465,-0.25,3.5E-02));
#2025 = LINE('',#2026,#2027);
#2026 = CARTESIAN_POINT('',(-0.465,-0.25,3.5E-02));
#2027 = VECTOR('',#2028,1.);
#2028 = DIRECTION('',(0.,0.,1.));
#2029 = ORIENTED_EDGE('',*,*,#2030,.T.);
#2030 = EDGE_CURVE('',#2023,#2031,#2033,.T.);
#2031 = VERTEX_POINT('',#2032);
#2032 = CARTESIAN_POINT('',(-0.3,-0.25,3.5E-02));
#2033 = LINE('',#2034,#2035);
#2034 = CARTESIAN_POINT('',(-0.465,-0.25,3.5E-02));
#2035 = VECTOR('',#2036,1.);
#2036 = DIRECTION('',(1.,0.,0.));
#2037 = ORIENTED_EDGE('',*,*,#2038,.T.);
#2038 = EDGE_CURVE('',#2031,#1973,#2039,.T.);
#2039 = CIRCLE('',#2040,3.5E-02);
#2040 = AXIS2_PLACEMENT_3D('',#2041,#2042,#2043);
#2041 = CARTESIAN_POINT('',(-0.335,-0.25,3.5E-02));
#2042 = DIRECTION('',(0.,1.,0.));
#2043 = DIRECTION('',(0.,-0.,1.));
#2044 = PLANE('',#2045);
#2045 = AXIS2_PLACEMENT_3D('',#2046,#2047,#2048);
#2046 = CARTESIAN_POINT('',(-0.5,-0.25,0.));
#2047 = DIRECTION('',(0.,1.,0.));
#2048 = DIRECTION('',(0.,-0.,1.));
#2049 = ADVANCED_FACE('',(#2050),#2069,.T.);
#2050 = FACE_BOUND('',#2051,.T.);
#2051 = EDGE_LOOP('',(#2052,#2053,#2062,#2068));
#2052 = ORIENTED_EDGE('',*,*,#1940,.T.);
#2053 = ORIENTED_EDGE('',*,*,#2054,.T.);
#2054 = EDGE_CURVE('',#1941,#2055,#2057,.T.);
#2055 = VERTEX_POINT('',#2056);
#2056 = CARTESIAN_POINT('',(-0.465,0.25,-2.775557561563E-17));
#2057 = CIRCLE('',#2058,3.5E-02);
#2058 = AXIS2_PLACEMENT_3D('',#2059,#2060,#2061);
#2059 = CARTESIAN_POINT('',(-0.465,0.25,3.5E-02));
#2060 = DIRECTION('',(0.,-1.,0.));
#2061 = DIRECTION('',(0.,0.,1.));
#2062 = ORIENTED_EDGE('',*,*,#2063,.F.);
#2063 = EDGE_CURVE('',#1971,#2055,#2064,.T.);
#2064 = LINE('',#2065,#2066);
#2065 = CARTESIAN_POINT('',(-0.465,-0.25,-2.775557561563E-17));
#2066 = VECTOR('',#2067,1.);
#2067 = DIRECTION('',(0.,1.,0.));
#2068 = ORIENTED_EDGE('',*,*,#1980,.F.);
#2069 = CYLINDRICAL_SURFACE('',#2070,3.5E-02);
#2070 = AXIS2_PLACEMENT_3D('',#2071,#2072,#2073);
#2071 = CARTESIAN_POINT('',(-0.465,-0.25,3.5E-02));
#2072 = DIRECTION('',(0.,1.,0.));
#2073 = DIRECTION('',(-1.,0.,0.));
#2074 = ADVANCED_FACE('',(#2075),#2094,.T.);
#2075 = FACE_BOUND('',#2076,.T.);
#2076 = EDGE_LOOP('',(#2077,#2078,#2086,#2093));
#2077 = ORIENTED_EDGE('',*,*,#1988,.T.);
#2078 = ORIENTED_EDGE('',*,*,#2079,.T.);
#2079 = EDGE_CURVE('',#1989,#2080,#2082,.T.);
#2080 = VERTEX_POINT('',#2081);
#2081 = CARTESIAN_POINT('',(-0.465,0.25,0.35));
#2082 = LINE('',#2083,#2084);
#2083 = CARTESIAN_POINT('',(-0.465,-0.25,0.35));
#2084 = VECTOR('',#2085,1.);
#2085 = DIRECTION('',(0.,1.,0.));
#2086 = ORIENTED_EDGE('',*,*,#2087,.F.);
#2087 = EDGE_CURVE('',#1949,#2080,#2088,.T.);
#2088 = CIRCLE('',#2089,3.5E-02);
#2089 = AXIS2_PLACEMENT_3D('',#2090,#2091,#2092);
#2090 = CARTESIAN_POINT('',(-0.465,0.25,0.315));
#2091 = DIRECTION('',(0.,1.,0.));
#2092 = DIRECTION('',(0.,-0.,1.));
#2093 = ORIENTED_EDGE('',*,*,#1956,.F.);
#2094 = CYLINDRICAL_SURFACE('',#2095,3.5E-02);
#2095 = AXIS2_PLACEMENT_3D('',#2096,#2097,#2098);
#2096 = CARTESIAN_POINT('',(-0.465,-0.25,0.315));
#2097 = DIRECTION('',(0.,1.,0.));
#2098 = DIRECTION('',(-1.,0.,0.));
#2099 = ADVANCED_FACE('',(#2100),#2161,.T.);
#2100 = FACE_BOUND('',#2101,.T.);
#2101 = EDGE_LOOP('',(#2102,#2110,#2111,#2112,#2113,#2121,#2130,#2138,
    #2146,#2154));
#2102 = ORIENTED_EDGE('',*,*,#2103,.F.);
#2103 = EDGE_CURVE('',#2055,#2104,#2106,.T.);
#2104 = VERTEX_POINT('',#2105);
#2105 = CARTESIAN_POINT('',(-0.335,0.25,-2.775557561563E-17));
#2106 = LINE('',#2107,#2108);
#2107 = CARTESIAN_POINT('',(-0.5,0.25,0.));
#2108 = VECTOR('',#2109,1.);
#2109 = DIRECTION('',(1.,0.,0.));
#2110 = ORIENTED_EDGE('',*,*,#2054,.F.);
#2111 = ORIENTED_EDGE('',*,*,#1948,.T.);
#2112 = ORIENTED_EDGE('',*,*,#2087,.T.);
#2113 = ORIENTED_EDGE('',*,*,#2114,.T.);
#2114 = EDGE_CURVE('',#2080,#2115,#2117,.T.);
#2115 = VERTEX_POINT('',#2116);
#2116 = CARTESIAN_POINT('',(-0.335,0.25,0.35));
#2117 = LINE('',#2118,#2119);
#2118 = CARTESIAN_POINT('',(-0.5,0.25,0.35));
#2119 = VECTOR('',#2120,1.);
#2120 = DIRECTION('',(1.,0.,0.));
#2121 = ORIENTED_EDGE('',*,*,#2122,.F.);
#2122 = EDGE_CURVE('',#2123,#2115,#2125,.T.);
#2123 = VERTEX_POINT('',#2124);
#2124 = CARTESIAN_POINT('',(-0.3,0.25,0.315));
#2125 = CIRCLE('',#2126,3.5E-02);
#2126 = AXIS2_PLACEMENT_3D('',#2127,#2128,#2129);
#2127 = CARTESIAN_POINT('',(-0.335,0.25,0.315));
#2128 = DIRECTION('',(0.,-1.,0.));
#2129 = DIRECTION('',(0.,0.,1.));
#2130 = ORIENTED_EDGE('',*,*,#2131,.F.);
#2131 = EDGE_CURVE('',#2132,#2123,#2134,.T.);
#2132 = VERTEX_POINT('',#2133);
#2133 = CARTESIAN_POINT('',(-0.465,0.25,0.315));
#2134 = LINE('',#2135,#2136);
#2135 = CARTESIAN_POINT('',(-0.465,0.25,0.315));
#2136 = VECTOR('',#2137,1.);
#2137 = DIRECTION('',(1.,0.,0.));
#2138 = ORIENTED_EDGE('',*,*,#2139,.F.);
#2139 = EDGE_CURVE('',#2140,#2132,#2142,.T.);
#2140 = VERTEX_POINT('',#2141);
#2141 = CARTESIAN_POINT('',(-0.465,0.25,3.5E-02));
#2142 = LINE('',#2143,#2144);
#2143 = CARTESIAN_POINT('',(-0.465,0.25,3.5E-02));
#2144 = VECTOR('',#2145,1.);
#2145 = DIRECTION('',(0.,0.,1.));
#2146 = ORIENTED_EDGE('',*,*,#2147,.T.);
#2147 = EDGE_CURVE('',#2140,#2148,#2150,.T.);
#2148 = VERTEX_POINT('',#2149);
#2149 = CARTESIAN_POINT('',(-0.3,0.25,3.5E-02));
#2150 = LINE('',#2151,#2152);
#2151 = CARTESIAN_POINT('',(-0.465,0.25,3.5E-02));
#2152 = VECTOR('',#2153,1.);
#2153 = DIRECTION('',(1.,0.,0.));
#2154 = ORIENTED_EDGE('',*,*,#2155,.T.);
#2155 = EDGE_CURVE('',#2148,#2104,#2156,.T.);
#2156 = CIRCLE('',#2157,3.5E-02);
#2157 = AXIS2_PLACEMENT_3D('',#2158,#2159,#2160);
#2158 = CARTESIAN_POINT('',(-0.335,0.25,3.5E-02));
#2159 = DIRECTION('',(0.,1.,0.));
#2160 = DIRECTION('',(0.,-0.,1.));
#2161 = PLANE('',#2162);
#2162 = AXIS2_PLACEMENT_3D('',#2163,#2164,#2165);
#2163 = CARTESIAN_POINT('',(-0.5,0.25,0.));
#2164 = DIRECTION('',(0.,1.,0.));
#2165 = DIRECTION('',(0.,-0.,1.));
#2166 = ADVANCED_FACE('',(#2167),#2178,.F.);
#2167 = FACE_BOUND('',#2168,.F.);
#2168 = EDGE_LOOP('',(#2169,#2170,#2171,#2172));
#2169 = ORIENTED_EDGE('',*,*,#2103,.F.);
#2170 = ORIENTED_EDGE('',*,*,#2063,.F.);
#2171 = ORIENTED_EDGE('',*,*,#1970,.T.);
#2172 = ORIENTED_EDGE('',*,*,#2173,.T.);
#2173 = EDGE_CURVE('',#1973,#2104,#2174,.T.);
#2174 = LINE('',#2175,#2176);
#2175 = CARTESIAN_POINT('',(-0.335,-0.25,-2.775557561563E-17));
#2176 = VECTOR('',#2177,1.);
#2177 = DIRECTION('',(0.,1.,0.));
#2178 = PLANE('',#2179);
#2179 = AXIS2_PLACEMENT_3D('',#2180,#2181,#2182);
#2180 = CARTESIAN_POINT('',(-0.5,-0.25,0.));
#2181 = DIRECTION('',(0.,0.,1.));
#2182 = DIRECTION('',(1.,0.,-0.));
#2183 = ADVANCED_FACE('',(#2184),#2195,.T.);
#2184 = FACE_BOUND('',#2185,.T.);
#2185 = EDGE_LOOP('',(#2186,#2187,#2188,#2189));
#2186 = ORIENTED_EDGE('',*,*,#2038,.T.);
#2187 = ORIENTED_EDGE('',*,*,#2173,.T.);
#2188 = ORIENTED_EDGE('',*,*,#2155,.F.);
#2189 = ORIENTED_EDGE('',*,*,#2190,.F.);
#2190 = EDGE_CURVE('',#2031,#2148,#2191,.T.);
#2191 = LINE('',#2192,#2193);
#2192 = CARTESIAN_POINT('',(-0.3,-0.25,3.5E-02));
#2193 = VECTOR('',#2194,1.);
#2194 = DIRECTION('',(0.,1.,0.));
#2195 = CYLINDRICAL_SURFACE('',#2196,3.5E-02);
#2196 = AXIS2_PLACEMENT_3D('',#2197,#2198,#2199);
#2197 = CARTESIAN_POINT('',(-0.335,-0.25,3.5E-02));
#2198 = DIRECTION('',(0.,1.,0.));
#2199 = DIRECTION('',(1.,0.,0.));
#2200 = ADVANCED_FACE('',(#2201),#2244,.F.);
#2201 = FACE_BOUND('',#2202,.F.);
#2202 = EDGE_LOOP('',(#2203,#2204,#2205,#2206,#2214,#2222,#2230,#2238));
#2203 = ORIENTED_EDGE('',*,*,#2030,.F.);
#2204 = ORIENTED_EDGE('',*,*,#2022,.T.);
#2205 = ORIENTED_EDGE('',*,*,#2014,.T.);
#2206 = ORIENTED_EDGE('',*,*,#2207,.T.);
#2207 = EDGE_CURVE('',#2006,#2208,#2210,.T.);
#2208 = VERTEX_POINT('',#2209);
#2209 = CARTESIAN_POINT('',(0.3,-0.25,0.315));
#2210 = LINE('',#2211,#2212);
#2211 = CARTESIAN_POINT('',(-0.3,-0.25,0.315));
#2212 = VECTOR('',#2213,1.);
#2213 = DIRECTION('',(1.,0.,0.));
#2214 = ORIENTED_EDGE('',*,*,#2215,.T.);
#2215 = EDGE_CURVE('',#2208,#2216,#2218,.T.);
#2216 = VERTEX_POINT('',#2217);
#2217 = CARTESIAN_POINT('',(0.465,-0.25,0.315));
#2218 = LINE('',#2219,#2220);
#2219 = CARTESIAN_POINT('',(-0.465,-0.25,0.315));
#2220 = VECTOR('',#2221,1.);
#2221 = DIRECTION('',(1.,0.,0.));
#2222 = ORIENTED_EDGE('',*,*,#2223,.F.);
#2223 = EDGE_CURVE('',#2224,#2216,#2226,.T.);
#2224 = VERTEX_POINT('',#2225);
#2225 = CARTESIAN_POINT('',(0.465,-0.25,3.5E-02));
#2226 = LINE('',#2227,#2228);
#2227 = CARTESIAN_POINT('',(0.465,-0.25,3.5E-02));
#2228 = VECTOR('',#2229,1.);
#2229 = DIRECTION('',(0.,0.,1.));
#2230 = ORIENTED_EDGE('',*,*,#2231,.F.);
#2231 = EDGE_CURVE('',#2232,#2224,#2234,.T.);
#2232 = VERTEX_POINT('',#2233);
#2233 = CARTESIAN_POINT('',(0.3,-0.25,3.5E-02));
#2234 = LINE('',#2235,#2236);
#2235 = CARTESIAN_POINT('',(-0.465,-0.25,3.5E-02));
#2236 = VECTOR('',#2237,1.);
#2237 = DIRECTION('',(1.,0.,0.));
#2238 = ORIENTED_EDGE('',*,*,#2239,.F.);
#2239 = EDGE_CURVE('',#2031,#2232,#2240,.T.);
#2240 = LINE('',#2241,#2242);
#2241 = CARTESIAN_POINT('',(-0.465,-0.25,3.5E-02));
#2242 = VECTOR('',#2243,1.);
#2243 = DIRECTION('',(1.,0.,0.));
#2244 = PLANE('',#2245);
#2245 = AXIS2_PLACEMENT_3D('',#2246,#2247,#2248);
#2246 = CARTESIAN_POINT('',(-0.465,-0.25,3.5E-02));
#2247 = DIRECTION('',(0.,1.,0.));
#2248 = DIRECTION('',(0.,-0.,1.));
#2249 = ADVANCED_FACE('',(#2250),#2261,.T.);
#2250 = FACE_BOUND('',#2251,.T.);
#2251 = EDGE_LOOP('',(#2252,#2253,#2254,#2255));
#2252 = ORIENTED_EDGE('',*,*,#2114,.F.);
#2253 = ORIENTED_EDGE('',*,*,#2079,.F.);
#2254 = ORIENTED_EDGE('',*,*,#1997,.T.);
#2255 = ORIENTED_EDGE('',*,*,#2256,.T.);
#2256 = EDGE_CURVE('',#1998,#2115,#2257,.T.);
#2257 = LINE('',#2258,#2259);
#2258 = CARTESIAN_POINT('',(-0.335,-0.25,0.35));
#2259 = VECTOR('',#2260,1.);
#2260 = DIRECTION('',(0.,1.,0.));
#2261 = PLANE('',#2262);
#2262 = AXIS2_PLACEMENT_3D('',#2263,#2264,#2265);
#2263 = CARTESIAN_POINT('',(-0.5,-0.25,0.35));
#2264 = DIRECTION('',(0.,0.,1.));
#2265 = DIRECTION('',(1.,0.,-0.));
#2266 = ADVANCED_FACE('',(#2267),#2278,.T.);
#2267 = FACE_BOUND('',#2268,.T.);
#2268 = EDGE_LOOP('',(#2269,#2275,#2276,#2277));
#2269 = ORIENTED_EDGE('',*,*,#2270,.T.);
#2270 = EDGE_CURVE('',#2006,#2123,#2271,.T.);
#2271 = LINE('',#2272,#2273);
#2272 = CARTESIAN_POINT('',(-0.3,-0.25,0.315));
#2273 = VECTOR('',#2274,1.);
#2274 = DIRECTION('',(0.,1.,0.));
#2275 = ORIENTED_EDGE('',*,*,#2122,.T.);
#2276 = ORIENTED_EDGE('',*,*,#2256,.F.);
#2277 = ORIENTED_EDGE('',*,*,#2005,.F.);
#2278 = CYLINDRICAL_SURFACE('',#2279,3.5E-02);
#2279 = AXIS2_PLACEMENT_3D('',#2280,#2281,#2282);
#2280 = CARTESIAN_POINT('',(-0.335,-0.25,0.315));
#2281 = DIRECTION('',(0.,1.,0.));
#2282 = DIRECTION('',(1.,0.,0.));
#2283 = ADVANCED_FACE('',(#2284),#2327,.T.);
#2284 = FACE_BOUND('',#2285,.T.);
#2285 = EDGE_LOOP('',(#2286,#2287,#2288,#2289,#2297,#2305,#2313,#2321));
#2286 = ORIENTED_EDGE('',*,*,#2147,.F.);
#2287 = ORIENTED_EDGE('',*,*,#2139,.T.);
#2288 = ORIENTED_EDGE('',*,*,#2131,.T.);
#2289 = ORIENTED_EDGE('',*,*,#2290,.T.);
#2290 = EDGE_CURVE('',#2123,#2291,#2293,.T.);
#2291 = VERTEX_POINT('',#2292);
#2292 = CARTESIAN_POINT('',(0.3,0.25,0.315));
#2293 = LINE('',#2294,#2295);
#2294 = CARTESIAN_POINT('',(-0.3,0.25,0.315));
#2295 = VECTOR('',#2296,1.);
#2296 = DIRECTION('',(1.,0.,0.));
#2297 = ORIENTED_EDGE('',*,*,#2298,.T.);
#2298 = EDGE_CURVE('',#2291,#2299,#2301,.T.);
#2299 = VERTEX_POINT('',#2300);
#2300 = CARTESIAN_POINT('',(0.465,0.25,0.315));
#2301 = LINE('',#2302,#2303);
#2302 = CARTESIAN_POINT('',(-0.465,0.25,0.315));
#2303 = VECTOR('',#2304,1.);
#2304 = DIRECTION('',(1.,0.,0.));
#2305 = ORIENTED_EDGE('',*,*,#2306,.F.);
#2306 = EDGE_CURVE('',#2307,#2299,#2309,.T.);
#2307 = VERTEX_POINT('',#2308);
#2308 = CARTESIAN_POINT('',(0.465,0.25,3.5E-02));
#2309 = LINE('',#2310,#2311);
#2310 = CARTESIAN_POINT('',(0.465,0.25,3.5E-02));
#2311 = VECTOR('',#2312,1.);
#2312 = DIRECTION('',(0.,0.,1.));
#2313 = ORIENTED_EDGE('',*,*,#2314,.F.);
#2314 = EDGE_CURVE('',#2315,#2307,#2317,.T.);
#2315 = VERTEX_POINT('',#2316);
#2316 = CARTESIAN_POINT('',(0.3,0.25,3.5E-02));
#2317 = LINE('',#2318,#2319);
#2318 = CARTESIAN_POINT('',(-0.465,0.25,3.5E-02));
#2319 = VECTOR('',#2320,1.);
#2320 = DIRECTION('',(1.,0.,0.));
#2321 = ORIENTED_EDGE('',*,*,#2322,.F.);
#2322 = EDGE_CURVE('',#2148,#2315,#2323,.T.);
#2323 = LINE('',#2324,#2325);
#2324 = CARTESIAN_POINT('',(-0.465,0.25,3.5E-02));
#2325 = VECTOR('',#2326,1.);
#2326 = DIRECTION('',(1.,0.,0.));
#2327 = PLANE('',#2328);
#2328 = AXIS2_PLACEMENT_3D('',#2329,#2330,#2331);
#2329 = CARTESIAN_POINT('',(-0.465,0.25,3.5E-02));
#2330 = DIRECTION('',(0.,1.,0.));
#2331 = DIRECTION('',(0.,-0.,1.));
#2332 = ADVANCED_FACE('',(#2333),#2344,.F.);
#2333 = FACE_BOUND('',#2334,.F.);
#2334 = EDGE_LOOP('',(#2335,#2336,#2337,#2343));
#2335 = ORIENTED_EDGE('',*,*,#2190,.F.);
#2336 = ORIENTED_EDGE('',*,*,#2239,.T.);
#2337 = ORIENTED_EDGE('',*,*,#2338,.T.);
#2338 = EDGE_CURVE('',#2232,#2315,#2339,.T.);
#2339 = LINE('',#2340,#2341);
#2340 = CARTESIAN_POINT('',(0.3,-0.25,3.5E-02));
#2341 = VECTOR('',#2342,1.);
#2342 = DIRECTION('',(0.,1.,0.));
#2343 = ORIENTED_EDGE('',*,*,#2322,.F.);
#2344 = PLANE('',#2345);
#2345 = AXIS2_PLACEMENT_3D('',#2346,#2347,#2348);
#2346 = CARTESIAN_POINT('',(-0.465,-0.25,3.5E-02));
#2347 = DIRECTION('',(0.,0.,1.));
#2348 = DIRECTION('',(1.,0.,-0.));
#2349 = ADVANCED_FACE('',(#2350),#2413,.F.);
#2350 = FACE_BOUND('',#2351,.F.);
#2351 = EDGE_LOOP('',(#2352,#2362,#2369,#2370,#2371,#2372,#2381,#2389,
    #2398,#2406));
#2352 = ORIENTED_EDGE('',*,*,#2353,.F.);
#2353 = EDGE_CURVE('',#2354,#2356,#2358,.T.);
#2354 = VERTEX_POINT('',#2355);
#2355 = CARTESIAN_POINT('',(0.335,-0.25,-2.775557561563E-17));
#2356 = VERTEX_POINT('',#2357);
#2357 = CARTESIAN_POINT('',(0.465,-0.25,-2.775557561563E-17));
#2358 = LINE('',#2359,#2360);
#2359 = CARTESIAN_POINT('',(0.3,-0.25,0.));
#2360 = VECTOR('',#2361,1.);
#2361 = DIRECTION('',(1.,0.,0.));
#2362 = ORIENTED_EDGE('',*,*,#2363,.F.);
#2363 = EDGE_CURVE('',#2232,#2354,#2364,.T.);
#2364 = CIRCLE('',#2365,3.5E-02);
#2365 = AXIS2_PLACEMENT_3D('',#2366,#2367,#2368);
#2366 = CARTESIAN_POINT('',(0.335,-0.25,3.5E-02));
#2367 = DIRECTION('',(0.,-1.,0.));
#2368 = DIRECTION('',(0.,0.,1.));
#2369 = ORIENTED_EDGE('',*,*,#2231,.T.);
#2370 = ORIENTED_EDGE('',*,*,#2223,.T.);
#2371 = ORIENTED_EDGE('',*,*,#2215,.F.);
#2372 = ORIENTED_EDGE('',*,*,#2373,.T.);
#2373 = EDGE_CURVE('',#2208,#2374,#2376,.T.);
#2374 = VERTEX_POINT('',#2375);
#2375 = CARTESIAN_POINT('',(0.335,-0.25,0.35));
#2376 = CIRCLE('',#2377,3.5E-02);
#2377 = AXIS2_PLACEMENT_3D('',#2378,#2379,#2380);
#2378 = CARTESIAN_POINT('',(0.335,-0.25,0.315));
#2379 = DIRECTION('',(0.,1.,0.));
#2380 = DIRECTION('',(0.,-0.,1.));
#2381 = ORIENTED_EDGE('',*,*,#2382,.T.);
#2382 = EDGE_CURVE('',#2374,#2383,#2385,.T.);
#2383 = VERTEX_POINT('',#2384);
#2384 = CARTESIAN_POINT('',(0.465,-0.25,0.35));
#2385 = LINE('',#2386,#2387);
#2386 = CARTESIAN_POINT('',(0.3,-0.25,0.35));
#2387 = VECTOR('',#2388,1.);
#2388 = DIRECTION('',(1.,0.,0.));
#2389 = ORIENTED_EDGE('',*,*,#2390,.F.);
#2390 = EDGE_CURVE('',#2391,#2383,#2393,.T.);
#2391 = VERTEX_POINT('',#2392);
#2392 = CARTESIAN_POINT('',(0.5,-0.25,0.315));
#2393 = CIRCLE('',#2394,3.5E-02);
#2394 = AXIS2_PLACEMENT_3D('',#2395,#2396,#2397);
#2395 = CARTESIAN_POINT('',(0.465,-0.25,0.315));
#2396 = DIRECTION('',(0.,-1.,0.));
#2397 = DIRECTION('',(0.,0.,1.));
#2398 = ORIENTED_EDGE('',*,*,#2399,.F.);
#2399 = EDGE_CURVE('',#2400,#2391,#2402,.T.);
#2400 = VERTEX_POINT('',#2401);
#2401 = CARTESIAN_POINT('',(0.5,-0.25,3.5E-02));
#2402 = LINE('',#2403,#2404);
#2403 = CARTESIAN_POINT('',(0.5,-0.25,0.));
#2404 = VECTOR('',#2405,1.);
#2405 = DIRECTION('',(0.,0.,1.));
#2406 = ORIENTED_EDGE('',*,*,#2407,.T.);
#2407 = EDGE_CURVE('',#2400,#2356,#2408,.T.);
#2408 = CIRCLE('',#2409,3.5E-02);
#2409 = AXIS2_PLACEMENT_3D('',#2410,#2411,#2412);
#2410 = CARTESIAN_POINT('',(0.465,-0.25,3.5E-02));
#2411 = DIRECTION('',(0.,1.,0.));
#2412 = DIRECTION('',(0.,-0.,1.));
#2413 = PLANE('',#2414);
#2414 = AXIS2_PLACEMENT_3D('',#2415,#2416,#2417);
#2415 = CARTESIAN_POINT('',(0.3,-0.25,0.));
#2416 = DIRECTION('',(0.,1.,0.));
#2417 = DIRECTION('',(0.,-0.,1.));
#2418 = ADVANCED_FACE('',(#2419),#2444,.F.);
#2419 = FACE_BOUND('',#2420,.F.);
#2420 = EDGE_LOOP('',(#2421,#2422,#2430,#2438));
#2421 = ORIENTED_EDGE('',*,*,#2207,.F.);
#2422 = ORIENTED_EDGE('',*,*,#2423,.T.);
#2423 = EDGE_CURVE('',#2006,#2424,#2426,.T.);
#2424 = VERTEX_POINT('',#2425);
#2425 = CARTESIAN_POINT('',(-0.3,-0.25,0.35));
#2426 = LINE('',#2427,#2428);
#2427 = CARTESIAN_POINT('',(-0.3,-0.25,0.315));
#2428 = VECTOR('',#2429,1.);
#2429 = DIRECTION('',(0.,0.,1.));
#2430 = ORIENTED_EDGE('',*,*,#2431,.T.);
#2431 = EDGE_CURVE('',#2424,#2432,#2434,.T.);
#2432 = VERTEX_POINT('',#2433);
#2433 = CARTESIAN_POINT('',(0.3,-0.25,0.35));
#2434 = LINE('',#2435,#2436);
#2435 = CARTESIAN_POINT('',(-0.3,-0.25,0.35));
#2436 = VECTOR('',#2437,1.);
#2437 = DIRECTION('',(1.,0.,0.));
#2438 = ORIENTED_EDGE('',*,*,#2439,.F.);
#2439 = EDGE_CURVE('',#2208,#2432,#2440,.T.);
#2440 = LINE('',#2441,#2442);
#2441 = CARTESIAN_POINT('',(0.3,-0.25,0.315));
#2442 = VECTOR('',#2443,1.);
#2443 = DIRECTION('',(0.,0.,1.));
#2444 = PLANE('',#2445);
#2445 = AXIS2_PLACEMENT_3D('',#2446,#2447,#2448);
#2446 = CARTESIAN_POINT('',(-0.3,-0.25,0.315));
#2447 = DIRECTION('',(0.,1.,0.));
#2448 = DIRECTION('',(0.,-0.,1.));
#2449 = ADVANCED_FACE('',(#2450),#2468,.F.);
#2450 = FACE_BOUND('',#2451,.F.);
#2451 = EDGE_LOOP('',(#2452,#2453,#2454,#2462));
#2452 = ORIENTED_EDGE('',*,*,#2423,.F.);
#2453 = ORIENTED_EDGE('',*,*,#2270,.T.);
#2454 = ORIENTED_EDGE('',*,*,#2455,.T.);
#2455 = EDGE_CURVE('',#2123,#2456,#2458,.T.);
#2456 = VERTEX_POINT('',#2457);
#2457 = CARTESIAN_POINT('',(-0.3,0.25,0.35));
#2458 = LINE('',#2459,#2460);
#2459 = CARTESIAN_POINT('',(-0.3,0.25,0.315));
#2460 = VECTOR('',#2461,1.);
#2461 = DIRECTION('',(0.,0.,1.));
#2462 = ORIENTED_EDGE('',*,*,#2463,.F.);
#2463 = EDGE_CURVE('',#2424,#2456,#2464,.T.);
#2464 = LINE('',#2465,#2466);
#2465 = CARTESIAN_POINT('',(-0.3,-0.25,0.35));
#2466 = VECTOR('',#2467,1.);
#2467 = DIRECTION('',(0.,1.,0.));
#2468 = PLANE('',#2469);
#2469 = AXIS2_PLACEMENT_3D('',#2470,#2471,#2472);
#2470 = CARTESIAN_POINT('',(-0.3,-0.25,0.315));
#2471 = DIRECTION('',(1.,0.,0.));
#2472 = DIRECTION('',(0.,0.,1.));
#2473 = ADVANCED_FACE('',(#2474),#2537,.T.);
#2474 = FACE_BOUND('',#2475,.T.);
#2475 = EDGE_LOOP('',(#2476,#2486,#2493,#2494,#2495,#2496,#2505,#2513,
    #2522,#2530));
#2476 = ORIENTED_EDGE('',*,*,#2477,.F.);
#2477 = EDGE_CURVE('',#2478,#2480,#2482,.T.);
#2478 = VERTEX_POINT('',#2479);
#2479 = CARTESIAN_POINT('',(0.335,0.25,-2.775557561563E-17));
#2480 = VERTEX_POINT('',#2481);
#2481 = CARTESIAN_POINT('',(0.465,0.25,-2.775557561563E-17));
#2482 = LINE('',#2483,#2484);
#2483 = CARTESIAN_POINT('',(0.3,0.25,0.));
#2484 = VECTOR('',#2485,1.);
#2485 = DIRECTION('',(1.,0.,0.));
#2486 = ORIENTED_EDGE('',*,*,#2487,.F.);
#2487 = EDGE_CURVE('',#2315,#2478,#2488,.T.);
#2488 = CIRCLE('',#2489,3.5E-02);
#2489 = AXIS2_PLACEMENT_3D('',#2490,#2491,#2492);
#2490 = CARTESIAN_POINT('',(0.335,0.25,3.5E-02));
#2491 = DIRECTION('',(0.,-1.,0.));
#2492 = DIRECTION('',(0.,0.,1.));
#2493 = ORIENTED_EDGE('',*,*,#2314,.T.);
#2494 = ORIENTED_EDGE('',*,*,#2306,.T.);
#2495 = ORIENTED_EDGE('',*,*,#2298,.F.);
#2496 = ORIENTED_EDGE('',*,*,#2497,.T.);
#2497 = EDGE_CURVE('',#2291,#2498,#2500,.T.);
#2498 = VERTEX_POINT('',#2499);
#2499 = CARTESIAN_POINT('',(0.335,0.25,0.35));
#2500 = CIRCLE('',#2501,3.5E-02);
#2501 = AXIS2_PLACEMENT_3D('',#2502,#2503,#2504);
#2502 = CARTESIAN_POINT('',(0.335,0.25,0.315));
#2503 = DIRECTION('',(0.,1.,0.));
#2504 = DIRECTION('',(0.,-0.,1.));
#2505 = ORIENTED_EDGE('',*,*,#2506,.T.);
#2506 = EDGE_CURVE('',#2498,#2507,#2509,.T.);
#2507 = VERTEX_POINT('',#2508);
#2508 = CARTESIAN_POINT('',(0.465,0.25,0.35));
#2509 = LINE('',#2510,#2511);
#2510 = CARTESIAN_POINT('',(0.3,0.25,0.35));
#2511 = VECTOR('',#2512,1.);
#2512 = DIRECTION('',(1.,0.,0.));
#2513 = ORIENTED_EDGE('',*,*,#2514,.F.);
#2514 = EDGE_CURVE('',#2515,#2507,#2517,.T.);
#2515 = VERTEX_POINT('',#2516);
#2516 = CARTESIAN_POINT('',(0.5,0.25,0.315));
#2517 = CIRCLE('',#2518,3.5E-02);
#2518 = AXIS2_PLACEMENT_3D('',#2519,#2520,#2521);
#2519 = CARTESIAN_POINT('',(0.465,0.25,0.315));
#2520 = DIRECTION('',(0.,-1.,0.));
#2521 = DIRECTION('',(0.,0.,1.));
#2522 = ORIENTED_EDGE('',*,*,#2523,.F.);
#2523 = EDGE_CURVE('',#2524,#2515,#2526,.T.);
#2524 = VERTEX_POINT('',#2525);
#2525 = CARTESIAN_POINT('',(0.5,0.25,3.5E-02));
#2526 = LINE('',#2527,#2528);
#2527 = CARTESIAN_POINT('',(0.5,0.25,0.));
#2528 = VECTOR('',#2529,1.);
#2529 = DIRECTION('',(0.,0.,1.));
#2530 = ORIENTED_EDGE('',*,*,#2531,.T.);
#2531 = EDGE_CURVE('',#2524,#2480,#2532,.T.);
#2532 = CIRCLE('',#2533,3.5E-02);
#2533 = AXIS2_PLACEMENT_3D('',#2534,#2535,#2536);
#2534 = CARTESIAN_POINT('',(0.465,0.25,3.5E-02));
#2535 = DIRECTION('',(0.,1.,0.));
#2536 = DIRECTION('',(0.,-0.,1.));
#2537 = PLANE('',#2538);
#2538 = AXIS2_PLACEMENT_3D('',#2539,#2540,#2541);
#2539 = CARTESIAN_POINT('',(0.3,0.25,0.));
#2540 = DIRECTION('',(0.,1.,0.));
#2541 = DIRECTION('',(0.,-0.,1.));
#2542 = ADVANCED_FACE('',(#2543),#2561,.T.);
#2543 = FACE_BOUND('',#2544,.T.);
#2544 = EDGE_LOOP('',(#2545,#2546,#2547,#2555));
#2545 = ORIENTED_EDGE('',*,*,#2290,.F.);
#2546 = ORIENTED_EDGE('',*,*,#2455,.T.);
#2547 = ORIENTED_EDGE('',*,*,#2548,.T.);
#2548 = EDGE_CURVE('',#2456,#2549,#2551,.T.);
#2549 = VERTEX_POINT('',#2550);
#2550 = CARTESIAN_POINT('',(0.3,0.25,0.35));
#2551 = LINE('',#2552,#2553);
#2552 = CARTESIAN_POINT('',(-0.3,0.25,0.35));
#2553 = VECTOR('',#2554,1.);
#2554 = DIRECTION('',(1.,0.,0.));
#2555 = ORIENTED_EDGE('',*,*,#2556,.F.);
#2556 = EDGE_CURVE('',#2291,#2549,#2557,.T.);
#2557 = LINE('',#2558,#2559);
#2558 = CARTESIAN_POINT('',(0.3,0.25,0.315));
#2559 = VECTOR('',#2560,1.);
#2560 = DIRECTION('',(0.,0.,1.));
#2561 = PLANE('',#2562);
#2562 = AXIS2_PLACEMENT_3D('',#2563,#2564,#2565);
#2563 = CARTESIAN_POINT('',(-0.3,0.25,0.315));
#2564 = DIRECTION('',(0.,1.,0.));
#2565 = DIRECTION('',(0.,-0.,1.));
#2566 = ADVANCED_FACE('',(#2567),#2578,.T.);
#2567 = FACE_BOUND('',#2568,.T.);
#2568 = EDGE_LOOP('',(#2569,#2570,#2571,#2577));
#2569 = ORIENTED_EDGE('',*,*,#2338,.T.);
#2570 = ORIENTED_EDGE('',*,*,#2487,.T.);
#2571 = ORIENTED_EDGE('',*,*,#2572,.F.);
#2572 = EDGE_CURVE('',#2354,#2478,#2573,.T.);
#2573 = LINE('',#2574,#2575);
#2574 = CARTESIAN_POINT('',(0.335,-0.25,-2.775557561563E-17));
#2575 = VECTOR('',#2576,1.);
#2576 = DIRECTION('',(0.,1.,0.));
#2577 = ORIENTED_EDGE('',*,*,#2363,.F.);
#2578 = CYLINDRICAL_SURFACE('',#2579,3.5E-02);
#2579 = AXIS2_PLACEMENT_3D('',#2580,#2581,#2582);
#2580 = CARTESIAN_POINT('',(0.335,-0.25,3.5E-02));
#2581 = DIRECTION('',(0.,1.,0.));
#2582 = DIRECTION('',(-1.,0.,0.));
#2583 = ADVANCED_FACE('',(#2584),#2595,.F.);
#2584 = FACE_BOUND('',#2585,.F.);
#2585 = EDGE_LOOP('',(#2586,#2587,#2588,#2589));
#2586 = ORIENTED_EDGE('',*,*,#2477,.F.);
#2587 = ORIENTED_EDGE('',*,*,#2572,.F.);
#2588 = ORIENTED_EDGE('',*,*,#2353,.T.);
#2589 = ORIENTED_EDGE('',*,*,#2590,.T.);
#2590 = EDGE_CURVE('',#2356,#2480,#2591,.T.);
#2591 = LINE('',#2592,#2593);
#2592 = CARTESIAN_POINT('',(0.465,-0.25,-2.775557561563E-17));
#2593 = VECTOR('',#2594,1.);
#2594 = DIRECTION('',(0.,1.,0.));
#2595 = PLANE('',#2596);
#2596 = AXIS2_PLACEMENT_3D('',#2597,#2598,#2599);
#2597 = CARTESIAN_POINT('',(0.3,-0.25,0.));
#2598 = DIRECTION('',(0.,0.,1.));
#2599 = DIRECTION('',(1.,0.,-0.));
#2600 = ADVANCED_FACE('',(#2601),#2612,.T.);
#2601 = FACE_BOUND('',#2602,.T.);
#2602 = EDGE_LOOP('',(#2603,#2604,#2605,#2606));
#2603 = ORIENTED_EDGE('',*,*,#2407,.T.);
#2604 = ORIENTED_EDGE('',*,*,#2590,.T.);
#2605 = ORIENTED_EDGE('',*,*,#2531,.F.);
#2606 = ORIENTED_EDGE('',*,*,#2607,.F.);
#2607 = EDGE_CURVE('',#2400,#2524,#2608,.T.);
#2608 = LINE('',#2609,#2610);
#2609 = CARTESIAN_POINT('',(0.5,-0.25,3.5E-02));
#2610 = VECTOR('',#2611,1.);
#2611 = DIRECTION('',(0.,1.,0.));
#2612 = CYLINDRICAL_SURFACE('',#2613,3.5E-02);
#2613 = AXIS2_PLACEMENT_3D('',#2614,#2615,#2616);
#2614 = CARTESIAN_POINT('',(0.465,-0.25,3.5E-02));
#2615 = DIRECTION('',(0.,1.,0.));
#2616 = DIRECTION('',(1.,0.,0.));
#2617 = ADVANCED_FACE('',(#2618),#2629,.T.);
#2618 = FACE_BOUND('',#2619,.T.);
#2619 = EDGE_LOOP('',(#2620,#2621,#2622,#2623));
#2620 = ORIENTED_EDGE('',*,*,#2399,.F.);
#2621 = ORIENTED_EDGE('',*,*,#2607,.T.);
#2622 = ORIENTED_EDGE('',*,*,#2523,.T.);
#2623 = ORIENTED_EDGE('',*,*,#2624,.F.);
#2624 = EDGE_CURVE('',#2391,#2515,#2625,.T.);
#2625 = LINE('',#2626,#2627);
#2626 = CARTESIAN_POINT('',(0.5,-0.25,0.315));
#2627 = VECTOR('',#2628,1.);
#2628 = DIRECTION('',(0.,1.,0.));
#2629 = PLANE('',#2630);
#2630 = AXIS2_PLACEMENT_3D('',#2631,#2632,#2633);
#2631 = CARTESIAN_POINT('',(0.5,-0.25,0.));
#2632 = DIRECTION('',(1.,0.,0.));
#2633 = DIRECTION('',(0.,0.,1.));
#2634 = ADVANCED_FACE('',(#2635),#2646,.T.);
#2635 = FACE_BOUND('',#2636,.T.);
#2636 = EDGE_LOOP('',(#2637,#2638,#2639,#2645));
#2637 = ORIENTED_EDGE('',*,*,#2624,.T.);
#2638 = ORIENTED_EDGE('',*,*,#2514,.T.);
#2639 = ORIENTED_EDGE('',*,*,#2640,.F.);
#2640 = EDGE_CURVE('',#2383,#2507,#2641,.T.);
#2641 = LINE('',#2642,#2643);
#2642 = CARTESIAN_POINT('',(0.465,-0.25,0.35));
#2643 = VECTOR('',#2644,1.);
#2644 = DIRECTION('',(0.,1.,0.));
#2645 = ORIENTED_EDGE('',*,*,#2390,.F.);
#2646 = CYLINDRICAL_SURFACE('',#2647,3.5E-02);
#2647 = AXIS2_PLACEMENT_3D('',#2648,#2649,#2650);
#2648 = CARTESIAN_POINT('',(0.465,-0.25,0.315));
#2649 = DIRECTION('',(0.,1.,0.));
#2650 = DIRECTION('',(1.,0.,0.));
#2651 = ADVANCED_FACE('',(#2652),#2663,.T.);
#2652 = FACE_BOUND('',#2653,.T.);
#2653 = EDGE_LOOP('',(#2654,#2655,#2661,#2662));
#2654 = ORIENTED_EDGE('',*,*,#2506,.F.);
#2655 = ORIENTED_EDGE('',*,*,#2656,.F.);
#2656 = EDGE_CURVE('',#2374,#2498,#2657,.T.);
#2657 = LINE('',#2658,#2659);
#2658 = CARTESIAN_POINT('',(0.335,-0.25,0.35));
#2659 = VECTOR('',#2660,1.);
#2660 = DIRECTION('',(0.,1.,0.));
#2661 = ORIENTED_EDGE('',*,*,#2382,.T.);
#2662 = ORIENTED_EDGE('',*,*,#2640,.T.);
#2663 = PLANE('',#2664);
#2664 = AXIS2_PLACEMENT_3D('',#2665,#2666,#2667);
#2665 = CARTESIAN_POINT('',(0.3,-0.25,0.35));
#2666 = DIRECTION('',(0.,0.,1.));
#2667 = DIRECTION('',(1.,0.,-0.));
#2668 = ADVANCED_FACE('',(#2669),#2680,.T.);
#2669 = FACE_BOUND('',#2670,.T.);
#2670 = EDGE_LOOP('',(#2671,#2672,#2673,#2674));
#2671 = ORIENTED_EDGE('',*,*,#2373,.T.);
#2672 = ORIENTED_EDGE('',*,*,#2656,.T.);
#2673 = ORIENTED_EDGE('',*,*,#2497,.F.);
#2674 = ORIENTED_EDGE('',*,*,#2675,.F.);
#2675 = EDGE_CURVE('',#2208,#2291,#2676,.T.);
#2676 = LINE('',#2677,#2678);
#2677 = CARTESIAN_POINT('',(0.3,-0.25,0.315));
#2678 = VECTOR('',#2679,1.);
#2679 = DIRECTION('',(0.,1.,0.));
#2680 = CYLINDRICAL_SURFACE('',#2681,3.5E-02);
#2681 = AXIS2_PLACEMENT_3D('',#2682,#2683,#2684);
#2682 = CARTESIAN_POINT('',(0.335,-0.25,0.315));
#2683 = DIRECTION('',(0.,1.,0.));
#2684 = DIRECTION('',(-1.,0.,0.));
#2685 = ADVANCED_FACE('',(#2686),#2697,.T.);
#2686 = FACE_BOUND('',#2687,.T.);
#2687 = EDGE_LOOP('',(#2688,#2689,#2690,#2691));
#2688 = ORIENTED_EDGE('',*,*,#2439,.F.);
#2689 = ORIENTED_EDGE('',*,*,#2675,.T.);
#2690 = ORIENTED_EDGE('',*,*,#2556,.T.);
#2691 = ORIENTED_EDGE('',*,*,#2692,.F.);
#2692 = EDGE_CURVE('',#2432,#2549,#2693,.T.);
#2693 = LINE('',#2694,#2695);
#2694 = CARTESIAN_POINT('',(0.3,-0.25,0.35));
#2695 = VECTOR('',#2696,1.);
#2696 = DIRECTION('',(0.,1.,0.));
#2697 = PLANE('',#2698);
#2698 = AXIS2_PLACEMENT_3D('',#2699,#2700,#2701);
#2699 = CARTESIAN_POINT('',(0.3,-0.25,0.315));
#2700 = DIRECTION('',(1.,0.,0.));
#2701 = DIRECTION('',(0.,0.,1.));
#2702 = ADVANCED_FACE('',(#2703),#2709,.T.);
#2703 = FACE_BOUND('',#2704,.T.);
#2704 = EDGE_LOOP('',(#2705,#2706,#2707,#2708));
#2705 = ORIENTED_EDGE('',*,*,#2463,.F.);
#2706 = ORIENTED_EDGE('',*,*,#2431,.T.);
#2707 = ORIENTED_EDGE('',*,*,#2692,.T.);
#2708 = ORIENTED_EDGE('',*,*,#2548,.F.);
#2709 = PLANE('',#2710);
#2710 = AXIS2_PLACEMENT_3D('',#2711,#2712,#2713);
#2711 = CARTESIAN_POINT('',(-0.3,-0.25,0.35));
#2712 = DIRECTION('',(0.,0.,1.));
#2713 = DIRECTION('',(1.,0.,-0.));
#2714 = ( GEOMETRIC_REPRESENTATION_CONTEXT(3) 
GLOBAL_UNCERTAINTY_ASSIGNED_CONTEXT((#2718)) 
GLOBAL_UNIT_ASSIGNED_CONTEXT((#2715,#2716,#2717)) REPRESENTATION_CONTEXT
('Context #1','3D Context with UNIT and UNCERTAINTY') );
#2715 = ( LENGTH_UNIT() NAMED_UNIT(*) SI_UNIT(.MILLI.,.METRE.) );
#2716 = ( NAMED_UNIT(*) PLANE_ANGLE_UNIT() SI_UNIT($,.RADIAN.) );
#2717 = ( NAMED_UNIT(*) SI_UNIT($,.STERADIAN.) SOLID_ANGLE_UNIT() );
#2718 = UNCERTAINTY_MEASURE_WITH_UNIT(LENGTH_MEASURE(1.E-07),#2715,
  'distance_accuracy_value','confusion accuracy');
#2719 = CONTEXT_DEPENDENT_SHAPE_REPRESENTATION(#2720,#2722);
#2720 = ( REPRESENTATION_RELATIONSHIP('','',#1923,#1900) 
REPRESENTATION_RELATIONSHIP_WITH_TRANSFORMATION(#2721) 
SHAPE_REPRESENTATION_RELATIONSHIP() );
#2721 = ITEM_DEFINED_TRANSFORMATION('','',#11,#1901);
#2722 = PRODUCT_DEFINITION_SHAPE('Placement','Placement of an item',
  #2723);
#2723 = NEXT_ASSEMBLY_USAGE_OCCURRENCE('9','=>[0:1:1:7]','',#1895,#1918,
  $);
#2724 = PRODUCT_RELATED_PRODUCT_CATEGORY('part',$,(#1920));
#2725 = CONTEXT_DEPENDENT_SHAPE_REPRESENTATION(#2726,#2728);
#2726 = ( REPRESENTATION_RELATIONSHIP('','',#1900,#10) 
REPRESENTATION_RELATIONSHIP_WITH_TRANSFORMATION(#2727) 
SHAPE_REPRESENTATION_RELATIONSHIP() );
#2727 = ITEM_DEFINED_TRANSFORMATION('','',#11,#43);
#2728 = PRODUCT_DEFINITION_SHAPE('Placement','Placement of an item',
  #2729);
#2729 = NEXT_ASSEMBLY_USAGE_OCCURRENCE('11','R2','',#5,#1895,$);
#2730 = CONTEXT_DEPENDENT_SHAPE_REPRESENTATION(#2731,#2733);
#2731 = ( REPRESENTATION_RELATIONSHIP('','',#1900,#10) 
REPRESENTATION_RELATIONSHIP_WITH_TRANSFORMATION(#2732) 
SHAPE_REPRESENTATION_RELATIONSHIP() );
#2732 = ITEM_DEFINED_TRANSFORMATION('','',#11,#47);
#2733 = PRODUCT_DEFINITION_SHAPE('Placement','Placement of an item',
  #2734);
#2734 = NEXT_ASSEMBLY_USAGE_OCCURRENCE('12','R3','',#5,#1895,$);
#2735 = CONTEXT_DEPENDENT_SHAPE_REPRESENTATION(#2736,#2738);
#2736 = ( REPRESENTATION_RELATIONSHIP('','',#1900,#10) 
REPRESENTATION_RELATIONSHIP_WITH_TRANSFORMATION(#2737) 
SHAPE_REPRESENTATION_RELATIONSHIP() );
#2737 = ITEM_DEFINED_TRANSFORMATION('','',#11,#51);
#2738 = PRODUCT_DEFINITION_SHAPE('Placement','Placement of an item',
  #2739);
#2739 = NEXT_ASSEMBLY_USAGE_OCCURRENCE('13','R4','',#5,#1895,$);
#2740 = SHAPE_DEFINITION_REPRESENTATION(#2741,#2747);
#2741 = PRODUCT_DEFINITION_SHAPE('','',#2742);
#2742 = PRODUCT_DEFINITION('design','',#2743,#2746);
#2743 = PRODUCT_DEFINITION_FORMATION('','',#2744);
#2744 = PRODUCT('L_Coilcraft_XAL7030-562','L_Coilcraft_XAL7030-562','',(
    #2745));
#2745 = PRODUCT_CONTEXT('',#2,'mechanical');
#2746 = PRODUCT_DEFINITION_CONTEXT('part definition',#2,'design');
#2747 = SHAPE_REPRESENTATION('',(#11,#2748),#2752);
#2748 = AXIS2_PLACEMENT_3D('',#2749,#2750,#2751);
#2749 = CARTESIAN_POINT('',(0.,0.,0.));
#2750 = DIRECTION('',(0.,0.,1.));
#2751 = DIRECTION('',(1.,0.,-0.));
#2752 = ( GEOMETRIC_REPRESENTATION_CONTEXT(3) 
GLOBAL_UNCERTAINTY_ASSIGNED_CONTEXT((#2756)) 
GLOBAL_UNIT_ASSIGNED_CONTEXT((#2753,#2754,#2755)) REPRESENTATION_CONTEXT
('Context #1','3D Context with UNIT and UNCERTAINTY') );
#2753 = ( LENGTH_UNIT() NAMED_UNIT(*) SI_UNIT(.MILLI.,.METRE.) );
#2754 = ( NAMED_UNIT(*) PLANE_ANGLE_UNIT() SI_UNIT($,.RADIAN.) );
#2755 = ( NAMED_UNIT(*) SI_UNIT($,.STERADIAN.) SOLID_ANGLE_UNIT() );
#2756 = UNCERTAINTY_MEASURE_WITH_UNIT(LENGTH_MEASURE(1.E-07),#2753,
  'distance_accuracy_value','confusion accuracy');
#2757 = CONTEXT_DEPENDENT_SHAPE_REPRESENTATION(#2758,#2760);
#2758 = ( REPRESENTATION_RELATIONSHIP('','',#2747,#10) 
REPRESENTATION_RELATIONSHIP_WITH_TRANSFORMATION(#2759) 
SHAPE_REPRESENTATION_RELATIONSHIP() );
#2759 = ITEM_DEFINED_TRANSFORMATION('','',#11,#55);
#2760 = PRODUCT_DEFINITION_SHAPE('Placement','Placement of an item',
  #2761);
#2761 = NEXT_ASSEMBLY_USAGE_OCCURRENCE('15','L1','',#5,#2742,$);
#2762 = PRODUCT_RELATED_PRODUCT_CATEGORY('part',$,(#2744));
#2763 = SHAPE_DEFINITION_REPRESENTATION(#2764,#2770);
#2764 = PRODUCT_DEFINITION_SHAPE('','',#2765);
#2765 = PRODUCT_DEFINITION('design','',#2766,#2769);
#2766 = PRODUCT_DEFINITION_FORMATION('','',#2767);
#2767 = PRODUCT('L_Coilcraft_XAL7030-562','L_Coilcraft_XAL7030-562','',(
    #2768));
#2768 = PRODUCT_CONTEXT('',#2,'mechanical');
#2769 = PRODUCT_DEFINITION_CONTEXT('part definition',#2,'design');
#2770 = ADVANCED_BREP_SHAPE_REPRESENTATION('',(#11,#2771),#3317);
#2771 = MANIFOLD_SOLID_BREP('',#2772);
#2772 = CLOSED_SHELL('',(#2773,#2813,#2846,#2879,#3006,#3031,#3048,#3072
    ,#3103,#3120,#3144,#3169,#3194,#3211,#3223,#3235,#3253,#3271,#3295,
    #3306));
#2773 = ADVANCED_FACE('',(#2774),#2808,.F.);
#2774 = FACE_BOUND('',#2775,.F.);
#2775 = EDGE_LOOP('',(#2776,#2786,#2794,#2802));
#2776 = ORIENTED_EDGE('',*,*,#2777,.F.);
#2777 = EDGE_CURVE('',#2778,#2780,#2782,.T.);
#2778 = VERTEX_POINT('',#2779);
#2779 = CARTESIAN_POINT('',(-4.,-3.6,0.));
#2780 = VERTEX_POINT('',#2781);
#2781 = CARTESIAN_POINT('',(-4.,-3.6,2.7));
#2782 = LINE('',#2783,#2784);
#2783 = CARTESIAN_POINT('',(-4.,-3.6,0.));
#2784 = VECTOR('',#2785,1.);
#2785 = DIRECTION('',(0.,0.,1.));
#2786 = ORIENTED_EDGE('',*,*,#2787,.T.);
#2787 = EDGE_CURVE('',#2778,#2788,#2790,.T.);
#2788 = VERTEX_POINT('',#2789);
#2789 = CARTESIAN_POINT('',(-4.,3.6,0.));
#2790 = LINE('',#2791,#2792);
#2791 = CARTESIAN_POINT('',(-4.,-4.,0.));
#2792 = VECTOR('',#2793,1.);
#2793 = DIRECTION('',(0.,1.,0.));
#2794 = ORIENTED_EDGE('',*,*,#2795,.T.);
#2795 = EDGE_CURVE('',#2788,#2796,#2798,.T.);
#2796 = VERTEX_POINT('',#2797);
#2797 = CARTESIAN_POINT('',(-4.,3.6,2.7));
#2798 = LINE('',#2799,#2800);
#2799 = CARTESIAN_POINT('',(-4.,3.6,0.));
#2800 = VECTOR('',#2801,1.);
#2801 = DIRECTION('',(0.,0.,1.));
#2802 = ORIENTED_EDGE('',*,*,#2803,.F.);
#2803 = EDGE_CURVE('',#2780,#2796,#2804,.T.);
#2804 = LINE('',#2805,#2806);
#2805 = CARTESIAN_POINT('',(-4.,-3.6,2.7));
#2806 = VECTOR('',#2807,1.);
#2807 = DIRECTION('',(0.,1.,0.));
#2808 = PLANE('',#2809);
#2809 = AXIS2_PLACEMENT_3D('',#2810,#2811,#2812);
#2810 = CARTESIAN_POINT('',(-4.,-4.,0.));
#2811 = DIRECTION('',(1.,0.,0.));
#2812 = DIRECTION('',(0.,0.,1.));
#2813 = ADVANCED_FACE('',(#2814),#2841,.T.);
#2814 = FACE_BOUND('',#2815,.T.);
#2815 = EDGE_LOOP('',(#2816,#2817,#2826,#2834));
#2816 = ORIENTED_EDGE('',*,*,#2777,.F.);
#2817 = ORIENTED_EDGE('',*,*,#2818,.T.);
#2818 = EDGE_CURVE('',#2778,#2819,#2821,.T.);
#2819 = VERTEX_POINT('',#2820);
#2820 = CARTESIAN_POINT('',(-3.6,-4.,0.));
#2821 = CIRCLE('',#2822,0.4);
#2822 = AXIS2_PLACEMENT_3D('',#2823,#2824,#2825);
#2823 = CARTESIAN_POINT('',(-3.6,-3.6,0.));
#2824 = DIRECTION('',(-0.,0.,1.));
#2825 = DIRECTION('',(0.,-1.,0.));
#2826 = ORIENTED_EDGE('',*,*,#2827,.T.);
#2827 = EDGE_CURVE('',#2819,#2828,#2830,.T.);
#2828 = VERTEX_POINT('',#2829);
#2829 = CARTESIAN_POINT('',(-3.6,-4.,2.7));
#2830 = LINE('',#2831,#2832);
#2831 = CARTESIAN_POINT('',(-3.6,-4.,0.));
#2832 = VECTOR('',#2833,1.);
#2833 = DIRECTION('',(0.,0.,1.));
#2834 = ORIENTED_EDGE('',*,*,#2835,.T.);
#2835 = EDGE_CURVE('',#2828,#2780,#2836,.T.);
#2836 = CIRCLE('',#2837,0.4);
#2837 = AXIS2_PLACEMENT_3D('',#2838,#2839,#2840);
#2838 = CARTESIAN_POINT('',(-3.6,-3.6,2.7));
#2839 = DIRECTION('',(-0.,-0.,-1.));
#2840 = DIRECTION('',(0.,-1.,0.));
#2841 = CYLINDRICAL_SURFACE('',#2842,0.4);
#2842 = AXIS2_PLACEMENT_3D('',#2843,#2844,#2845);
#2843 = CARTESIAN_POINT('',(-3.6,-3.6,0.));
#2844 = DIRECTION('',(0.,0.,1.));
#2845 = DIRECTION('',(-1.,0.,0.));
#2846 = ADVANCED_FACE('',(#2847),#2874,.T.);
#2847 = FACE_BOUND('',#2848,.T.);
#2848 = EDGE_LOOP('',(#2849,#2858,#2866,#2873));
#2849 = ORIENTED_EDGE('',*,*,#2850,.T.);
#2850 = EDGE_CURVE('',#2780,#2851,#2853,.T.);
#2851 = VERTEX_POINT('',#2852);
#2852 = CARTESIAN_POINT('',(-3.6,-3.6,3.1));
#2853 = CIRCLE('',#2854,0.4);
#2854 = AXIS2_PLACEMENT_3D('',#2855,#2856,#2857);
#2855 = CARTESIAN_POINT('',(-3.6,-3.6,2.7));
#2856 = DIRECTION('',(0.,1.,-0.));
#2857 = DIRECTION('',(-1.,0.,0.));
#2858 = ORIENTED_EDGE('',*,*,#2859,.T.);
#2859 = EDGE_CURVE('',#2851,#2860,#2862,.T.);
#2860 = VERTEX_POINT('',#2861);
#2861 = CARTESIAN_POINT('',(-3.6,3.6,3.1));
#2862 = LINE('',#2863,#2864);
#2863 = CARTESIAN_POINT('',(-3.6,-3.6,3.1));
#2864 = VECTOR('',#2865,1.);
#2865 = DIRECTION('',(0.,1.,0.));
#2866 = ORIENTED_EDGE('',*,*,#2867,.F.);
#2867 = EDGE_CURVE('',#2796,#2860,#2868,.T.);
#2868 = CIRCLE('',#2869,0.4);
#2869 = AXIS2_PLACEMENT_3D('',#2870,#2871,#2872);
#2870 = CARTESIAN_POINT('',(-3.6,3.6,2.7));
#2871 = DIRECTION('',(0.,1.,-0.));
#2872 = DIRECTION('',(-1.,0.,0.));
#2873 = ORIENTED_EDGE('',*,*,#2803,.F.);
#2874 = CYLINDRICAL_SURFACE('',#2875,0.4);
#2875 = AXIS2_PLACEMENT_3D('',#2876,#2877,#2878);
#2876 = CARTESIAN_POINT('',(-3.6,-3.6,2.7));
#2877 = DIRECTION('',(0.,1.,0.));
#2878 = DIRECTION('',(-1.,0.,0.));
#2879 = ADVANCED_FACE('',(#2880,#2933,#2967),#3001,.F.);
#2880 = FACE_BOUND('',#2881,.F.);
#2881 = EDGE_LOOP('',(#2882,#2883,#2884,#2892,#2901,#2909,#2918,#2926));
#2882 = ORIENTED_EDGE('',*,*,#2787,.F.);
#2883 = ORIENTED_EDGE('',*,*,#2818,.T.);
#2884 = ORIENTED_EDGE('',*,*,#2885,.T.);
#2885 = EDGE_CURVE('',#2819,#2886,#2888,.T.);
#2886 = VERTEX_POINT('',#2887);
#2887 = CARTESIAN_POINT('',(3.6,-4.,0.));
#2888 = LINE('',#2889,#2890);
#2889 = CARTESIAN_POINT('',(-4.,-4.,0.));
#2890 = VECTOR('',#2891,1.);
#2891 = DIRECTION('',(1.,0.,0.));
#2892 = ORIENTED_EDGE('',*,*,#2893,.F.);
#2893 = EDGE_CURVE('',#2894,#2886,#2896,.T.);
#2894 = VERTEX_POINT('',#2895);
#2895 = CARTESIAN_POINT('',(4.,-3.6,0.));
#2896 = CIRCLE('',#2897,0.4);
#2897 = AXIS2_PLACEMENT_3D('',#2898,#2899,#2900);
#2898 = CARTESIAN_POINT('',(3.6,-3.6,0.));
#2899 = DIRECTION('',(-0.,-0.,-1.));
#2900 = DIRECTION('',(0.,-1.,0.));
#2901 = ORIENTED_EDGE('',*,*,#2902,.T.);
#2902 = EDGE_CURVE('',#2894,#2903,#2905,.T.);
#2903 = VERTEX_POINT('',#2904);
#2904 = CARTESIAN_POINT('',(4.,3.6,0.));
#2905 = LINE('',#2906,#2907);
#2906 = CARTESIAN_POINT('',(4.,-4.,0.));
#2907 = VECTOR('',#2908,1.);
#2908 = DIRECTION('',(0.,1.,0.));
#2909 = ORIENTED_EDGE('',*,*,#2910,.T.);
#2910 = EDGE_CURVE('',#2903,#2911,#2913,.T.);
#2911 = VERTEX_POINT('',#2912);
#2912 = CARTESIAN_POINT('',(3.6,4.,0.));
#2913 = CIRCLE('',#2914,0.4);
#2914 = AXIS2_PLACEMENT_3D('',#2915,#2916,#2917);
#2915 = CARTESIAN_POINT('',(3.6,3.6,0.));
#2916 = DIRECTION('',(-0.,0.,1.));
#2917 = DIRECTION('',(0.,-1.,0.));
#2918 = ORIENTED_EDGE('',*,*,#2919,.F.);
#2919 = EDGE_CURVE('',#2920,#2911,#2922,.T.);
#2920 = VERTEX_POINT('',#2921);
#2921 = CARTESIAN_POINT('',(-3.6,4.,0.));
#2922 = LINE('',#2923,#2924);
#2923 = CARTESIAN_POINT('',(-4.,4.,0.));
#2924 = VECTOR('',#2925,1.);
#2925 = DIRECTION('',(1.,0.,0.));
#2926 = ORIENTED_EDGE('',*,*,#2927,.F.);
#2927 = EDGE_CURVE('',#2788,#2920,#2928,.T.);
#2928 = CIRCLE('',#2929,0.4);
#2929 = AXIS2_PLACEMENT_3D('',#2930,#2931,#2932);
#2930 = CARTESIAN_POINT('',(-3.6,3.6,0.));
#2931 = DIRECTION('',(-0.,-0.,-1.));
#2932 = DIRECTION('',(0.,-1.,0.));
#2933 = FACE_BOUND('',#2934,.F.);
#2934 = EDGE_LOOP('',(#2935,#2945,#2953,#2961));
#2935 = ORIENTED_EDGE('',*,*,#2936,.T.);
#2936 = EDGE_CURVE('',#2937,#2939,#2941,.T.);
#2937 = VERTEX_POINT('',#2938);
#2938 = CARTESIAN_POINT('',(-2.96,-3.,0.));
#2939 = VERTEX_POINT('',#2940);
#2940 = CARTESIAN_POINT('',(-2.96,3.,0.));
#2941 = LINE('',#2942,#2943);
#2942 = CARTESIAN_POINT('',(-2.96,-3.,0.));
#2943 = VECTOR('',#2944,1.);
#2944 = DIRECTION('',(0.,1.,0.));
#2945 = ORIENTED_EDGE('',*,*,#2946,.T.);
#2946 = EDGE_CURVE('',#2939,#2947,#2949,.T.);
#2947 = VERTEX_POINT('',#2948);
#2948 = CARTESIAN_POINT('',(-1.56,3.,0.));
#2949 = LINE('',#2950,#2951);
#2950 = CARTESIAN_POINT('',(-2.96,3.,0.));
#2951 = VECTOR('',#2952,1.);
#2952 = DIRECTION('',(1.,0.,0.));
#2953 = ORIENTED_EDGE('',*,*,#2954,.F.);
#2954 = EDGE_CURVE('',#2955,#2947,#2957,.T.);
#2955 = VERTEX_POINT('',#2956);
#2956 = CARTESIAN_POINT('',(-1.56,-3.,0.));
#2957 = LINE('',#2958,#2959);
#2958 = CARTESIAN_POINT('',(-1.56,-3.,0.));
#2959 = VECTOR('',#2960,1.);
#2960 = DIRECTION('',(0.,1.,0.));
#2961 = ORIENTED_EDGE('',*,*,#2962,.F.);
#2962 = EDGE_CURVE('',#2937,#2955,#2963,.T.);
#2963 = LINE('',#2964,#2965);
#2964 = CARTESIAN_POINT('',(-2.96,-3.,0.));
#2965 = VECTOR('',#2966,1.);
#2966 = DIRECTION('',(1.,0.,0.));
#2967 = FACE_BOUND('',#2968,.F.);
#2968 = EDGE_LOOP('',(#2969,#2979,#2987,#2995));
#2969 = ORIENTED_EDGE('',*,*,#2970,.T.);
#2970 = EDGE_CURVE('',#2971,#2973,#2975,.T.);
#2971 = VERTEX_POINT('',#2972);
#2972 = CARTESIAN_POINT('',(1.56,-3.,0.));
#2973 = VERTEX_POINT('',#2974);
#2974 = CARTESIAN_POINT('',(1.56,3.,0.));
#2975 = LINE('',#2976,#2977);
#2976 = CARTESIAN_POINT('',(1.56,-3.,0.));
#2977 = VECTOR('',#2978,1.);
#2978 = DIRECTION('',(0.,1.,0.));
#2979 = ORIENTED_EDGE('',*,*,#2980,.T.);
#2980 = EDGE_CURVE('',#2973,#2981,#2983,.T.);
#2981 = VERTEX_POINT('',#2982);
#2982 = CARTESIAN_POINT('',(2.96,3.,0.));
#2983 = LINE('',#2984,#2985);
#2984 = CARTESIAN_POINT('',(1.56,3.,0.));
#2985 = VECTOR('',#2986,1.);
#2986 = DIRECTION('',(1.,0.,0.));
#2987 = ORIENTED_EDGE('',*,*,#2988,.F.);
#2988 = EDGE_CURVE('',#2989,#2981,#2991,.T.);
#2989 = VERTEX_POINT('',#2990);
#2990 = CARTESIAN_POINT('',(2.96,-3.,0.));
#2991 = LINE('',#2992,#2993);
#2992 = CARTESIAN_POINT('',(2.96,-3.,0.));
#2993 = VECTOR('',#2994,1.);
#2994 = DIRECTION('',(0.,1.,0.));
#2995 = ORIENTED_EDGE('',*,*,#2996,.F.);
#2996 = EDGE_CURVE('',#2971,#2989,#2997,.T.);
#2997 = LINE('',#2998,#2999);
#2998 = CARTESIAN_POINT('',(1.56,-3.,0.));
#2999 = VECTOR('',#3000,1.);
#3000 = DIRECTION('',(1.,0.,0.));
#3001 = PLANE('',#3002);
#3002 = AXIS2_PLACEMENT_3D('',#3003,#3004,#3005);
#3003 = CARTESIAN_POINT('',(-4.,-4.,0.));
#3004 = DIRECTION('',(0.,0.,1.));
#3005 = DIRECTION('',(1.,0.,-0.));
#3006 = ADVANCED_FACE('',(#3007),#3026,.T.);
#3007 = FACE_BOUND('',#3008,.T.);
#3008 = EDGE_LOOP('',(#3009,#3018,#3024,#3025));
#3009 = ORIENTED_EDGE('',*,*,#3010,.T.);
#3010 = EDGE_CURVE('',#2796,#3011,#3013,.T.);
#3011 = VERTEX_POINT('',#3012);
#3012 = CARTESIAN_POINT('',(-3.6,4.,2.7));
#3013 = CIRCLE('',#3014,0.4);
#3014 = AXIS2_PLACEMENT_3D('',#3015,#3016,#3017);
#3015 = CARTESIAN_POINT('',(-3.6,3.6,2.7));
#3016 = DIRECTION('',(0.,0.,-1.));
#3017 = DIRECTION('',(-1.,2.22044604925E-15,0.));
#3018 = ORIENTED_EDGE('',*,*,#3019,.F.);
#3019 = EDGE_CURVE('',#2920,#3011,#3020,.T.);
#3020 = LINE('',#3021,#3022);
#3021 = CARTESIAN_POINT('',(-3.6,4.,0.));
#3022 = VECTOR('',#3023,1.);
#3023 = DIRECTION('',(0.,0.,1.));
#3024 = ORIENTED_EDGE('',*,*,#2927,.F.);
#3025 = ORIENTED_EDGE('',*,*,#2795,.T.);
#3026 = CYLINDRICAL_SURFACE('',#3027,0.4);
#3027 = AXIS2_PLACEMENT_3D('',#3028,#3029,#3030);
#3028 = CARTESIAN_POINT('',(-3.6,3.6,0.));
#3029 = DIRECTION('',(0.,0.,1.));
#3030 = DIRECTION('',(-1.,0.,0.));
#3031 = ADVANCED_FACE('',(#3032),#3043,.T.);
#3032 = FACE_BOUND('',#3033,.T.);
#3033 = EDGE_LOOP('',(#3034,#3035,#3036));
#3034 = ORIENTED_EDGE('',*,*,#2850,.F.);
#3035 = ORIENTED_EDGE('',*,*,#2835,.F.);
#3036 = ORIENTED_EDGE('',*,*,#3037,.T.);
#3037 = EDGE_CURVE('',#2828,#2851,#3038,.T.);
#3038 = CIRCLE('',#3039,0.4);
#3039 = AXIS2_PLACEMENT_3D('',#3040,#3041,#3042);
#3040 = CARTESIAN_POINT('',(-3.6,-3.6,2.7));
#3041 = DIRECTION('',(-1.,0.,0.));
#3042 = DIRECTION('',(0.,-1.,0.));
#3043 = SPHERICAL_SURFACE('',#3044,0.4);
#3044 = AXIS2_PLACEMENT_3D('',#3045,#3046,#3047);
#3045 = CARTESIAN_POINT('',(-3.6,-3.6,2.7));
#3046 = DIRECTION('',(0.,0.,1.));
#3047 = DIRECTION('',(0.,-1.,0.));
#3048 = ADVANCED_FACE('',(#3049),#3067,.F.);
#3049 = FACE_BOUND('',#3050,.F.);
#3050 = EDGE_LOOP('',(#3051,#3052,#3060,#3066));
#3051 = ORIENTED_EDGE('',*,*,#2827,.T.);
#3052 = ORIENTED_EDGE('',*,*,#3053,.F.);
#3053 = EDGE_CURVE('',#3054,#2828,#3056,.T.);
#3054 = VERTEX_POINT('',#3055);
#3055 = CARTESIAN_POINT('',(3.6,-4.,2.7));
#3056 = LINE('',#3057,#3058);
#3057 = CARTESIAN_POINT('',(3.6,-4.,2.7));
#3058 = VECTOR('',#3059,1.);
#3059 = DIRECTION('',(-1.,-0.,-0.));
#3060 = ORIENTED_EDGE('',*,*,#3061,.F.);
#3061 = EDGE_CURVE('',#2886,#3054,#3062,.T.);
#3062 = LINE('',#3063,#3064);
#3063 = CARTESIAN_POINT('',(3.6,-4.,0.));
#3064 = VECTOR('',#3065,1.);
#3065 = DIRECTION('',(0.,0.,1.));
#3066 = ORIENTED_EDGE('',*,*,#2885,.F.);
#3067 = PLANE('',#3068);
#3068 = AXIS2_PLACEMENT_3D('',#3069,#3070,#3071);
#3069 = CARTESIAN_POINT('',(-4.,-4.,0.));
#3070 = DIRECTION('',(0.,1.,0.));
#3071 = DIRECTION('',(0.,-0.,1.));
#3072 = ADVANCED_FACE('',(#3073),#3098,.T.);
#3073 = FACE_BOUND('',#3074,.T.);
#3074 = EDGE_LOOP('',(#3075,#3076,#3084,#3092));
#3075 = ORIENTED_EDGE('',*,*,#2859,.F.);
#3076 = ORIENTED_EDGE('',*,*,#3077,.F.);
#3077 = EDGE_CURVE('',#3078,#2851,#3080,.T.);
#3078 = VERTEX_POINT('',#3079);
#3079 = CARTESIAN_POINT('',(3.6,-3.6,3.1));
#3080 = LINE('',#3081,#3082);
#3081 = CARTESIAN_POINT('',(3.6,-3.6,3.1));
#3082 = VECTOR('',#3083,1.);
#3083 = DIRECTION('',(-1.,-0.,-0.));
#3084 = ORIENTED_EDGE('',*,*,#3085,.F.);
#3085 = EDGE_CURVE('',#3086,#3078,#3088,.T.);
#3086 = VERTEX_POINT('',#3087);
#3087 = CARTESIAN_POINT('',(3.6,3.6,3.1));
#3088 = LINE('',#3089,#3090);
#3089 = CARTESIAN_POINT('',(3.6,3.6,3.1));
#3090 = VECTOR('',#3091,1.);
#3091 = DIRECTION('',(-0.,-1.,-0.));
#3092 = ORIENTED_EDGE('',*,*,#3093,.F.);
#3093 = EDGE_CURVE('',#2860,#3086,#3094,.T.);
#3094 = LINE('',#3095,#3096);
#3095 = CARTESIAN_POINT('',(-3.6,3.6,3.1));
#3096 = VECTOR('',#3097,1.);
#3097 = DIRECTION('',(1.,0.,0.));
#3098 = PLANE('',#3099);
#3099 = AXIS2_PLACEMENT_3D('',#3100,#3101,#3102);
#3100 = CARTESIAN_POINT('',(-4.,-4.,3.1));
#3101 = DIRECTION('',(0.,0.,1.));
#3102 = DIRECTION('',(1.,0.,-0.));
#3103 = ADVANCED_FACE('',(#3104),#3115,.T.);
#3104 = FACE_BOUND('',#3105,.T.);
#3105 = EDGE_LOOP('',(#3106,#3113,#3114));
#3106 = ORIENTED_EDGE('',*,*,#3107,.F.);
#3107 = EDGE_CURVE('',#3011,#2860,#3108,.T.);
#3108 = CIRCLE('',#3109,0.4);
#3109 = AXIS2_PLACEMENT_3D('',#3110,#3111,#3112);
#3110 = CARTESIAN_POINT('',(-3.6,3.6,2.7));
#3111 = DIRECTION('',(1.,-1.048990684668E-15,0.));
#3112 = DIRECTION('',(1.048990684668E-15,1.,0.));
#3113 = ORIENTED_EDGE('',*,*,#3010,.F.);
#3114 = ORIENTED_EDGE('',*,*,#2867,.T.);
#3115 = SPHERICAL_SURFACE('',#3116,0.4);
#3116 = AXIS2_PLACEMENT_3D('',#3117,#3118,#3119);
#3117 = CARTESIAN_POINT('',(-3.6,3.6,2.7));
#3118 = DIRECTION('',(0.,0.,1.));
#3119 = DIRECTION('',(-1.,2.22044604925E-15,0.));
#3120 = ADVANCED_FACE('',(#3121),#3139,.T.);
#3121 = FACE_BOUND('',#3122,.T.);
#3122 = EDGE_LOOP('',(#3123,#3124,#3132,#3138));
#3123 = ORIENTED_EDGE('',*,*,#3019,.T.);
#3124 = ORIENTED_EDGE('',*,*,#3125,.T.);
#3125 = EDGE_CURVE('',#3011,#3126,#3128,.T.);
#3126 = VERTEX_POINT('',#3127);
#3127 = CARTESIAN_POINT('',(3.6,4.,2.7));
#3128 = LINE('',#3129,#3130);
#3129 = CARTESIAN_POINT('',(-3.6,4.,2.7));
#3130 = VECTOR('',#3131,1.);
#3131 = DIRECTION('',(1.,0.,0.));
#3132 = ORIENTED_EDGE('',*,*,#3133,.F.);
#3133 = EDGE_CURVE('',#2911,#3126,#3134,.T.);
#3134 = LINE('',#3135,#3136);
#3135 = CARTESIAN_POINT('',(3.6,4.,0.));
#3136 = VECTOR('',#3137,1.);
#3137 = DIRECTION('',(0.,0.,1.));
#3138 = ORIENTED_EDGE('',*,*,#2919,.F.);
#3139 = PLANE('',#3140);
#3140 = AXIS2_PLACEMENT_3D('',#3141,#3142,#3143);
#3141 = CARTESIAN_POINT('',(-4.,4.,0.));
#3142 = DIRECTION('',(0.,1.,0.));
#3143 = DIRECTION('',(0.,-0.,1.));
#3144 = ADVANCED_FACE('',(#3145),#3164,.T.);
#3145 = FACE_BOUND('',#3146,.T.);
#3146 = EDGE_LOOP('',(#3147,#3156,#3157,#3158));
#3147 = ORIENTED_EDGE('',*,*,#3148,.T.);
#3148 = EDGE_CURVE('',#3149,#3054,#3151,.T.);
#3149 = VERTEX_POINT('',#3150);
#3150 = CARTESIAN_POINT('',(4.,-3.6,2.7));
#3151 = CIRCLE('',#3152,0.4);
#3152 = AXIS2_PLACEMENT_3D('',#3153,#3154,#3155);
#3153 = CARTESIAN_POINT('',(3.6,-3.6,2.7));
#3154 = DIRECTION('',(0.,0.,-1.));
#3155 = DIRECTION('',(1.,0.,0.));
#3156 = ORIENTED_EDGE('',*,*,#3061,.F.);
#3157 = ORIENTED_EDGE('',*,*,#2893,.F.);
#3158 = ORIENTED_EDGE('',*,*,#3159,.T.);
#3159 = EDGE_CURVE('',#2894,#3149,#3160,.T.);
#3160 = LINE('',#3161,#3162);
#3161 = CARTESIAN_POINT('',(4.,-3.6,0.));
#3162 = VECTOR('',#3163,1.);
#3163 = DIRECTION('',(0.,0.,1.));
#3164 = CYLINDRICAL_SURFACE('',#3165,0.4);
#3165 = AXIS2_PLACEMENT_3D('',#3166,#3167,#3168);
#3166 = CARTESIAN_POINT('',(3.6,-3.6,0.));
#3167 = DIRECTION('',(0.,0.,1.));
#3168 = DIRECTION('',(1.,0.,-0.));
#3169 = ADVANCED_FACE('',(#3170),#3189,.T.);
#3170 = FACE_BOUND('',#3171,.T.);
#3171 = EDGE_LOOP('',(#3172,#3180,#3181,#3182));
#3172 = ORIENTED_EDGE('',*,*,#3173,.F.);
#3173 = EDGE_CURVE('',#2903,#3174,#3176,.T.);
#3174 = VERTEX_POINT('',#3175);
#3175 = CARTESIAN_POINT('',(4.,3.6,2.7));
#3176 = LINE('',#3177,#3178);
#3177 = CARTESIAN_POINT('',(4.,3.6,0.));
#3178 = VECTOR('',#3179,1.);
#3179 = DIRECTION('',(0.,0.,1.));
#3180 = ORIENTED_EDGE('',*,*,#2910,.T.);
#3181 = ORIENTED_EDGE('',*,*,#3133,.T.);
#3182 = ORIENTED_EDGE('',*,*,#3183,.T.);
#3183 = EDGE_CURVE('',#3126,#3174,#3184,.T.);
#3184 = CIRCLE('',#3185,0.4);
#3185 = AXIS2_PLACEMENT_3D('',#3186,#3187,#3188);
#3186 = CARTESIAN_POINT('',(3.6,3.6,2.7));
#3187 = DIRECTION('',(0.,0.,-1.));
#3188 = DIRECTION('',(0.,1.,0.));
#3189 = CYLINDRICAL_SURFACE('',#3190,0.4);
#3190 = AXIS2_PLACEMENT_3D('',#3191,#3192,#3193);
#3191 = CARTESIAN_POINT('',(3.6,3.6,0.));
#3192 = DIRECTION('',(0.,0.,1.));
#3193 = DIRECTION('',(1.,0.,-0.));
#3194 = ADVANCED_FACE('',(#3195),#3206,.T.);
#3195 = FACE_BOUND('',#3196,.T.);
#3196 = EDGE_LOOP('',(#3197,#3198,#3199,#3200));
#3197 = ORIENTED_EDGE('',*,*,#3159,.F.);
#3198 = ORIENTED_EDGE('',*,*,#2902,.T.);
#3199 = ORIENTED_EDGE('',*,*,#3173,.T.);
#3200 = ORIENTED_EDGE('',*,*,#3201,.T.);
#3201 = EDGE_CURVE('',#3174,#3149,#3202,.T.);
#3202 = LINE('',#3203,#3204);
#3203 = CARTESIAN_POINT('',(4.,3.6,2.7));
#3204 = VECTOR('',#3205,1.);
#3205 = DIRECTION('',(-0.,-1.,-0.));
#3206 = PLANE('',#3207);
#3207 = AXIS2_PLACEMENT_3D('',#3208,#3209,#3210);
#3208 = CARTESIAN_POINT('',(4.,-4.,0.));
#3209 = DIRECTION('',(1.,0.,0.));
#3210 = DIRECTION('',(0.,0.,1.));
#3211 = ADVANCED_FACE('',(#3212),#3218,.F.);
#3212 = FACE_BOUND('',#3213,.F.);
#3213 = EDGE_LOOP('',(#3214,#3215,#3216,#3217));
#3214 = ORIENTED_EDGE('',*,*,#2936,.F.);
#3215 = ORIENTED_EDGE('',*,*,#2962,.T.);
#3216 = ORIENTED_EDGE('',*,*,#2954,.T.);
#3217 = ORIENTED_EDGE('',*,*,#2946,.F.);
#3218 = PLANE('',#3219);
#3219 = AXIS2_PLACEMENT_3D('',#3220,#3221,#3222);
#3220 = CARTESIAN_POINT('',(-2.96,-3.,0.));
#3221 = DIRECTION('',(0.,0.,1.));
#3222 = DIRECTION('',(1.,0.,-0.));
#3223 = ADVANCED_FACE('',(#3224),#3230,.F.);
#3224 = FACE_BOUND('',#3225,.F.);
#3225 = EDGE_LOOP('',(#3226,#3227,#3228,#3229));
#3226 = ORIENTED_EDGE('',*,*,#2970,.F.);
#3227 = ORIENTED_EDGE('',*,*,#2996,.T.);
#3228 = ORIENTED_EDGE('',*,*,#2988,.T.);
#3229 = ORIENTED_EDGE('',*,*,#2980,.F.);
#3230 = PLANE('',#3231);
#3231 = AXIS2_PLACEMENT_3D('',#3232,#3233,#3234);
#3232 = CARTESIAN_POINT('',(1.56,-3.,0.));
#3233 = DIRECTION('',(0.,0.,1.));
#3234 = DIRECTION('',(1.,0.,-0.));
#3235 = ADVANCED_FACE('',(#3236),#3248,.T.);
#3236 = FACE_BOUND('',#3237,.T.);
#3237 = EDGE_LOOP('',(#3238,#3245,#3246,#3247));
#3238 = ORIENTED_EDGE('',*,*,#3239,.T.);
#3239 = EDGE_CURVE('',#3054,#3078,#3240,.T.);
#3240 = CIRCLE('',#3241,0.4);
#3241 = AXIS2_PLACEMENT_3D('',#3242,#3243,#3244);
#3242 = CARTESIAN_POINT('',(3.6,-3.6,2.7));
#3243 = DIRECTION('',(-1.,-6.123233995737E-17,0.));
#3244 = DIRECTION('',(6.123233995737E-17,-1.,0.));
#3245 = ORIENTED_EDGE('',*,*,#3077,.T.);
#3246 = ORIENTED_EDGE('',*,*,#3037,.F.);
#3247 = ORIENTED_EDGE('',*,*,#3053,.F.);
#3248 = CYLINDRICAL_SURFACE('',#3249,0.4);
#3249 = AXIS2_PLACEMENT_3D('',#3250,#3251,#3252);
#3250 = CARTESIAN_POINT('',(3.6,-3.6,2.7));
#3251 = DIRECTION('',(-1.,-0.,-0.));
#3252 = DIRECTION('',(0.,-1.,0.));
#3253 = ADVANCED_FACE('',(#3254),#3266,.T.);
#3254 = FACE_BOUND('',#3255,.T.);
#3255 = EDGE_LOOP('',(#3256,#3257,#3258,#3265));
#3256 = ORIENTED_EDGE('',*,*,#3107,.T.);
#3257 = ORIENTED_EDGE('',*,*,#3093,.T.);
#3258 = ORIENTED_EDGE('',*,*,#3259,.F.);
#3259 = EDGE_CURVE('',#3126,#3086,#3260,.T.);
#3260 = CIRCLE('',#3261,0.4);
#3261 = AXIS2_PLACEMENT_3D('',#3262,#3263,#3264);
#3262 = CARTESIAN_POINT('',(3.6,3.6,2.7));
#3263 = DIRECTION('',(1.,0.,0.));
#3264 = DIRECTION('',(-0.,1.,0.));
#3265 = ORIENTED_EDGE('',*,*,#3125,.F.);
#3266 = CYLINDRICAL_SURFACE('',#3267,0.4);
#3267 = AXIS2_PLACEMENT_3D('',#3268,#3269,#3270);
#3268 = CARTESIAN_POINT('',(-3.6,3.6,2.7));
#3269 = DIRECTION('',(1.,0.,0.));
#3270 = DIRECTION('',(-0.,1.,0.));
#3271 = ADVANCED_FACE('',(#3272),#3290,.T.);
#3272 = FACE_BOUND('',#3273,.T.);
#3273 = EDGE_LOOP('',(#3274,#3281,#3282,#3289));
#3274 = ORIENTED_EDGE('',*,*,#3275,.T.);
#3275 = EDGE_CURVE('',#3174,#3086,#3276,.T.);
#3276 = CIRCLE('',#3277,0.4);
#3277 = AXIS2_PLACEMENT_3D('',#3278,#3279,#3280);
#3278 = CARTESIAN_POINT('',(3.6,3.6,2.7));
#3279 = DIRECTION('',(-1.048990684668E-15,-1.,0.));
#3280 = DIRECTION('',(1.,-1.048990684668E-15,0.));
#3281 = ORIENTED_EDGE('',*,*,#3085,.T.);
#3282 = ORIENTED_EDGE('',*,*,#3283,.F.);
#3283 = EDGE_CURVE('',#3149,#3078,#3284,.T.);
#3284 = CIRCLE('',#3285,0.4);
#3285 = AXIS2_PLACEMENT_3D('',#3286,#3287,#3288);
#3286 = CARTESIAN_POINT('',(3.6,-3.6,2.7));
#3287 = DIRECTION('',(0.,-1.,0.));
#3288 = DIRECTION('',(1.,0.,0.));
#3289 = ORIENTED_EDGE('',*,*,#3201,.F.);
#3290 = CYLINDRICAL_SURFACE('',#3291,0.4);
#3291 = AXIS2_PLACEMENT_3D('',#3292,#3293,#3294);
#3292 = CARTESIAN_POINT('',(3.6,3.6,2.7));
#3293 = DIRECTION('',(-0.,-1.,-0.));
#3294 = DIRECTION('',(1.,-0.,0.));
#3295 = ADVANCED_FACE('',(#3296),#3301,.T.);
#3296 = FACE_BOUND('',#3297,.T.);
#3297 = EDGE_LOOP('',(#3298,#3299,#3300));
#3298 = ORIENTED_EDGE('',*,*,#3239,.F.);
#3299 = ORIENTED_EDGE('',*,*,#3148,.F.);
#3300 = ORIENTED_EDGE('',*,*,#3283,.T.);
#3301 = SPHERICAL_SURFACE('',#3302,0.4);
#3302 = AXIS2_PLACEMENT_3D('',#3303,#3304,#3305);
#3303 = CARTESIAN_POINT('',(3.6,-3.6,2.7));
#3304 = DIRECTION('',(0.,0.,1.));
#3305 = DIRECTION('',(1.,0.,-0.));
#3306 = ADVANCED_FACE('',(#3307),#3312,.T.);
#3307 = FACE_BOUND('',#3308,.T.);
#3308 = EDGE_LOOP('',(#3309,#3310,#3311));
#3309 = ORIENTED_EDGE('',*,*,#3275,.F.);
#3310 = ORIENTED_EDGE('',*,*,#3183,.F.);
#3311 = ORIENTED_EDGE('',*,*,#3259,.T.);
#3312 = SPHERICAL_SURFACE('',#3313,0.4);
#3313 = AXIS2_PLACEMENT_3D('',#3314,#3315,#3316);
#3314 = CARTESIAN_POINT('',(3.6,3.6,2.7));
#3315 = DIRECTION('',(0.,0.,1.));
#3316 = DIRECTION('',(0.,1.,0.));
#3317 = ( GEOMETRIC_REPRESENTATION_CONTEXT(3) 
GLOBAL_UNCERTAINTY_ASSIGNED_CONTEXT((#3321)) 
GLOBAL_UNIT_ASSIGNED_CONTEXT((#3318,#3319,#3320)) REPRESENTATION_CONTEXT
('Context #1','3D Context with UNIT and UNCERTAINTY') );
#3318 = ( LENGTH_UNIT() NAMED_UNIT(*) SI_UNIT(.MILLI.,.METRE.) );
#3319 = ( NAMED_UNIT(*) PLANE_ANGLE_UNIT() SI_UNIT($,.RADIAN.) );
#3320 = ( NAMED_UNIT(*) SI_UNIT($,.STERADIAN.) SOLID_ANGLE_UNIT() );
#3321 = UNCERTAINTY_MEASURE_WITH_UNIT(LENGTH_MEASURE(1.E-07),#3318,
  'distance_accuracy_value','confusion accuracy');
#3322 = CONTEXT_DEPENDENT_SHAPE_REPRESENTATION(#3323,#3325);
#3323 = ( REPRESENTATION_RELATIONSHIP('','',#2770,#2747) 
REPRESENTATION_RELATIONSHIP_WITH_TRANSFORMATION(#3324) 
SHAPE_REPRESENTATION_RELATIONSHIP() );
#3324 = ITEM_DEFINED_TRANSFORMATION('','',#11,#2748);
#3325 = PRODUCT_DEFINITION_SHAPE('Placement','Placement of an item',
  #3326);
#3326 = NEXT_ASSEMBLY_USAGE_OCCURRENCE('14','=>[0:1:1:9]','',#2742,#2765
  ,$);
#3327 = PRODUCT_RELATED_PRODUCT_CATEGORY('part',$,(#2767));
#3328 = SHAPE_DEFINITION_REPRESENTATION(#3329,#3335);
#3329 = PRODUCT_DEFINITION_SHAPE('','',#3330);
#3330 = PRODUCT_DEFINITION('design','',#3331,#3334);
#3331 = PRODUCT_DEFINITION_FORMATION('','',#3332);
#3332 = PRODUCT('DFN-8-1EP_3x2mm_P0.5mm_EP1.3x1.5mm',
  'DFN-8-1EP_3x2mm_P0.5mm_EP1.3x1.5mm','',(#3333));
#3333 = PRODUCT_CONTEXT('',#2,'mechanical');
#3334 = PRODUCT_DEFINITION_CONTEXT('part definition',#2,'design');
#3335 = SHAPE_REPRESENTATION('',(#11,#3336),#3340);
#3336 = AXIS2_PLACEMENT_3D('',#3337,#3338,#3339);
#3337 = CARTESIAN_POINT('',(0.,0.,0.));
#3338 = DIRECTION('',(0.,0.,1.));
#3339 = DIRECTION('',(1.,0.,-0.));
#3340 = ( GEOMETRIC_REPRESENTATION_CONTEXT(3) 
GLOBAL_UNCERTAINTY_ASSIGNED_CONTEXT((#3344)) 
GLOBAL_UNIT_ASSIGNED_CONTEXT((#3341,#3342,#3343)) REPRESENTATION_CONTEXT
('Context #1','3D Context with UNIT and UNCERTAINTY') );
#3341 = ( LENGTH_UNIT() NAMED_UNIT(*) SI_UNIT(.MILLI.,.METRE.) );
#3342 = ( NAMED_UNIT(*) PLANE_ANGLE_UNIT() SI_UNIT($,.RADIAN.) );
#3343 = ( NAMED_UNIT(*) SI_UNIT($,.STERADIAN.) SOLID_ANGLE_UNIT() );
#3344 = UNCERTAINTY_MEASURE_WITH_UNIT(LENGTH_MEASURE(1.E-07),#3341,
  'distance_accuracy_value','confusion accuracy');
#3345 = CONTEXT_DEPENDENT_SHAPE_REPRESENTATION(#3346,#3348);
#3346 = ( REPRESENTATION_RELATIONSHIP('','',#3335,#10) 
REPRESENTATION_RELATIONSHIP_WITH_TRANSFORMATION(#3347) 
SHAPE_REPRESENTATION_RELATIONSHIP() );
#3347 = ITEM_DEFINED_TRANSFORMATION('','',#11,#59);
#3348 = PRODUCT_DEFINITION_SHAPE('Placement','Placement of an item',
  #3349);
#3349 = NEXT_ASSEMBLY_USAGE_OCCURRENCE('17','U1','',#5,#3330,$);
#3350 = PRODUCT_RELATED_PRODUCT_CATEGORY('part',$,(#3332));
#3351 = SHAPE_DEFINITION_REPRESENTATION(#3352,#3358);
#3352 = PRODUCT_DEFINITION_SHAPE('','',#3353);
#3353 = PRODUCT_DEFINITION('design','',#3354,#3357);
#3354 = PRODUCT_DEFINITION_FORMATION('','',#3355);
#3355 = PRODUCT('DFN-8-1EP_3x2mm_P0.5mm_EP1.3x1.5mm',
  'DFN-8-1EP_3x2mm_P0.5mm_EP1.3x1.5mm','',(#3356));
#3356 = PRODUCT_CONTEXT('',#2,'mechanical');
#3357 = PRODUCT_DEFINITION_CONTEXT('part definition',#2,'design');
#3358 = ADVANCED_BREP_SHAPE_REPRESENTATION('',(#11,#3359),#4255);
#3359 = MANIFOLD_SOLID_BREP('',#3360);
#3360 = CLOSED_SHELL('',(#3361,#3529,#3571,#3595,#3881,#3898,#3915,#3932
    ,#3949,#3966,#4070,#4079,#4091,#4108,#4120,#4137,#4149,#4166,#4178,
    #4195,#4207,#4219,#4231,#4243));
#3361 = ADVANCED_FACE('',(#3362),#3524,.F.);
#3362 = FACE_BOUND('',#3363,.F.);
#3363 = EDGE_LOOP('',(#3364,#3374,#3382,#3390,#3398,#3406,#3414,#3422,
    #3430,#3438,#3446,#3454,#3462,#3470,#3478,#3486,#3494,#3502,#3510,
    #3518));
#3364 = ORIENTED_EDGE('',*,*,#3365,.F.);
#3365 = EDGE_CURVE('',#3366,#3368,#3370,.T.);
#3366 = VERTEX_POINT('',#3367);
#3367 = CARTESIAN_POINT('',(-1.5,-1.,0.6));
#3368 = VERTEX_POINT('',#3369);
#3369 = CARTESIAN_POINT('',(-1.5,1.,0.6));
#3370 = LINE('',#3371,#3372);
#3371 = CARTESIAN_POINT('',(-1.5,-1.,0.6));
#3372 = VECTOR('',#3373,1.);
#3373 = DIRECTION('',(0.,1.,0.));
#3374 = ORIENTED_EDGE('',*,*,#3375,.F.);
#3375 = EDGE_CURVE('',#3376,#3366,#3378,.T.);
#3376 = VERTEX_POINT('',#3377);
#3377 = CARTESIAN_POINT('',(-1.5,-1.,0.));
#3378 = LINE('',#3379,#3380);
#3379 = CARTESIAN_POINT('',(-1.5,-1.,0.));
#3380 = VECTOR('',#3381,1.);
#3381 = DIRECTION('',(0.,0.,1.));
#3382 = ORIENTED_EDGE('',*,*,#3383,.T.);
#3383 = EDGE_CURVE('',#3376,#3384,#3386,.T.);
#3384 = VERTEX_POINT('',#3385);
#3385 = CARTESIAN_POINT('',(-1.5,-0.875,0.));
#3386 = LINE('',#3387,#3388);
#3387 = CARTESIAN_POINT('',(-1.5,-1.,0.));
#3388 = VECTOR('',#3389,1.);
#3389 = DIRECTION('',(0.,1.,0.));
#3390 = ORIENTED_EDGE('',*,*,#3391,.T.);
#3391 = EDGE_CURVE('',#3384,#3392,#3394,.T.);
#3392 = VERTEX_POINT('',#3393);
#3393 = CARTESIAN_POINT('',(-1.5,-0.875,0.152));
#3394 = LINE('',#3395,#3396);
#3395 = CARTESIAN_POINT('',(-1.5,-0.875,0.));
#3396 = VECTOR('',#3397,1.);
#3397 = DIRECTION('',(0.,0.,1.));
#3398 = ORIENTED_EDGE('',*,*,#3399,.F.);
#3399 = EDGE_CURVE('',#3400,#3392,#3402,.T.);
#3400 = VERTEX_POINT('',#3401);
#3401 = CARTESIAN_POINT('',(-1.5,-0.625,0.152));
#3402 = LINE('',#3403,#3404);
#3403 = CARTESIAN_POINT('',(-1.5,-0.625,0.152));
#3404 = VECTOR('',#3405,1.);
#3405 = DIRECTION('',(-1.110223024625E-16,-1.,0.));
#3406 = ORIENTED_EDGE('',*,*,#3407,.F.);
#3407 = EDGE_CURVE('',#3408,#3400,#3410,.T.);
#3408 = VERTEX_POINT('',#3409);
#3409 = CARTESIAN_POINT('',(-1.5,-0.625,0.));
#3410 = LINE('',#3411,#3412);
#3411 = CARTESIAN_POINT('',(-1.5,-0.625,0.));
#3412 = VECTOR('',#3413,1.);
#3413 = DIRECTION('',(0.,0.,1.));
#3414 = ORIENTED_EDGE('',*,*,#3415,.T.);
#3415 = EDGE_CURVE('',#3408,#3416,#3418,.T.);
#3416 = VERTEX_POINT('',#3417);
#3417 = CARTESIAN_POINT('',(-1.5,-0.375,0.));
#3418 = LINE('',#3419,#3420);
#3419 = CARTESIAN_POINT('',(-1.5,-1.,0.));
#3420 = VECTOR('',#3421,1.);
#3421 = DIRECTION('',(0.,1.,0.));
#3422 = ORIENTED_EDGE('',*,*,#3423,.T.);
#3423 = EDGE_CURVE('',#3416,#3424,#3426,.T.);
#3424 = VERTEX_POINT('',#3425);
#3425 = CARTESIAN_POINT('',(-1.5,-0.375,0.152));
#3426 = LINE('',#3427,#3428);
#3427 = CARTESIAN_POINT('',(-1.5,-0.375,0.));
#3428 = VECTOR('',#3429,1.);
#3429 = DIRECTION('',(0.,0.,1.));
#3430 = ORIENTED_EDGE('',*,*,#3431,.F.);
#3431 = EDGE_CURVE('',#3432,#3424,#3434,.T.);
#3432 = VERTEX_POINT('',#3433);
#3433 = CARTESIAN_POINT('',(-1.5,-0.125,0.152));
#3434 = LINE('',#3435,#3436);
#3435 = CARTESIAN_POINT('',(-1.5,-0.125,0.152));
#3436 = VECTOR('',#3437,1.);
#3437 = DIRECTION('',(-1.110223024625E-16,-1.,0.));
#3438 = ORIENTED_EDGE('',*,*,#3439,.F.);
#3439 = EDGE_CURVE('',#3440,#3432,#3442,.T.);
#3440 = VERTEX_POINT('',#3441);
#3441 = CARTESIAN_POINT('',(-1.5,-0.125,0.));
#3442 = LINE('',#3443,#3444);
#3443 = CARTESIAN_POINT('',(-1.5,-0.125,0.));
#3444 = VECTOR('',#3445,1.);
#3445 = DIRECTION('',(0.,0.,1.));
#3446 = ORIENTED_EDGE('',*,*,#3447,.T.);
#3447 = EDGE_CURVE('',#3440,#3448,#3450,.T.);
#3448 = VERTEX_POINT('',#3449);
#3449 = CARTESIAN_POINT('',(-1.5,0.125,0.));
#3450 = LINE('',#3451,#3452);
#3451 = CARTESIAN_POINT('',(-1.5,-1.,0.));
#3452 = VECTOR('',#3453,1.);
#3453 = DIRECTION('',(0.,1.,0.));
#3454 = ORIENTED_EDGE('',*,*,#3455,.T.);
#3455 = EDGE_CURVE('',#3448,#3456,#3458,.T.);
#3456 = VERTEX_POINT('',#3457);
#3457 = CARTESIAN_POINT('',(-1.5,0.125,0.152));
#3458 = LINE('',#3459,#3460);
#3459 = CARTESIAN_POINT('',(-1.5,0.125,0.));
#3460 = VECTOR('',#3461,1.);
#3461 = DIRECTION('',(0.,0.,1.));
#3462 = ORIENTED_EDGE('',*,*,#3463,.F.);
#3463 = EDGE_CURVE('',#3464,#3456,#3466,.T.);
#3464 = VERTEX_POINT('',#3465);
#3465 = CARTESIAN_POINT('',(-1.5,0.375,0.152));
#3466 = LINE('',#3467,#3468);
#3467 = CARTESIAN_POINT('',(-1.5,0.375,0.152));
#3468 = VECTOR('',#3469,1.);
#3469 = DIRECTION('',(-1.110223024625E-16,-1.,0.));
#3470 = ORIENTED_EDGE('',*,*,#3471,.F.);
#3471 = EDGE_CURVE('',#3472,#3464,#3474,.T.);
#3472 = VERTEX_POINT('',#3473);
#3473 = CARTESIAN_POINT('',(-1.5,0.375,0.));
#3474 = LINE('',#3475,#3476);
#3475 = CARTESIAN_POINT('',(-1.5,0.375,0.));
#3476 = VECTOR('',#3477,1.);
#3477 = DIRECTION('',(0.,0.,1.));
#3478 = ORIENTED_EDGE('',*,*,#3479,.T.);
#3479 = EDGE_CURVE('',#3472,#3480,#3482,.T.);
#3480 = VERTEX_POINT('',#3481);
#3481 = CARTESIAN_POINT('',(-1.5,0.625,0.));
#3482 = LINE('',#3483,#3484);
#3483 = CARTESIAN_POINT('',(-1.5,-1.,0.));
#3484 = VECTOR('',#3485,1.);
#3485 = DIRECTION('',(0.,1.,0.));
#3486 = ORIENTED_EDGE('',*,*,#3487,.T.);
#3487 = EDGE_CURVE('',#3480,#3488,#3490,.T.);
#3488 = VERTEX_POINT('',#3489);
#3489 = CARTESIAN_POINT('',(-1.5,0.625,0.152));
#3490 = LINE('',#3491,#3492);
#3491 = CARTESIAN_POINT('',(-1.5,0.625,0.));
#3492 = VECTOR('',#3493,1.);
#3493 = DIRECTION('',(0.,0.,1.));
#3494 = ORIENTED_EDGE('',*,*,#3495,.F.);
#3495 = EDGE_CURVE('',#3496,#3488,#3498,.T.);
#3496 = VERTEX_POINT('',#3497);
#3497 = CARTESIAN_POINT('',(-1.5,0.875,0.152));
#3498 = LINE('',#3499,#3500);
#3499 = CARTESIAN_POINT('',(-1.5,0.875,0.152));
#3500 = VECTOR('',#3501,1.);
#3501 = DIRECTION('',(-1.110223024625E-16,-1.,0.));
#3502 = ORIENTED_EDGE('',*,*,#3503,.F.);
#3503 = EDGE_CURVE('',#3504,#3496,#3506,.T.);
#3504 = VERTEX_POINT('',#3505);
#3505 = CARTESIAN_POINT('',(-1.5,0.875,0.));
#3506 = LINE('',#3507,#3508);
#3507 = CARTESIAN_POINT('',(-1.5,0.875,0.));
#3508 = VECTOR('',#3509,1.);
#3509 = DIRECTION('',(0.,0.,1.));
#3510 = ORIENTED_EDGE('',*,*,#3511,.T.);
#3511 = EDGE_CURVE('',#3504,#3512,#3514,.T.);
#3512 = VERTEX_POINT('',#3513);
#3513 = CARTESIAN_POINT('',(-1.5,1.,0.));
#3514 = LINE('',#3515,#3516);
#3515 = CARTESIAN_POINT('',(-1.5,-1.,0.));
#3516 = VECTOR('',#3517,1.);
#3517 = DIRECTION('',(0.,1.,0.));
#3518 = ORIENTED_EDGE('',*,*,#3519,.T.);
#3519 = EDGE_CURVE('',#3512,#3368,#3520,.T.);
#3520 = LINE('',#3521,#3522);
#3521 = CARTESIAN_POINT('',(-1.5,1.,0.));
#3522 = VECTOR('',#3523,1.);
#3523 = DIRECTION('',(0.,0.,1.));
#3524 = PLANE('',#3525);
#3525 = AXIS2_PLACEMENT_3D('',#3526,#3527,#3528);
#3526 = CARTESIAN_POINT('',(-1.5,-1.,0.));
#3527 = DIRECTION('',(1.,0.,0.));
#3528 = DIRECTION('',(0.,0.,1.));
#3529 = ADVANCED_FACE('',(#3530,#3555),#3566,.T.);
#3530 = FACE_BOUND('',#3531,.T.);
#3531 = EDGE_LOOP('',(#3532,#3533,#3541,#3549));
#3532 = ORIENTED_EDGE('',*,*,#3365,.F.);
#3533 = ORIENTED_EDGE('',*,*,#3534,.T.);
#3534 = EDGE_CURVE('',#3366,#3535,#3537,.T.);
#3535 = VERTEX_POINT('',#3536);
#3536 = CARTESIAN_POINT('',(1.5,-1.,0.6));
#3537 = LINE('',#3538,#3539);
#3538 = CARTESIAN_POINT('',(-1.5,-1.,0.6));
#3539 = VECTOR('',#3540,1.);
#3540 = DIRECTION('',(1.,0.,0.));
#3541 = ORIENTED_EDGE('',*,*,#3542,.T.);
#3542 = EDGE_CURVE('',#3535,#3543,#3545,.T.);
#3543 = VERTEX_POINT('',#3544);
#3544 = CARTESIAN_POINT('',(1.5,1.,0.6));
#3545 = LINE('',#3546,#3547);
#3546 = CARTESIAN_POINT('',(1.5,-1.,0.6));
#3547 = VECTOR('',#3548,1.);
#3548 = DIRECTION('',(0.,1.,0.));
#3549 = ORIENTED_EDGE('',*,*,#3550,.F.);
#3550 = EDGE_CURVE('',#3368,#3543,#3551,.T.);
#3551 = LINE('',#3552,#3553);
#3552 = CARTESIAN_POINT('',(-1.5,1.,0.6));
#3553 = VECTOR('',#3554,1.);
#3554 = DIRECTION('',(1.,0.,0.));
#3555 = FACE_BOUND('',#3556,.T.);
#3556 = EDGE_LOOP('',(#3557));
#3557 = ORIENTED_EDGE('',*,*,#3558,.F.);
#3558 = EDGE_CURVE('',#3559,#3559,#3561,.T.);
#3559 = VERTEX_POINT('',#3560);
#3560 = CARTESIAN_POINT('',(-1.05,0.7,0.6));
#3561 = CIRCLE('',#3562,0.15);
#3562 = AXIS2_PLACEMENT_3D('',#3563,#3564,#3565);
#3563 = CARTESIAN_POINT('',(-1.2,0.7,0.6));
#3564 = DIRECTION('',(0.,0.,1.));
#3565 = DIRECTION('',(1.,0.,-0.));
#3566 = PLANE('',#3567);
#3567 = AXIS2_PLACEMENT_3D('',#3568,#3569,#3570);
#3568 = CARTESIAN_POINT('',(-1.5,-1.,0.6));
#3569 = DIRECTION('',(0.,0.,1.));
#3570 = DIRECTION('',(1.,0.,-0.));
#3571 = ADVANCED_FACE('',(#3572),#3590,.T.);
#3572 = FACE_BOUND('',#3573,.T.);
#3573 = EDGE_LOOP('',(#3574,#3582,#3583,#3584));
#3574 = ORIENTED_EDGE('',*,*,#3575,.F.);
#3575 = EDGE_CURVE('',#3512,#3576,#3578,.T.);
#3576 = VERTEX_POINT('',#3577);
#3577 = CARTESIAN_POINT('',(1.5,1.,0.));
#3578 = LINE('',#3579,#3580);
#3579 = CARTESIAN_POINT('',(-1.5,1.,0.));
#3580 = VECTOR('',#3581,1.);
#3581 = DIRECTION('',(1.,0.,0.));
#3582 = ORIENTED_EDGE('',*,*,#3519,.T.);
#3583 = ORIENTED_EDGE('',*,*,#3550,.T.);
#3584 = ORIENTED_EDGE('',*,*,#3585,.F.);
#3585 = EDGE_CURVE('',#3576,#3543,#3586,.T.);
#3586 = LINE('',#3587,#3588);
#3587 = CARTESIAN_POINT('',(1.5,1.,0.));
#3588 = VECTOR('',#3589,1.);
#3589 = DIRECTION('',(0.,0.,1.));
#3590 = PLANE('',#3591);
#3591 = AXIS2_PLACEMENT_3D('',#3592,#3593,#3594);
#3592 = CARTESIAN_POINT('',(-1.5,1.,0.));
#3593 = DIRECTION('',(0.,1.,0.));
#3594 = DIRECTION('',(0.,-0.,1.));
#3595 = ADVANCED_FACE('',(#3596,#3842),#3876,.F.);
#3596 = FACE_BOUND('',#3597,.F.);
#3597 = EDGE_LOOP('',(#3598,#3599,#3607,#3615,#3623,#3632,#3640,#3648,
    #3656,#3665,#3673,#3681,#3689,#3698,#3706,#3714,#3722,#3731,#3739,
    #3745,#3746,#3747,#3755,#3764,#3770,#3771,#3779,#3788,#3794,#3795,
    #3803,#3812,#3818,#3819,#3827,#3836));
#3598 = ORIENTED_EDGE('',*,*,#3383,.F.);
#3599 = ORIENTED_EDGE('',*,*,#3600,.T.);
#3600 = EDGE_CURVE('',#3376,#3601,#3603,.T.);
#3601 = VERTEX_POINT('',#3602);
#3602 = CARTESIAN_POINT('',(1.5,-1.,0.));
#3603 = LINE('',#3604,#3605);
#3604 = CARTESIAN_POINT('',(-1.5,-1.,0.));
#3605 = VECTOR('',#3606,1.);
#3606 = DIRECTION('',(1.,0.,0.));
#3607 = ORIENTED_EDGE('',*,*,#3608,.T.);
#3608 = EDGE_CURVE('',#3601,#3609,#3611,.T.);
#3609 = VERTEX_POINT('',#3610);
#3610 = CARTESIAN_POINT('',(1.5,-0.875,0.));
#3611 = LINE('',#3612,#3613);
#3612 = CARTESIAN_POINT('',(1.5,-1.,0.));
#3613 = VECTOR('',#3614,1.);
#3614 = DIRECTION('',(0.,1.,0.));
#3615 = ORIENTED_EDGE('',*,*,#3616,.F.);
#3616 = EDGE_CURVE('',#3617,#3609,#3619,.T.);
#3617 = VERTEX_POINT('',#3618);
#3618 = CARTESIAN_POINT('',(1.275,-0.875,0.));
#3619 = LINE('',#3620,#3621);
#3620 = CARTESIAN_POINT('',(1.275,-0.875,0.));
#3621 = VECTOR('',#3622,1.);
#3622 = DIRECTION('',(1.,-2.22044604925E-16,0.));
#3623 = ORIENTED_EDGE('',*,*,#3624,.F.);
#3624 = EDGE_CURVE('',#3625,#3617,#3627,.T.);
#3625 = VERTEX_POINT('',#3626);
#3626 = CARTESIAN_POINT('',(1.275,-0.625,0.));
#3627 = CIRCLE('',#3628,0.125);
#3628 = AXIS2_PLACEMENT_3D('',#3629,#3630,#3631);
#3629 = CARTESIAN_POINT('',(1.275,-0.75,0.));
#3630 = DIRECTION('',(0.,-0.,1.));
#3631 = DIRECTION('',(2.22044604925E-16,1.,0.));
#3632 = ORIENTED_EDGE('',*,*,#3633,.F.);
#3633 = EDGE_CURVE('',#3634,#3625,#3636,.T.);
#3634 = VERTEX_POINT('',#3635);
#3635 = CARTESIAN_POINT('',(1.5,-0.625,0.));
#3636 = LINE('',#3637,#3638);
#3637 = CARTESIAN_POINT('',(1.5,-0.625,0.));
#3638 = VECTOR('',#3639,1.);
#3639 = DIRECTION('',(-1.,1.603655480014E-16,0.));
#3640 = ORIENTED_EDGE('',*,*,#3641,.T.);
#3641 = EDGE_CURVE('',#3634,#3642,#3644,.T.);
#3642 = VERTEX_POINT('',#3643);
#3643 = CARTESIAN_POINT('',(1.5,-0.375,0.));
#3644 = LINE('',#3645,#3646);
#3645 = CARTESIAN_POINT('',(1.5,-1.,0.));
#3646 = VECTOR('',#3647,1.);
#3647 = DIRECTION('',(0.,1.,0.));
#3648 = ORIENTED_EDGE('',*,*,#3649,.F.);
#3649 = EDGE_CURVE('',#3650,#3642,#3652,.T.);
#3650 = VERTEX_POINT('',#3651);
#3651 = CARTESIAN_POINT('',(1.275,-0.375,0.));
#3652 = LINE('',#3653,#3654);
#3653 = CARTESIAN_POINT('',(1.275,-0.375,0.));
#3654 = VECTOR('',#3655,1.);
#3655 = DIRECTION('',(1.,-2.22044604925E-16,0.));
#3656 = ORIENTED_EDGE('',*,*,#3657,.F.);
#3657 = EDGE_CURVE('',#3658,#3650,#3660,.T.);
#3658 = VERTEX_POINT('',#3659);
#3659 = CARTESIAN_POINT('',(1.275,-0.125,0.));
#3660 = CIRCLE('',#3661,0.125);
#3661 = AXIS2_PLACEMENT_3D('',#3662,#3663,#3664);
#3662 = CARTESIAN_POINT('',(1.275,-0.25,0.));
#3663 = DIRECTION('',(0.,-0.,1.));
#3664 = DIRECTION('',(2.22044604925E-16,1.,0.));
#3665 = ORIENTED_EDGE('',*,*,#3666,.F.);
#3666 = EDGE_CURVE('',#3667,#3658,#3669,.T.);
#3667 = VERTEX_POINT('',#3668);
#3668 = CARTESIAN_POINT('',(1.5,-0.125,0.));
#3669 = LINE('',#3670,#3671);
#3670 = CARTESIAN_POINT('',(1.5,-0.125,0.));
#3671 = VECTOR('',#3672,1.);
#3672 = DIRECTION('',(-1.,1.603655480014E-16,0.));
#3673 = ORIENTED_EDGE('',*,*,#3674,.T.);
#3674 = EDGE_CURVE('',#3667,#3675,#3677,.T.);
#3675 = VERTEX_POINT('',#3676);
#3676 = CARTESIAN_POINT('',(1.5,0.125,0.));
#3677 = LINE('',#3678,#3679);
#3678 = CARTESIAN_POINT('',(1.5,-1.,0.));
#3679 = VECTOR('',#3680,1.);
#3680 = DIRECTION('',(0.,1.,0.));
#3681 = ORIENTED_EDGE('',*,*,#3682,.F.);
#3682 = EDGE_CURVE('',#3683,#3675,#3685,.T.);
#3683 = VERTEX_POINT('',#3684);
#3684 = CARTESIAN_POINT('',(1.275,0.125,0.));
#3685 = LINE('',#3686,#3687);
#3686 = CARTESIAN_POINT('',(1.275,0.125,0.));
#3687 = VECTOR('',#3688,1.);
#3688 = DIRECTION('',(1.,-2.22044604925E-16,0.));
#3689 = ORIENTED_EDGE('',*,*,#3690,.F.);
#3690 = EDGE_CURVE('',#3691,#3683,#3693,.T.);
#3691 = VERTEX_POINT('',#3692);
#3692 = CARTESIAN_POINT('',(1.275,0.375,0.));
#3693 = CIRCLE('',#3694,0.125);
#3694 = AXIS2_PLACEMENT_3D('',#3695,#3696,#3697);
#3695 = CARTESIAN_POINT('',(1.275,0.25,0.));
#3696 = DIRECTION('',(0.,-0.,1.));
#3697 = DIRECTION('',(2.22044604925E-16,1.,0.));
#3698 = ORIENTED_EDGE('',*,*,#3699,.F.);
#3699 = EDGE_CURVE('',#3700,#3691,#3702,.T.);
#3700 = VERTEX_POINT('',#3701);
#3701 = CARTESIAN_POINT('',(1.5,0.375,0.));
#3702 = LINE('',#3703,#3704);
#3703 = CARTESIAN_POINT('',(1.5,0.375,0.));
#3704 = VECTOR('',#3705,1.);
#3705 = DIRECTION('',(-1.,1.603655480014E-16,0.));
#3706 = ORIENTED_EDGE('',*,*,#3707,.T.);
#3707 = EDGE_CURVE('',#3700,#3708,#3710,.T.);
#3708 = VERTEX_POINT('',#3709);
#3709 = CARTESIAN_POINT('',(1.5,0.625,0.));
#3710 = LINE('',#3711,#3712);
#3711 = CARTESIAN_POINT('',(1.5,-1.,0.));
#3712 = VECTOR('',#3713,1.);
#3713 = DIRECTION('',(0.,1.,0.));
#3714 = ORIENTED_EDGE('',*,*,#3715,.F.);
#3715 = EDGE_CURVE('',#3716,#3708,#3718,.T.);
#3716 = VERTEX_POINT('',#3717);
#3717 = CARTESIAN_POINT('',(1.275,0.625,0.));
#3718 = LINE('',#3719,#3720);
#3719 = CARTESIAN_POINT('',(1.275,0.625,0.));
#3720 = VECTOR('',#3721,1.);
#3721 = DIRECTION('',(1.,-2.22044604925E-16,0.));
#3722 = ORIENTED_EDGE('',*,*,#3723,.F.);
#3723 = EDGE_CURVE('',#3724,#3716,#3726,.T.);
#3724 = VERTEX_POINT('',#3725);
#3725 = CARTESIAN_POINT('',(1.275,0.875,0.));
#3726 = CIRCLE('',#3727,0.125);
#3727 = AXIS2_PLACEMENT_3D('',#3728,#3729,#3730);
#3728 = CARTESIAN_POINT('',(1.275,0.75,0.));
#3729 = DIRECTION('',(0.,-0.,1.));
#3730 = DIRECTION('',(2.22044604925E-16,1.,0.));
#3731 = ORIENTED_EDGE('',*,*,#3732,.F.);
#3732 = EDGE_CURVE('',#3733,#3724,#3735,.T.);
#3733 = VERTEX_POINT('',#3734);
#3734 = CARTESIAN_POINT('',(1.5,0.875,0.));
#3735 = LINE('',#3736,#3737);
#3736 = CARTESIAN_POINT('',(1.5,0.875,0.));
#3737 = VECTOR('',#3738,1.);
#3738 = DIRECTION('',(-1.,1.603655480014E-16,0.));
#3739 = ORIENTED_EDGE('',*,*,#3740,.T.);
#3740 = EDGE_CURVE('',#3733,#3576,#3741,.T.);
#3741 = LINE('',#3742,#3743);
#3742 = CARTESIAN_POINT('',(1.5,-1.,0.));
#3743 = VECTOR('',#3744,1.);
#3744 = DIRECTION('',(0.,1.,0.));
#3745 = ORIENTED_EDGE('',*,*,#3575,.F.);
#3746 = ORIENTED_EDGE('',*,*,#3511,.F.);
#3747 = ORIENTED_EDGE('',*,*,#3748,.F.);
#3748 = EDGE_CURVE('',#3749,#3504,#3751,.T.);
#3749 = VERTEX_POINT('',#3750);
#3750 = CARTESIAN_POINT('',(-1.275,0.875,0.));
#3751 = LINE('',#3752,#3753);
#3752 = CARTESIAN_POINT('',(-1.275,0.875,0.));
#3753 = VECTOR('',#3754,1.);
#3754 = DIRECTION('',(-1.,1.110223024625E-16,0.));
#3755 = ORIENTED_EDGE('',*,*,#3756,.F.);
#3756 = EDGE_CURVE('',#3757,#3749,#3759,.T.);
#3757 = VERTEX_POINT('',#3758);
#3758 = CARTESIAN_POINT('',(-1.275,0.625,0.));
#3759 = CIRCLE('',#3760,0.125);
#3760 = AXIS2_PLACEMENT_3D('',#3761,#3762,#3763);
#3761 = CARTESIAN_POINT('',(-1.275,0.75,0.));
#3762 = DIRECTION('',(0.,0.,1.));
#3763 = DIRECTION('',(-1.110223024625E-16,-1.,0.));
#3764 = ORIENTED_EDGE('',*,*,#3765,.F.);
#3765 = EDGE_CURVE('',#3480,#3757,#3766,.T.);
#3766 = LINE('',#3767,#3768);
#3767 = CARTESIAN_POINT('',(-1.5,0.625,0.));
#3768 = VECTOR('',#3769,1.);
#3769 = DIRECTION('',(1.,-4.93432455389E-17,0.));
#3770 = ORIENTED_EDGE('',*,*,#3479,.F.);
#3771 = ORIENTED_EDGE('',*,*,#3772,.F.);
#3772 = EDGE_CURVE('',#3773,#3472,#3775,.T.);
#3773 = VERTEX_POINT('',#3774);
#3774 = CARTESIAN_POINT('',(-1.275,0.375,0.));
#3775 = LINE('',#3776,#3777);
#3776 = CARTESIAN_POINT('',(-1.275,0.375,0.));
#3777 = VECTOR('',#3778,1.);
#3778 = DIRECTION('',(-1.,1.110223024625E-16,0.));
#3779 = ORIENTED_EDGE('',*,*,#3780,.F.);
#3780 = EDGE_CURVE('',#3781,#3773,#3783,.T.);
#3781 = VERTEX_POINT('',#3782);
#3782 = CARTESIAN_POINT('',(-1.275,0.125,0.));
#3783 = CIRCLE('',#3784,0.125);
#3784 = AXIS2_PLACEMENT_3D('',#3785,#3786,#3787);
#3785 = CARTESIAN_POINT('',(-1.275,0.25,0.));
#3786 = DIRECTION('',(0.,0.,1.));
#3787 = DIRECTION('',(-1.110223024625E-16,-1.,0.));
#3788 = ORIENTED_EDGE('',*,*,#3789,.F.);
#3789 = EDGE_CURVE('',#3448,#3781,#3790,.T.);
#3790 = LINE('',#3791,#3792);
#3791 = CARTESIAN_POINT('',(-1.5,0.125,0.));
#3792 = VECTOR('',#3793,1.);
#3793 = DIRECTION('',(1.,-4.93432455389E-17,0.));
#3794 = ORIENTED_EDGE('',*,*,#3447,.F.);
#3795 = ORIENTED_EDGE('',*,*,#3796,.F.);
#3796 = EDGE_CURVE('',#3797,#3440,#3799,.T.);
#3797 = VERTEX_POINT('',#3798);
#3798 = CARTESIAN_POINT('',(-1.275,-0.125,0.));
#3799 = LINE('',#3800,#3801);
#3800 = CARTESIAN_POINT('',(-1.275,-0.125,0.));
#3801 = VECTOR('',#3802,1.);
#3802 = DIRECTION('',(-1.,1.110223024625E-16,0.));
#3803 = ORIENTED_EDGE('',*,*,#3804,.F.);
#3804 = EDGE_CURVE('',#3805,#3797,#3807,.T.);
#3805 = VERTEX_POINT('',#3806);
#3806 = CARTESIAN_POINT('',(-1.275,-0.375,0.));
#3807 = CIRCLE('',#3808,0.125);
#3808 = AXIS2_PLACEMENT_3D('',#3809,#3810,#3811);
#3809 = CARTESIAN_POINT('',(-1.275,-0.25,0.));
#3810 = DIRECTION('',(0.,0.,1.));
#3811 = DIRECTION('',(-1.110223024625E-16,-1.,0.));
#3812 = ORIENTED_EDGE('',*,*,#3813,.F.);
#3813 = EDGE_CURVE('',#3416,#3805,#3814,.T.);
#3814 = LINE('',#3815,#3816);
#3815 = CARTESIAN_POINT('',(-1.5,-0.375,0.));
#3816 = VECTOR('',#3817,1.);
#3817 = DIRECTION('',(1.,-4.93432455389E-17,0.));
#3818 = ORIENTED_EDGE('',*,*,#3415,.F.);
#3819 = ORIENTED_EDGE('',*,*,#3820,.F.);
#3820 = EDGE_CURVE('',#3821,#3408,#3823,.T.);
#3821 = VERTEX_POINT('',#3822);
#3822 = CARTESIAN_POINT('',(-1.275,-0.625,0.));
#3823 = LINE('',#3824,#3825);
#3824 = CARTESIAN_POINT('',(-1.275,-0.625,0.));
#3825 = VECTOR('',#3826,1.);
#3826 = DIRECTION('',(-1.,1.110223024625E-16,0.));
#3827 = ORIENTED_EDGE('',*,*,#3828,.F.);
#3828 = EDGE_CURVE('',#3829,#3821,#3831,.T.);
#3829 = VERTEX_POINT('',#3830);
#3830 = CARTESIAN_POINT('',(-1.275,-0.875,0.));
#3831 = CIRCLE('',#3832,0.125);
#3832 = AXIS2_PLACEMENT_3D('',#3833,#3834,#3835);
#3833 = CARTESIAN_POINT('',(-1.275,-0.75,0.));
#3834 = DIRECTION('',(0.,0.,1.));
#3835 = DIRECTION('',(-1.110223024625E-16,-1.,0.));
#3836 = ORIENTED_EDGE('',*,*,#3837,.F.);
#3837 = EDGE_CURVE('',#3384,#3829,#3838,.T.);
#3838 = LINE('',#3839,#3840);
#3839 = CARTESIAN_POINT('',(-1.5,-0.875,0.));
#3840 = VECTOR('',#3841,1.);
#3841 = DIRECTION('',(1.,-4.93432455389E-17,0.));
#3842 = FACE_BOUND('',#3843,.F.);
#3843 = EDGE_LOOP('',(#3844,#3854,#3862,#3870));
#3844 = ORIENTED_EDGE('',*,*,#3845,.F.);
#3845 = EDGE_CURVE('',#3846,#3848,#3850,.T.);
#3846 = VERTEX_POINT('',#3847);
#3847 = CARTESIAN_POINT('',(-0.65,-0.75,0.));
#3848 = VERTEX_POINT('',#3849);
#3849 = CARTESIAN_POINT('',(0.65,-0.75,0.));
#3850 = LINE('',#3851,#3852);
#3851 = CARTESIAN_POINT('',(-0.65,-0.75,0.));
#3852 = VECTOR('',#3853,1.);
#3853 = DIRECTION('',(1.,0.,0.));
#3854 = ORIENTED_EDGE('',*,*,#3855,.F.);
#3855 = EDGE_CURVE('',#3856,#3846,#3858,.T.);
#3856 = VERTEX_POINT('',#3857);
#3857 = CARTESIAN_POINT('',(-0.65,0.75,0.));
#3858 = LINE('',#3859,#3860);
#3859 = CARTESIAN_POINT('',(-0.65,0.75,0.));
#3860 = VECTOR('',#3861,1.);
#3861 = DIRECTION('',(0.,-1.,0.));
#3862 = ORIENTED_EDGE('',*,*,#3863,.F.);
#3863 = EDGE_CURVE('',#3864,#3856,#3866,.T.);
#3864 = VERTEX_POINT('',#3865);
#3865 = CARTESIAN_POINT('',(0.65,0.75,0.));
#3866 = LINE('',#3867,#3868);
#3867 = CARTESIAN_POINT('',(0.65,0.75,0.));
#3868 = VECTOR('',#3869,1.);
#3869 = DIRECTION('',(-1.,0.,0.));
#3870 = ORIENTED_EDGE('',*,*,#3871,.F.);
#3871 = EDGE_CURVE('',#3848,#3864,#3872,.T.);
#3872 = LINE('',#3873,#3874);
#3873 = CARTESIAN_POINT('',(0.65,-0.75,0.));
#3874 = VECTOR('',#3875,1.);
#3875 = DIRECTION('',(0.,1.,0.));
#3876 = PLANE('',#3877);
#3877 = AXIS2_PLACEMENT_3D('',#3878,#3879,#3880);
#3878 = CARTESIAN_POINT('',(-1.5,-1.,0.));
#3879 = DIRECTION('',(0.,0.,1.));
#3880 = DIRECTION('',(1.,0.,-0.));
#3881 = ADVANCED_FACE('',(#3882),#3893,.F.);
#3882 = FACE_BOUND('',#3883,.F.);
#3883 = EDGE_LOOP('',(#3884,#3885,#3886,#3887));
#3884 = ORIENTED_EDGE('',*,*,#3503,.T.);
#3885 = ORIENTED_EDGE('',*,*,#3495,.T.);
#3886 = ORIENTED_EDGE('',*,*,#3487,.F.);
#3887 = ORIENTED_EDGE('',*,*,#3888,.F.);
#3888 = EDGE_CURVE('',#3504,#3480,#3889,.T.);
#3889 = LINE('',#3890,#3891);
#3890 = CARTESIAN_POINT('',(-1.5,0.875,0.));
#3891 = VECTOR('',#3892,1.);
#3892 = DIRECTION('',(-1.110223024625E-16,-1.,0.));
#3893 = PLANE('',#3894);
#3894 = AXIS2_PLACEMENT_3D('',#3895,#3896,#3897);
#3895 = CARTESIAN_POINT('',(-1.5,0.875,0.));
#3896 = DIRECTION('',(1.,-1.110223024625E-16,0.));
#3897 = DIRECTION('',(-1.110223024625E-16,-1.,0.));
#3898 = ADVANCED_FACE('',(#3899),#3910,.F.);
#3899 = FACE_BOUND('',#3900,.F.);
#3900 = EDGE_LOOP('',(#3901,#3902,#3903,#3904));
#3901 = ORIENTED_EDGE('',*,*,#3471,.T.);
#3902 = ORIENTED_EDGE('',*,*,#3463,.T.);
#3903 = ORIENTED_EDGE('',*,*,#3455,.F.);
#3904 = ORIENTED_EDGE('',*,*,#3905,.F.);
#3905 = EDGE_CURVE('',#3472,#3448,#3906,.T.);
#3906 = LINE('',#3907,#3908);
#3907 = CARTESIAN_POINT('',(-1.5,0.375,0.));
#3908 = VECTOR('',#3909,1.);
#3909 = DIRECTION('',(-1.110223024625E-16,-1.,0.));
#3910 = PLANE('',#3911);
#3911 = AXIS2_PLACEMENT_3D('',#3912,#3913,#3914);
#3912 = CARTESIAN_POINT('',(-1.5,0.375,0.));
#3913 = DIRECTION('',(1.,-1.110223024625E-16,0.));
#3914 = DIRECTION('',(-1.110223024625E-16,-1.,0.));
#3915 = ADVANCED_FACE('',(#3916),#3927,.F.);
#3916 = FACE_BOUND('',#3917,.F.);
#3917 = EDGE_LOOP('',(#3918,#3919,#3920,#3921));
#3918 = ORIENTED_EDGE('',*,*,#3439,.T.);
#3919 = ORIENTED_EDGE('',*,*,#3431,.T.);
#3920 = ORIENTED_EDGE('',*,*,#3423,.F.);
#3921 = ORIENTED_EDGE('',*,*,#3922,.F.);
#3922 = EDGE_CURVE('',#3440,#3416,#3923,.T.);
#3923 = LINE('',#3924,#3925);
#3924 = CARTESIAN_POINT('',(-1.5,-0.125,0.));
#3925 = VECTOR('',#3926,1.);
#3926 = DIRECTION('',(-1.110223024625E-16,-1.,0.));
#3927 = PLANE('',#3928);
#3928 = AXIS2_PLACEMENT_3D('',#3929,#3930,#3931);
#3929 = CARTESIAN_POINT('',(-1.5,-0.125,0.));
#3930 = DIRECTION('',(1.,-1.110223024625E-16,0.));
#3931 = DIRECTION('',(-1.110223024625E-16,-1.,0.));
#3932 = ADVANCED_FACE('',(#3933),#3944,.F.);
#3933 = FACE_BOUND('',#3934,.F.);
#3934 = EDGE_LOOP('',(#3935,#3936,#3937,#3938));
#3935 = ORIENTED_EDGE('',*,*,#3407,.T.);
#3936 = ORIENTED_EDGE('',*,*,#3399,.T.);
#3937 = ORIENTED_EDGE('',*,*,#3391,.F.);
#3938 = ORIENTED_EDGE('',*,*,#3939,.F.);
#3939 = EDGE_CURVE('',#3408,#3384,#3940,.T.);
#3940 = LINE('',#3941,#3942);
#3941 = CARTESIAN_POINT('',(-1.5,-0.625,0.));
#3942 = VECTOR('',#3943,1.);
#3943 = DIRECTION('',(-1.110223024625E-16,-1.,0.));
#3944 = PLANE('',#3945);
#3945 = AXIS2_PLACEMENT_3D('',#3946,#3947,#3948);
#3946 = CARTESIAN_POINT('',(-1.5,-0.625,0.));
#3947 = DIRECTION('',(1.,-1.110223024625E-16,0.));
#3948 = DIRECTION('',(-1.110223024625E-16,-1.,0.));
#3949 = ADVANCED_FACE('',(#3950),#3961,.F.);
#3950 = FACE_BOUND('',#3951,.F.);
#3951 = EDGE_LOOP('',(#3952,#3953,#3954,#3955));
#3952 = ORIENTED_EDGE('',*,*,#3600,.F.);
#3953 = ORIENTED_EDGE('',*,*,#3375,.T.);
#3954 = ORIENTED_EDGE('',*,*,#3534,.T.);
#3955 = ORIENTED_EDGE('',*,*,#3956,.F.);
#3956 = EDGE_CURVE('',#3601,#3535,#3957,.T.);
#3957 = LINE('',#3958,#3959);
#3958 = CARTESIAN_POINT('',(1.5,-1.,0.));
#3959 = VECTOR('',#3960,1.);
#3960 = DIRECTION('',(0.,0.,1.));
#3961 = PLANE('',#3962);
#3962 = AXIS2_PLACEMENT_3D('',#3963,#3964,#3965);
#3963 = CARTESIAN_POINT('',(-1.5,-1.,0.));
#3964 = DIRECTION('',(0.,1.,0.));
#3965 = DIRECTION('',(0.,-0.,1.));
#3966 = ADVANCED_FACE('',(#3967),#4065,.T.);
#3967 = FACE_BOUND('',#3968,.T.);
#3968 = EDGE_LOOP('',(#3969,#3970,#3971,#3972,#3980,#3988,#3994,#3995,
    #4003,#4011,#4017,#4018,#4026,#4034,#4040,#4041,#4049,#4057,#4063,
    #4064));
#3969 = ORIENTED_EDGE('',*,*,#3542,.F.);
#3970 = ORIENTED_EDGE('',*,*,#3956,.F.);
#3971 = ORIENTED_EDGE('',*,*,#3608,.T.);
#3972 = ORIENTED_EDGE('',*,*,#3973,.T.);
#3973 = EDGE_CURVE('',#3609,#3974,#3976,.T.);
#3974 = VERTEX_POINT('',#3975);
#3975 = CARTESIAN_POINT('',(1.5,-0.875,0.152));
#3976 = LINE('',#3977,#3978);
#3977 = CARTESIAN_POINT('',(1.5,-0.875,0.));
#3978 = VECTOR('',#3979,1.);
#3979 = DIRECTION('',(0.,0.,1.));
#3980 = ORIENTED_EDGE('',*,*,#3981,.T.);
#3981 = EDGE_CURVE('',#3974,#3982,#3984,.T.);
#3982 = VERTEX_POINT('',#3983);
#3983 = CARTESIAN_POINT('',(1.5,-0.625,0.152));
#3984 = LINE('',#3985,#3986);
#3985 = CARTESIAN_POINT('',(1.5,-0.875,0.152));
#3986 = VECTOR('',#3987,1.);
#3987 = DIRECTION('',(2.22044604925E-16,1.,0.));
#3988 = ORIENTED_EDGE('',*,*,#3989,.F.);
#3989 = EDGE_CURVE('',#3634,#3982,#3990,.T.);
#3990 = LINE('',#3991,#3992);
#3991 = CARTESIAN_POINT('',(1.5,-0.625,0.));
#3992 = VECTOR('',#3993,1.);
#3993 = DIRECTION('',(0.,0.,1.));
#3994 = ORIENTED_EDGE('',*,*,#3641,.T.);
#3995 = ORIENTED_EDGE('',*,*,#3996,.T.);
#3996 = EDGE_CURVE('',#3642,#3997,#3999,.T.);
#3997 = VERTEX_POINT('',#3998);
#3998 = CARTESIAN_POINT('',(1.5,-0.375,0.152));
#3999 = LINE('',#4000,#4001);
#4000 = CARTESIAN_POINT('',(1.5,-0.375,0.));
#4001 = VECTOR('',#4002,1.);
#4002 = DIRECTION('',(0.,0.,1.));
#4003 = ORIENTED_EDGE('',*,*,#4004,.T.);
#4004 = EDGE_CURVE('',#3997,#4005,#4007,.T.);
#4005 = VERTEX_POINT('',#4006);
#4006 = CARTESIAN_POINT('',(1.5,-0.125,0.152));
#4007 = LINE('',#4008,#4009);
#4008 = CARTESIAN_POINT('',(1.5,-0.375,0.152));
#4009 = VECTOR('',#4010,1.);
#4010 = DIRECTION('',(2.22044604925E-16,1.,0.));
#4011 = ORIENTED_EDGE('',*,*,#4012,.F.);
#4012 = EDGE_CURVE('',#3667,#4005,#4013,.T.);
#4013 = LINE('',#4014,#4015);
#4014 = CARTESIAN_POINT('',(1.5,-0.125,0.));
#4015 = VECTOR('',#4016,1.);
#4016 = DIRECTION('',(0.,0.,1.));
#4017 = ORIENTED_EDGE('',*,*,#3674,.T.);
#4018 = ORIENTED_EDGE('',*,*,#4019,.T.);
#4019 = EDGE_CURVE('',#3675,#4020,#4022,.T.);
#4020 = VERTEX_POINT('',#4021);
#4021 = CARTESIAN_POINT('',(1.5,0.125,0.152));
#4022 = LINE('',#4023,#4024);
#4023 = CARTESIAN_POINT('',(1.5,0.125,0.));
#4024 = VECTOR('',#4025,1.);
#4025 = DIRECTION('',(0.,0.,1.));
#4026 = ORIENTED_EDGE('',*,*,#4027,.T.);
#4027 = EDGE_CURVE('',#4020,#4028,#4030,.T.);
#4028 = VERTEX_POINT('',#4029);
#4029 = CARTESIAN_POINT('',(1.5,0.375,0.152));
#4030 = LINE('',#4031,#4032);
#4031 = CARTESIAN_POINT('',(1.5,0.125,0.152));
#4032 = VECTOR('',#4033,1.);
#4033 = DIRECTION('',(2.22044604925E-16,1.,0.));
#4034 = ORIENTED_EDGE('',*,*,#4035,.F.);
#4035 = EDGE_CURVE('',#3700,#4028,#4036,.T.);
#4036 = LINE('',#4037,#4038);
#4037 = CARTESIAN_POINT('',(1.5,0.375,0.));
#4038 = VECTOR('',#4039,1.);
#4039 = DIRECTION('',(0.,0.,1.));
#4040 = ORIENTED_EDGE('',*,*,#3707,.T.);
#4041 = ORIENTED_EDGE('',*,*,#4042,.T.);
#4042 = EDGE_CURVE('',#3708,#4043,#4045,.T.);
#4043 = VERTEX_POINT('',#4044);
#4044 = CARTESIAN_POINT('',(1.5,0.625,0.152));
#4045 = LINE('',#4046,#4047);
#4046 = CARTESIAN_POINT('',(1.5,0.625,0.));
#4047 = VECTOR('',#4048,1.);
#4048 = DIRECTION('',(0.,0.,1.));
#4049 = ORIENTED_EDGE('',*,*,#4050,.T.);
#4050 = EDGE_CURVE('',#4043,#4051,#4053,.T.);
#4051 = VERTEX_POINT('',#4052);
#4052 = CARTESIAN_POINT('',(1.5,0.875,0.152));
#4053 = LINE('',#4054,#4055);
#4054 = CARTESIAN_POINT('',(1.5,0.625,0.152));
#4055 = VECTOR('',#4056,1.);
#4056 = DIRECTION('',(2.22044604925E-16,1.,0.));
#4057 = ORIENTED_EDGE('',*,*,#4058,.F.);
#4058 = EDGE_CURVE('',#3733,#4051,#4059,.T.);
#4059 = LINE('',#4060,#4061);
#4060 = CARTESIAN_POINT('',(1.5,0.875,0.));
#4061 = VECTOR('',#4062,1.);
#4062 = DIRECTION('',(0.,0.,1.));
#4063 = ORIENTED_EDGE('',*,*,#3740,.T.);
#4064 = ORIENTED_EDGE('',*,*,#3585,.T.);
#4065 = PLANE('',#4066);
#4066 = AXIS2_PLACEMENT_3D('',#4067,#4068,#4069);
#4067 = CARTESIAN_POINT('',(1.5,-1.,0.));
#4068 = DIRECTION('',(1.,0.,0.));
#4069 = DIRECTION('',(0.,0.,1.));
#4070 = ADVANCED_FACE('',(#4071),#4074,.T.);
#4071 = FACE_BOUND('',#4072,.T.);
#4072 = EDGE_LOOP('',(#4073));
#4073 = ORIENTED_EDGE('',*,*,#3558,.T.);
#4074 = PLANE('',#4075);
#4075 = AXIS2_PLACEMENT_3D('',#4076,#4077,#4078);
#4076 = CARTESIAN_POINT('',(-1.2,0.7,0.6));
#4077 = DIRECTION('',(0.,0.,1.));
#4078 = DIRECTION('',(1.,0.,-0.));
#4079 = ADVANCED_FACE('',(#4080),#4086,.F.);
#4080 = FACE_BOUND('',#4081,.F.);
#4081 = EDGE_LOOP('',(#4082,#4083,#4084,#4085));
#4082 = ORIENTED_EDGE('',*,*,#3828,.T.);
#4083 = ORIENTED_EDGE('',*,*,#3820,.T.);
#4084 = ORIENTED_EDGE('',*,*,#3939,.T.);
#4085 = ORIENTED_EDGE('',*,*,#3837,.T.);
#4086 = PLANE('',#4087);
#4087 = AXIS2_PLACEMENT_3D('',#4088,#4089,#4090);
#4088 = CARTESIAN_POINT('',(-1.349243447564,-0.75,0.));
#4089 = DIRECTION('',(0.,0.,1.));
#4090 = DIRECTION('',(1.110223024625E-16,1.,-0.));
#4091 = ADVANCED_FACE('',(#4092),#4103,.F.);
#4092 = FACE_BOUND('',#4093,.F.);
#4093 = EDGE_LOOP('',(#4094,#4095,#4096,#4102));
#4094 = ORIENTED_EDGE('',*,*,#3624,.T.);
#4095 = ORIENTED_EDGE('',*,*,#3616,.T.);
#4096 = ORIENTED_EDGE('',*,*,#4097,.T.);
#4097 = EDGE_CURVE('',#3609,#3634,#4098,.T.);
#4098 = LINE('',#4099,#4100);
#4099 = CARTESIAN_POINT('',(1.5,-0.875,0.));
#4100 = VECTOR('',#4101,1.);
#4101 = DIRECTION('',(2.22044604925E-16,1.,0.));
#4102 = ORIENTED_EDGE('',*,*,#3633,.T.);
#4103 = PLANE('',#4104);
#4104 = AXIS2_PLACEMENT_3D('',#4105,#4106,#4107);
#4105 = CARTESIAN_POINT('',(1.349243447564,-0.75,0.));
#4106 = DIRECTION('',(0.,0.,1.));
#4107 = DIRECTION('',(-2.22044604925E-16,-1.,0.));
#4108 = ADVANCED_FACE('',(#4109),#4115,.F.);
#4109 = FACE_BOUND('',#4110,.F.);
#4110 = EDGE_LOOP('',(#4111,#4112,#4113,#4114));
#4111 = ORIENTED_EDGE('',*,*,#3804,.T.);
#4112 = ORIENTED_EDGE('',*,*,#3796,.T.);
#4113 = ORIENTED_EDGE('',*,*,#3922,.T.);
#4114 = ORIENTED_EDGE('',*,*,#3813,.T.);
#4115 = PLANE('',#4116);
#4116 = AXIS2_PLACEMENT_3D('',#4117,#4118,#4119);
#4117 = CARTESIAN_POINT('',(-1.349243447564,-0.25,0.));
#4118 = DIRECTION('',(0.,0.,1.));
#4119 = DIRECTION('',(1.110223024625E-16,1.,-0.));
#4120 = ADVANCED_FACE('',(#4121),#4132,.F.);
#4121 = FACE_BOUND('',#4122,.F.);
#4122 = EDGE_LOOP('',(#4123,#4124,#4125,#4131));
#4123 = ORIENTED_EDGE('',*,*,#3657,.T.);
#4124 = ORIENTED_EDGE('',*,*,#3649,.T.);
#4125 = ORIENTED_EDGE('',*,*,#4126,.T.);
#4126 = EDGE_CURVE('',#3642,#3667,#4127,.T.);
#4127 = LINE('',#4128,#4129);
#4128 = CARTESIAN_POINT('',(1.5,-0.375,0.));
#4129 = VECTOR('',#4130,1.);
#4130 = DIRECTION('',(2.22044604925E-16,1.,0.));
#4131 = ORIENTED_EDGE('',*,*,#3666,.T.);
#4132 = PLANE('',#4133);
#4133 = AXIS2_PLACEMENT_3D('',#4134,#4135,#4136);
#4134 = CARTESIAN_POINT('',(1.349243447564,-0.25,0.));
#4135 = DIRECTION('',(0.,0.,1.));
#4136 = DIRECTION('',(-2.22044604925E-16,-1.,0.));
#4137 = ADVANCED_FACE('',(#4138),#4144,.F.);
#4138 = FACE_BOUND('',#4139,.F.);
#4139 = EDGE_LOOP('',(#4140,#4141,#4142,#4143));
#4140 = ORIENTED_EDGE('',*,*,#3780,.T.);
#4141 = ORIENTED_EDGE('',*,*,#3772,.T.);
#4142 = ORIENTED_EDGE('',*,*,#3905,.T.);
#4143 = ORIENTED_EDGE('',*,*,#3789,.T.);
#4144 = PLANE('',#4145);
#4145 = AXIS2_PLACEMENT_3D('',#4146,#4147,#4148);
#4146 = CARTESIAN_POINT('',(-1.349243447564,0.25,0.));
#4147 = DIRECTION('',(0.,0.,1.));
#4148 = DIRECTION('',(1.110223024625E-16,1.,-0.));
#4149 = ADVANCED_FACE('',(#4150),#4161,.F.);
#4150 = FACE_BOUND('',#4151,.F.);
#4151 = EDGE_LOOP('',(#4152,#4153,#4154,#4160));
#4152 = ORIENTED_EDGE('',*,*,#3690,.T.);
#4153 = ORIENTED_EDGE('',*,*,#3682,.T.);
#4154 = ORIENTED_EDGE('',*,*,#4155,.T.);
#4155 = EDGE_CURVE('',#3675,#3700,#4156,.T.);
#4156 = LINE('',#4157,#4158);
#4157 = CARTESIAN_POINT('',(1.5,0.125,0.));
#4158 = VECTOR('',#4159,1.);
#4159 = DIRECTION('',(2.22044604925E-16,1.,0.));
#4160 = ORIENTED_EDGE('',*,*,#3699,.T.);
#4161 = PLANE('',#4162);
#4162 = AXIS2_PLACEMENT_3D('',#4163,#4164,#4165);
#4163 = CARTESIAN_POINT('',(1.349243447564,0.25,0.));
#4164 = DIRECTION('',(0.,0.,1.));
#4165 = DIRECTION('',(-2.22044604925E-16,-1.,0.));
#4166 = ADVANCED_FACE('',(#4167),#4173,.F.);
#4167 = FACE_BOUND('',#4168,.F.);
#4168 = EDGE_LOOP('',(#4169,#4170,#4171,#4172));
#4169 = ORIENTED_EDGE('',*,*,#3756,.T.);
#4170 = ORIENTED_EDGE('',*,*,#3748,.T.);
#4171 = ORIENTED_EDGE('',*,*,#3888,.T.);
#4172 = ORIENTED_EDGE('',*,*,#3765,.T.);
#4173 = PLANE('',#4174);
#4174 = AXIS2_PLACEMENT_3D('',#4175,#4176,#4177);
#4175 = CARTESIAN_POINT('',(-1.349243447564,0.75,0.));
#4176 = DIRECTION('',(0.,0.,1.));
#4177 = DIRECTION('',(1.110223024625E-16,1.,-0.));
#4178 = ADVANCED_FACE('',(#4179),#4190,.F.);
#4179 = FACE_BOUND('',#4180,.F.);
#4180 = EDGE_LOOP('',(#4181,#4182,#4183,#4189));
#4181 = ORIENTED_EDGE('',*,*,#3723,.T.);
#4182 = ORIENTED_EDGE('',*,*,#3715,.T.);
#4183 = ORIENTED_EDGE('',*,*,#4184,.T.);
#4184 = EDGE_CURVE('',#3708,#3733,#4185,.T.);
#4185 = LINE('',#4186,#4187);
#4186 = CARTESIAN_POINT('',(1.5,0.625,0.));
#4187 = VECTOR('',#4188,1.);
#4188 = DIRECTION('',(2.22044604925E-16,1.,0.));
#4189 = ORIENTED_EDGE('',*,*,#3732,.T.);
#4190 = PLANE('',#4191);
#4191 = AXIS2_PLACEMENT_3D('',#4192,#4193,#4194);
#4192 = CARTESIAN_POINT('',(1.349243447564,0.75,0.));
#4193 = DIRECTION('',(0.,0.,1.));
#4194 = DIRECTION('',(-2.22044604925E-16,-1.,0.));
#4195 = ADVANCED_FACE('',(#4196),#4202,.F.);
#4196 = FACE_BOUND('',#4197,.F.);
#4197 = EDGE_LOOP('',(#4198,#4199,#4200,#4201));
#4198 = ORIENTED_EDGE('',*,*,#3845,.T.);
#4199 = ORIENTED_EDGE('',*,*,#3871,.T.);
#4200 = ORIENTED_EDGE('',*,*,#3863,.T.);
#4201 = ORIENTED_EDGE('',*,*,#3855,.T.);
#4202 = PLANE('',#4203);
#4203 = AXIS2_PLACEMENT_3D('',#4204,#4205,#4206);
#4204 = CARTESIAN_POINT('',(0.,0.,0.));
#4205 = DIRECTION('',(0.,0.,1.));
#4206 = DIRECTION('',(1.,0.,-0.));
#4207 = ADVANCED_FACE('',(#4208),#4214,.F.);
#4208 = FACE_BOUND('',#4209,.F.);
#4209 = EDGE_LOOP('',(#4210,#4211,#4212,#4213));
#4210 = ORIENTED_EDGE('',*,*,#4042,.T.);
#4211 = ORIENTED_EDGE('',*,*,#4050,.T.);
#4212 = ORIENTED_EDGE('',*,*,#4058,.F.);
#4213 = ORIENTED_EDGE('',*,*,#4184,.F.);
#4214 = PLANE('',#4215);
#4215 = AXIS2_PLACEMENT_3D('',#4216,#4217,#4218);
#4216 = CARTESIAN_POINT('',(1.5,0.625,0.));
#4217 = DIRECTION('',(-1.,2.22044604925E-16,0.));
#4218 = DIRECTION('',(2.22044604925E-16,1.,0.));
#4219 = ADVANCED_FACE('',(#4220),#4226,.F.);
#4220 = FACE_BOUND('',#4221,.F.);
#4221 = EDGE_LOOP('',(#4222,#4223,#4224,#4225));
#4222 = ORIENTED_EDGE('',*,*,#4019,.T.);
#4223 = ORIENTED_EDGE('',*,*,#4027,.T.);
#4224 = ORIENTED_EDGE('',*,*,#4035,.F.);
#4225 = ORIENTED_EDGE('',*,*,#4155,.F.);
#4226 = PLANE('',#4227);
#4227 = AXIS2_PLACEMENT_3D('',#4228,#4229,#4230);
#4228 = CARTESIAN_POINT('',(1.5,0.125,0.));
#4229 = DIRECTION('',(-1.,2.22044604925E-16,0.));
#4230 = DIRECTION('',(2.22044604925E-16,1.,0.));
#4231 = ADVANCED_FACE('',(#4232),#4238,.F.);
#4232 = FACE_BOUND('',#4233,.F.);
#4233 = EDGE_LOOP('',(#4234,#4235,#4236,#4237));
#4234 = ORIENTED_EDGE('',*,*,#3996,.T.);
#4235 = ORIENTED_EDGE('',*,*,#4004,.T.);
#4236 = ORIENTED_EDGE('',*,*,#4012,.F.);
#4237 = ORIENTED_EDGE('',*,*,#4126,.F.);
#4238 = PLANE('',#4239);
#4239 = AXIS2_PLACEMENT_3D('',#4240,#4241,#4242);
#4240 = CARTESIAN_POINT('',(1.5,-0.375,0.));
#4241 = DIRECTION('',(-1.,2.22044604925E-16,0.));
#4242 = DIRECTION('',(2.22044604925E-16,1.,0.));
#4243 = ADVANCED_FACE('',(#4244),#4250,.F.);
#4244 = FACE_BOUND('',#4245,.F.);
#4245 = EDGE_LOOP('',(#4246,#4247,#4248,#4249));
#4246 = ORIENTED_EDGE('',*,*,#3973,.T.);
#4247 = ORIENTED_EDGE('',*,*,#3981,.T.);
#4248 = ORIENTED_EDGE('',*,*,#3989,.F.);
#4249 = ORIENTED_EDGE('',*,*,#4097,.F.);
#4250 = PLANE('',#4251);
#4251 = AXIS2_PLACEMENT_3D('',#4252,#4253,#4254);
#4252 = CARTESIAN_POINT('',(1.5,-0.875,0.));
#4253 = DIRECTION('',(-1.,2.22044604925E-16,0.));
#4254 = DIRECTION('',(2.22044604925E-16,1.,0.));
#4255 = ( GEOMETRIC_REPRESENTATION_CONTEXT(3) 
GLOBAL_UNCERTAINTY_ASSIGNED_CONTEXT((#4259)) 
GLOBAL_UNIT_ASSIGNED_CONTEXT((#4256,#4257,#4258)) REPRESENTATION_CONTEXT
('Context #1','3D Context with UNIT and UNCERTAINTY') );
#4256 = ( LENGTH_UNIT() NAMED_UNIT(*) SI_UNIT(.MILLI.,.METRE.) );
#4257 = ( NAMED_UNIT(*) PLANE_ANGLE_UNIT() SI_UNIT($,.RADIAN.) );
#4258 = ( NAMED_UNIT(*) SI_UNIT($,.STERADIAN.) SOLID_ANGLE_UNIT() );
#4259 = UNCERTAINTY_MEASURE_WITH_UNIT(LENGTH_MEASURE(1.E-07),#4256,
  'distance_accuracy_value','confusion accuracy');
#4260 = CONTEXT_DEPENDENT_SHAPE_REPRESENTATION(#4261,#4263);
#4261 = ( REPRESENTATION_RELATIONSHIP('','',#3358,#3335) 
REPRESENTATION_RELATIONSHIP_WITH_TRANSFORMATION(#4262) 
SHAPE_REPRESENTATION_RELATIONSHIP() );
#4262 = ITEM_DEFINED_TRANSFORMATION('','',#11,#3336);
#4263 = PRODUCT_DEFINITION_SHAPE('Placement','Placement of an item',
  #4264);
#4264 = NEXT_ASSEMBLY_USAGE_OCCURRENCE('16','=>[0:1:1:11]','',#3330,
  #3353,$);
#4265 = PRODUCT_RELATED_PRODUCT_CATEGORY('part',$,(#3355));
#4266 = SHAPE_DEFINITION_REPRESENTATION(#4267,#4273);
#4267 = PRODUCT_DEFINITION_SHAPE('','',#4268);
#4268 = PRODUCT_DEFINITION('design','',#4269,#4272);
#4269 = PRODUCT_DEFINITION_FORMATION('','',#4270);
#4270 = PRODUCT('babybuck_module_soldermask',
  'babybuck_module_soldermask','',(#4271));
#4271 = PRODUCT_CONTEXT('',#2,'mechanical');
#4272 = PRODUCT_DEFINITION_CONTEXT('part definition',#2,'design');
#4273 = MANIFOLD_SURFACE_SHAPE_REPRESENTATION('',(#11,#4274),#4360);
#4274 = SHELL_BASED_SURFACE_MODEL('',(#4275));
#4275 = OPEN_SHELL('',(#4276));
#4276 = ADVANCED_FACE('',(#4277,#4311,#4322,#4333,#4344),#4355,.T.);
#4277 = FACE_BOUND('',#4278,.F.);
#4278 = EDGE_LOOP('',(#4279,#4289,#4297,#4305));
#4279 = ORIENTED_EDGE('',*,*,#4280,.T.);
#4280 = EDGE_CURVE('',#4281,#4283,#4285,.T.);
#4281 = VERTEX_POINT('',#4282);
#4282 = CARTESIAN_POINT('',(-7.9375,-6.604,0.78));
#4283 = VERTEX_POINT('',#4284);
#4284 = CARTESIAN_POINT('',(-7.9375,6.604,0.78));
#4285 = LINE('',#4286,#4287);
#4286 = CARTESIAN_POINT('',(-7.9375,-6.604,0.78));
#4287 = VECTOR('',#4288,1.);
#4288 = DIRECTION('',(0.,1.,0.));
#4289 = ORIENTED_EDGE('',*,*,#4290,.T.);
#4290 = EDGE_CURVE('',#4283,#4291,#4293,.T.);
#4291 = VERTEX_POINT('',#4292);
#4292 = CARTESIAN_POINT('',(7.9375,6.604,0.78));
#4293 = LINE('',#4294,#4295);
#4294 = CARTESIAN_POINT('',(-7.9375,6.604,0.78));
#4295 = VECTOR('',#4296,1.);
#4296 = DIRECTION('',(1.,0.,0.));
#4297 = ORIENTED_EDGE('',*,*,#4298,.T.);
#4298 = EDGE_CURVE('',#4291,#4299,#4301,.T.);
#4299 = VERTEX_POINT('',#4300);
#4300 = CARTESIAN_POINT('',(7.9375,-6.604,0.78));
#4301 = LINE('',#4302,#4303);
#4302 = CARTESIAN_POINT('',(7.9375,6.604,0.78));
#4303 = VECTOR('',#4304,1.);
#4304 = DIRECTION('',(0.,-1.,0.));
#4305 = ORIENTED_EDGE('',*,*,#4306,.T.);
#4306 = EDGE_CURVE('',#4299,#4281,#4307,.T.);
#4307 = LINE('',#4308,#4309);
#4308 = CARTESIAN_POINT('',(7.9375,-6.604,0.78));
#4309 = VECTOR('',#4310,1.);
#4310 = DIRECTION('',(-1.,0.,0.));
#4311 = FACE_BOUND('',#4312,.F.);
#4312 = EDGE_LOOP('',(#4313));
#4313 = ORIENTED_EDGE('',*,*,#4314,.T.);
#4314 = EDGE_CURVE('',#4315,#4315,#4317,.T.);
#4315 = VERTEX_POINT('',#4316);
#4316 = CARTESIAN_POINT('',(7.035892,-2.794,0.78));
#4317 = CIRCLE('',#4318,0.495392);
#4318 = AXIS2_PLACEMENT_3D('',#4319,#4320,#4321);
#4319 = CARTESIAN_POINT('',(6.5405,-2.794,0.78));
#4320 = DIRECTION('',(0.,0.,1.));
#4321 = DIRECTION('',(1.,0.,-0.));
#4322 = FACE_BOUND('',#4323,.F.);
#4323 = EDGE_LOOP('',(#4324));
#4324 = ORIENTED_EDGE('',*,*,#4325,.T.);
#4325 = EDGE_CURVE('',#4326,#4326,#4328,.T.);
#4326 = VERTEX_POINT('',#4327);
#4327 = CARTESIAN_POINT('',(7.035891,-0.254,0.78));
#4328 = CIRCLE('',#4329,0.495391);
#4329 = AXIS2_PLACEMENT_3D('',#4330,#4331,#4332);
#4330 = CARTESIAN_POINT('',(6.5405,-0.254,0.78));
#4331 = DIRECTION('',(0.,0.,1.));
#4332 = DIRECTION('',(1.,0.,-0.));
#4333 = FACE_BOUND('',#4334,.F.);
#4334 = EDGE_LOOP('',(#4335));
#4335 = ORIENTED_EDGE('',*,*,#4336,.T.);
#4336 = EDGE_CURVE('',#4337,#4337,#4339,.T.);
#4337 = VERTEX_POINT('',#4338);
#4338 = CARTESIAN_POINT('',(7.035891,2.286,0.78));
#4339 = CIRCLE('',#4340,0.495391);
#4340 = AXIS2_PLACEMENT_3D('',#4341,#4342,#4343);
#4341 = CARTESIAN_POINT('',(6.5405,2.286,0.78));
#4342 = DIRECTION('',(0.,0.,1.));
#4343 = DIRECTION('',(1.,0.,-0.));
#4344 = FACE_BOUND('',#4345,.F.);
#4345 = EDGE_LOOP('',(#4346));
#4346 = ORIENTED_EDGE('',*,*,#4347,.T.);
#4347 = EDGE_CURVE('',#4348,#4348,#4350,.T.);
#4348 = VERTEX_POINT('',#4349);
#4349 = CARTESIAN_POINT('',(7.035891,4.826,0.78));
#4350 = CIRCLE('',#4351,0.495391);
#4351 = AXIS2_PLACEMENT_3D('',#4352,#4353,#4354);
#4352 = CARTESIAN_POINT('',(6.5405,4.826,0.78));
#4353 = DIRECTION('',(0.,0.,1.));
#4354 = DIRECTION('',(1.,0.,-0.));
#4355 = PLANE('',#4356);
#4356 = AXIS2_PLACEMENT_3D('',#4357,#4358,#4359);
#4357 = CARTESIAN_POINT('',(0.,0.,0.78));
#4358 = DIRECTION('',(0.,0.,1.));
#4359 = DIRECTION('',(1.,0.,-0.));
#4360 = ( GEOMETRIC_REPRESENTATION_CONTEXT(3) 
GLOBAL_UNCERTAINTY_ASSIGNED_CONTEXT((#4364)) 
GLOBAL_UNIT_ASSIGNED_CONTEXT((#4361,#4362,#4363)) REPRESENTATION_CONTEXT
('Context #1','3D Context with UNIT and UNCERTAINTY') );
#4361 = ( LENGTH_UNIT() NAMED_UNIT(*) SI_UNIT(.MILLI.,.METRE.) );
#4362 = ( NAMED_UNIT(*) PLANE_ANGLE_UNIT() SI_UNIT($,.RADIAN.) );
#4363 = ( NAMED_UNIT(*) SI_UNIT($,.STERADIAN.) SOLID_ANGLE_UNIT() );
#4364 = UNCERTAINTY_MEASURE_WITH_UNIT(LENGTH_MEASURE(1.E-07),#4361,
  'distance_accuracy_value','confusion accuracy');
#4365 = CONTEXT_DEPENDENT_SHAPE_REPRESENTATION(#4366,#4368);
#4366 = ( REPRESENTATION_RELATIONSHIP('','',#4273,#10) 
REPRESENTATION_RELATIONSHIP_WITH_TRANSFORMATION(#4367) 
SHAPE_REPRESENTATION_RELATIONSHIP() );
#4367 = ITEM_DEFINED_TRANSFORMATION('','',#11,#63);
#4368 = PRODUCT_DEFINITION_SHAPE('Placement','Placement of an item',
  #4369);
#4369 = NEXT_ASSEMBLY_USAGE_OCCURRENCE('18','=>[0:1:1:12]','',#5,#4268,$
  );
#4370 = PRODUCT_RELATED_PRODUCT_CATEGORY('part',$,(#4270));
#4371 = SHAPE_DEFINITION_REPRESENTATION(#4372,#4378);
#4372 = PRODUCT_DEFINITION_SHAPE('','',#4373);
#4373 = PRODUCT_DEFINITION('design','',#4374,#4377);
#4374 = PRODUCT_DEFINITION_FORMATION('','',#4375);
#4375 = PRODUCT('babybuck_module_soldermask',
  'babybuck_module_soldermask','',(#4376));
#4376 = PRODUCT_CONTEXT('',#2,'mechanical');
#4377 = PRODUCT_DEFINITION_CONTEXT('part definition',#2,'design');
#4378 = MANIFOLD_SURFACE_SHAPE_REPRESENTATION('',(#11,#4379),#4465);
#4379 = SHELL_BASED_SURFACE_MODEL('',(#4380));
#4380 = OPEN_SHELL('',(#4381));
#4381 = ADVANCED_FACE('',(#4382,#4416,#4427,#4438,#4449),#4460,.T.);
#4382 = FACE_BOUND('',#4383,.T.);
#4383 = EDGE_LOOP('',(#4384,#4394,#4402,#4410));
#4384 = ORIENTED_EDGE('',*,*,#4385,.T.);
#4385 = EDGE_CURVE('',#4386,#4388,#4390,.T.);
#4386 = VERTEX_POINT('',#4387);
#4387 = CARTESIAN_POINT('',(-7.9375,-6.604,-5.E-02));
#4388 = VERTEX_POINT('',#4389);
#4389 = CARTESIAN_POINT('',(-7.9375,6.604,-5.E-02));
#4390 = LINE('',#4391,#4392);
#4391 = CARTESIAN_POINT('',(-7.9375,-6.604,-5.E-02));
#4392 = VECTOR('',#4393,1.);
#4393 = DIRECTION('',(0.,1.,0.));
#4394 = ORIENTED_EDGE('',*,*,#4395,.T.);
#4395 = EDGE_CURVE('',#4388,#4396,#4398,.T.);
#4396 = VERTEX_POINT('',#4397);
#4397 = CARTESIAN_POINT('',(7.9375,6.604,-5.E-02));
#4398 = LINE('',#4399,#4400);
#4399 = CARTESIAN_POINT('',(-7.9375,6.604,-5.E-02));
#4400 = VECTOR('',#4401,1.);
#4401 = DIRECTION('',(1.,0.,0.));
#4402 = ORIENTED_EDGE('',*,*,#4403,.T.);
#4403 = EDGE_CURVE('',#4396,#4404,#4406,.T.);
#4404 = VERTEX_POINT('',#4405);
#4405 = CARTESIAN_POINT('',(7.9375,-6.604,-5.E-02));
#4406 = LINE('',#4407,#4408);
#4407 = CARTESIAN_POINT('',(7.9375,6.604,-5.E-02));
#4408 = VECTOR('',#4409,1.);
#4409 = DIRECTION('',(0.,-1.,0.));
#4410 = ORIENTED_EDGE('',*,*,#4411,.T.);
#4411 = EDGE_CURVE('',#4404,#4386,#4412,.T.);
#4412 = LINE('',#4413,#4414);
#4413 = CARTESIAN_POINT('',(7.9375,-6.604,-5.E-02));
#4414 = VECTOR('',#4415,1.);
#4415 = DIRECTION('',(-1.,0.,0.));
#4416 = FACE_BOUND('',#4417,.T.);
#4417 = EDGE_LOOP('',(#4418));
#4418 = ORIENTED_EDGE('',*,*,#4419,.T.);
#4419 = EDGE_CURVE('',#4420,#4420,#4422,.T.);
#4420 = VERTEX_POINT('',#4421);
#4421 = CARTESIAN_POINT('',(7.035892,-2.794,-5.E-02));
#4422 = CIRCLE('',#4423,0.495392);
#4423 = AXIS2_PLACEMENT_3D('',#4424,#4425,#4426);
#4424 = CARTESIAN_POINT('',(6.5405,-2.794,-5.E-02));
#4425 = DIRECTION('',(0.,0.,1.));
#4426 = DIRECTION('',(1.,0.,-0.));
#4427 = FACE_BOUND('',#4428,.T.);
#4428 = EDGE_LOOP('',(#4429));
#4429 = ORIENTED_EDGE('',*,*,#4430,.T.);
#4430 = EDGE_CURVE('',#4431,#4431,#4433,.T.);
#4431 = VERTEX_POINT('',#4432);
#4432 = CARTESIAN_POINT('',(7.035891,-0.254,-5.E-02));
#4433 = CIRCLE('',#4434,0.495391);
#4434 = AXIS2_PLACEMENT_3D('',#4435,#4436,#4437);
#4435 = CARTESIAN_POINT('',(6.5405,-0.254,-5.E-02));
#4436 = DIRECTION('',(0.,0.,1.));
#4437 = DIRECTION('',(1.,0.,-0.));
#4438 = FACE_BOUND('',#4439,.T.);
#4439 = EDGE_LOOP('',(#4440));
#4440 = ORIENTED_EDGE('',*,*,#4441,.T.);
#4441 = EDGE_CURVE('',#4442,#4442,#4444,.T.);
#4442 = VERTEX_POINT('',#4443);
#4443 = CARTESIAN_POINT('',(7.035891,2.286,-5.E-02));
#4444 = CIRCLE('',#4445,0.495391);
#4445 = AXIS2_PLACEMENT_3D('',#4446,#4447,#4448);
#4446 = CARTESIAN_POINT('',(6.5405,2.286,-5.E-02));
#4447 = DIRECTION('',(0.,0.,1.));
#4448 = DIRECTION('',(1.,0.,-0.));
#4449 = FACE_BOUND('',#4450,.T.);
#4450 = EDGE_LOOP('',(#4451));
#4451 = ORIENTED_EDGE('',*,*,#4452,.T.);
#4452 = EDGE_CURVE('',#4453,#4453,#4455,.T.);
#4453 = VERTEX_POINT('',#4454);
#4454 = CARTESIAN_POINT('',(7.035891,4.826,-5.E-02));
#4455 = CIRCLE('',#4456,0.495391);
#4456 = AXIS2_PLACEMENT_3D('',#4457,#4458,#4459);
#4457 = CARTESIAN_POINT('',(6.5405,4.826,-5.E-02));
#4458 = DIRECTION('',(0.,0.,1.));
#4459 = DIRECTION('',(1.,0.,-0.));
#4460 = PLANE('',#4461);
#4461 = AXIS2_PLACEMENT_3D('',#4462,#4463,#4464);
#4462 = CARTESIAN_POINT('',(0.,0.,-5.E-02));
#4463 = DIRECTION('',(-0.,-0.,-1.));
#4464 = DIRECTION('',(-1.,0.,0.));
#4465 = ( GEOMETRIC_REPRESENTATION_CONTEXT(3) 
GLOBAL_UNCERTAINTY_ASSIGNED_CONTEXT((#4469)) 
GLOBAL_UNIT_ASSIGNED_CONTEXT((#4466,#4467,#4468)) REPRESENTATION_CONTEXT
('Context #1','3D Context with UNIT and UNCERTAINTY') );
#4466 = ( LENGTH_UNIT() NAMED_UNIT(*) SI_UNIT(.MILLI.,.METRE.) );
#4467 = ( NAMED_UNIT(*) PLANE_ANGLE_UNIT() SI_UNIT($,.RADIAN.) );
#4468 = ( NAMED_UNIT(*) SI_UNIT($,.STERADIAN.) SOLID_ANGLE_UNIT() );
#4469 = UNCERTAINTY_MEASURE_WITH_UNIT(LENGTH_MEASURE(1.E-07),#4466,
  'distance_accuracy_value','confusion accuracy');
#4470 = CONTEXT_DEPENDENT_SHAPE_REPRESENTATION(#4471,#4473);
#4471 = ( REPRESENTATION_RELATIONSHIP('','',#4378,#10) 
REPRESENTATION_RELATIONSHIP_WITH_TRANSFORMATION(#4472) 
SHAPE_REPRESENTATION_RELATIONSHIP() );
#4472 = ITEM_DEFINED_TRANSFORMATION('','',#11,#67);
#4473 = PRODUCT_DEFINITION_SHAPE('Placement','Placement of an item',
  #4474);
#4474 = NEXT_ASSEMBLY_USAGE_OCCURRENCE('19','=>[0:1:1:13]','',#5,#4373,$
  );
#4475 = PRODUCT_RELATED_PRODUCT_CATEGORY('part',$,(#4375));
#4476 = SHAPE_DEFINITION_REPRESENTATION(#4477,#4483);
#4477 = PRODUCT_DEFINITION_SHAPE('','',#4478);
#4478 = PRODUCT_DEFINITION('design','',#4479,#4482);
#4479 = PRODUCT_DEFINITION_FORMATION('','',#4480);
#4480 = PRODUCT('babybuck_module_PCB','babybuck_module_PCB','',(#4481));
#4481 = PRODUCT_CONTEXT('',#2,'mechanical');
#4482 = PRODUCT_DEFINITION_CONTEXT('part definition',#2,'design');
#4483 = ADVANCED_BREP_SHAPE_REPRESENTATION('',(#11,#4484),#4790);
#4484 = MANIFOLD_SOLID_BREP('',#4485);
#4485 = CLOSED_SHELL('',(#4486,#4526,#4557,#4588,#4649,#4710,#4722,#4739
    ,#4756,#4773));
#4486 = ADVANCED_FACE('',(#4487),#4521,.T.);
#4487 = FACE_BOUND('',#4488,.T.);
#4488 = EDGE_LOOP('',(#4489,#4499,#4507,#4515));
#4489 = ORIENTED_EDGE('',*,*,#4490,.T.);
#4490 = EDGE_CURVE('',#4491,#4493,#4495,.T.);
#4491 = VERTEX_POINT('',#4492);
#4492 = CARTESIAN_POINT('',(7.9375,-6.604,0.));
#4493 = VERTEX_POINT('',#4494);
#4494 = CARTESIAN_POINT('',(7.9375,-6.604,0.73));
#4495 = LINE('',#4496,#4497);
#4496 = CARTESIAN_POINT('',(7.9375,-6.604,0.));
#4497 = VECTOR('',#4498,1.);
#4498 = DIRECTION('',(0.,0.,1.));
#4499 = ORIENTED_EDGE('',*,*,#4500,.T.);
#4500 = EDGE_CURVE('',#4493,#4501,#4503,.T.);
#4501 = VERTEX_POINT('',#4502);
#4502 = CARTESIAN_POINT('',(-7.9375,-6.604,0.73));
#4503 = LINE('',#4504,#4505);
#4504 = CARTESIAN_POINT('',(7.9375,-6.604,0.73));
#4505 = VECTOR('',#4506,1.);
#4506 = DIRECTION('',(-1.,0.,0.));
#4507 = ORIENTED_EDGE('',*,*,#4508,.F.);
#4508 = EDGE_CURVE('',#4509,#4501,#4511,.T.);
#4509 = VERTEX_POINT('',#4510);
#4510 = CARTESIAN_POINT('',(-7.9375,-6.604,0.));
#4511 = LINE('',#4512,#4513);
#4512 = CARTESIAN_POINT('',(-7.9375,-6.604,0.));
#4513 = VECTOR('',#4514,1.);
#4514 = DIRECTION('',(0.,0.,1.));
#4515 = ORIENTED_EDGE('',*,*,#4516,.F.);
#4516 = EDGE_CURVE('',#4491,#4509,#4517,.T.);
#4517 = LINE('',#4518,#4519);
#4518 = CARTESIAN_POINT('',(7.9375,-6.604,0.));
#4519 = VECTOR('',#4520,1.);
#4520 = DIRECTION('',(-1.,0.,0.));
#4521 = PLANE('',#4522);
#4522 = AXIS2_PLACEMENT_3D('',#4523,#4524,#4525);
#4523 = CARTESIAN_POINT('',(7.9375,-6.604,0.));
#4524 = DIRECTION('',(0.,-1.,0.));
#4525 = DIRECTION('',(-1.,0.,0.));
#4526 = ADVANCED_FACE('',(#4527),#4552,.T.);
#4527 = FACE_BOUND('',#4528,.T.);
#4528 = EDGE_LOOP('',(#4529,#4539,#4545,#4546));
#4529 = ORIENTED_EDGE('',*,*,#4530,.T.);
#4530 = EDGE_CURVE('',#4531,#4533,#4535,.T.);
#4531 = VERTEX_POINT('',#4532);
#4532 = CARTESIAN_POINT('',(7.9375,6.604,0.));
#4533 = VERTEX_POINT('',#4534);
#4534 = CARTESIAN_POINT('',(7.9375,6.604,0.73));
#4535 = LINE('',#4536,#4537);
#4536 = CARTESIAN_POINT('',(7.9375,6.604,0.));
#4537 = VECTOR('',#4538,1.);
#4538 = DIRECTION('',(0.,0.,1.));
#4539 = ORIENTED_EDGE('',*,*,#4540,.T.);
#4540 = EDGE_CURVE('',#4533,#4493,#4541,.T.);
#4541 = LINE('',#4542,#4543);
#4542 = CARTESIAN_POINT('',(7.9375,6.604,0.73));
#4543 = VECTOR('',#4544,1.);
#4544 = DIRECTION('',(0.,-1.,0.));
#4545 = ORIENTED_EDGE('',*,*,#4490,.F.);
#4546 = ORIENTED_EDGE('',*,*,#4547,.F.);
#4547 = EDGE_CURVE('',#4531,#4491,#4548,.T.);
#4548 = LINE('',#4549,#4550);
#4549 = CARTESIAN_POINT('',(7.9375,6.604,0.));
#4550 = VECTOR('',#4551,1.);
#4551 = DIRECTION('',(0.,-1.,0.));
#4552 = PLANE('',#4553);
#4553 = AXIS2_PLACEMENT_3D('',#4554,#4555,#4556);
#4554 = CARTESIAN_POINT('',(7.9375,6.604,0.));
#4555 = DIRECTION('',(1.,0.,-0.));
#4556 = DIRECTION('',(0.,-1.,0.));
#4557 = ADVANCED_FACE('',(#4558),#4583,.T.);
#4558 = FACE_BOUND('',#4559,.T.);
#4559 = EDGE_LOOP('',(#4560,#4561,#4569,#4577));
#4560 = ORIENTED_EDGE('',*,*,#4508,.T.);
#4561 = ORIENTED_EDGE('',*,*,#4562,.T.);
#4562 = EDGE_CURVE('',#4501,#4563,#4565,.T.);
#4563 = VERTEX_POINT('',#4564);
#4564 = CARTESIAN_POINT('',(-7.9375,6.604,0.73));
#4565 = LINE('',#4566,#4567);
#4566 = CARTESIAN_POINT('',(-7.9375,-6.604,0.73));
#4567 = VECTOR('',#4568,1.);
#4568 = DIRECTION('',(0.,1.,0.));
#4569 = ORIENTED_EDGE('',*,*,#4570,.F.);
#4570 = EDGE_CURVE('',#4571,#4563,#4573,.T.);
#4571 = VERTEX_POINT('',#4572);
#4572 = CARTESIAN_POINT('',(-7.9375,6.604,0.));
#4573 = LINE('',#4574,#4575);
#4574 = CARTESIAN_POINT('',(-7.9375,6.604,0.));
#4575 = VECTOR('',#4576,1.);
#4576 = DIRECTION('',(0.,0.,1.));
#4577 = ORIENTED_EDGE('',*,*,#4578,.F.);
#4578 = EDGE_CURVE('',#4509,#4571,#4579,.T.);
#4579 = LINE('',#4580,#4581);
#4580 = CARTESIAN_POINT('',(-7.9375,-6.604,0.));
#4581 = VECTOR('',#4582,1.);
#4582 = DIRECTION('',(0.,1.,0.));
#4583 = PLANE('',#4584);
#4584 = AXIS2_PLACEMENT_3D('',#4585,#4586,#4587);
#4585 = CARTESIAN_POINT('',(-7.9375,-6.604,0.));
#4586 = DIRECTION('',(-1.,0.,0.));
#4587 = DIRECTION('',(0.,1.,0.));
#4588 = ADVANCED_FACE('',(#4589,#4600,#4611,#4622,#4633),#4644,.F.);
#4589 = FACE_BOUND('',#4590,.F.);
#4590 = EDGE_LOOP('',(#4591,#4592,#4593,#4599));
#4591 = ORIENTED_EDGE('',*,*,#4516,.F.);
#4592 = ORIENTED_EDGE('',*,*,#4547,.F.);
#4593 = ORIENTED_EDGE('',*,*,#4594,.F.);
#4594 = EDGE_CURVE('',#4571,#4531,#4595,.T.);
#4595 = LINE('',#4596,#4597);
#4596 = CARTESIAN_POINT('',(-7.9375,6.604,0.));
#4597 = VECTOR('',#4598,1.);
#4598 = DIRECTION('',(1.,0.,0.));
#4599 = ORIENTED_EDGE('',*,*,#4578,.F.);
#4600 = FACE_BOUND('',#4601,.F.);
#4601 = EDGE_LOOP('',(#4602));
#4602 = ORIENTED_EDGE('',*,*,#4603,.T.);
#4603 = EDGE_CURVE('',#4604,#4604,#4606,.T.);
#4604 = VERTEX_POINT('',#4605);
#4605 = CARTESIAN_POINT('',(6.5405,-3.302,0.));
#4606 = CIRCLE('',#4607,0.508);
#4607 = AXIS2_PLACEMENT_3D('',#4608,#4609,#4610);
#4608 = CARTESIAN_POINT('',(6.5405,-2.794,0.));
#4609 = DIRECTION('',(-0.,0.,-1.));
#4610 = DIRECTION('',(-0.,-1.,0.));
#4611 = FACE_BOUND('',#4612,.F.);
#4612 = EDGE_LOOP('',(#4613));
#4613 = ORIENTED_EDGE('',*,*,#4614,.T.);
#4614 = EDGE_CURVE('',#4615,#4615,#4617,.T.);
#4615 = VERTEX_POINT('',#4616);
#4616 = CARTESIAN_POINT('',(6.5405,-0.762,0.));
#4617 = CIRCLE('',#4618,0.508);
#4618 = AXIS2_PLACEMENT_3D('',#4619,#4620,#4621);
#4619 = CARTESIAN_POINT('',(6.5405,-0.254,0.));
#4620 = DIRECTION('',(-0.,0.,-1.));
#4621 = DIRECTION('',(-0.,-1.,0.));
#4622 = FACE_BOUND('',#4623,.F.);
#4623 = EDGE_LOOP('',(#4624));
#4624 = ORIENTED_EDGE('',*,*,#4625,.T.);
#4625 = EDGE_CURVE('',#4626,#4626,#4628,.T.);
#4626 = VERTEX_POINT('',#4627);
#4627 = CARTESIAN_POINT('',(6.5405,1.778,0.));
#4628 = CIRCLE('',#4629,0.508);
#4629 = AXIS2_PLACEMENT_3D('',#4630,#4631,#4632);
#4630 = CARTESIAN_POINT('',(6.5405,2.286,0.));
#4631 = DIRECTION('',(-0.,0.,-1.));
#4632 = DIRECTION('',(-0.,-1.,0.));
#4633 = FACE_BOUND('',#4634,.F.);
#4634 = EDGE_LOOP('',(#4635));
#4635 = ORIENTED_EDGE('',*,*,#4636,.T.);
#4636 = EDGE_CURVE('',#4637,#4637,#4639,.T.);
#4637 = VERTEX_POINT('',#4638);
#4638 = CARTESIAN_POINT('',(6.5405,4.318,0.));
#4639 = CIRCLE('',#4640,0.508);
#4640 = AXIS2_PLACEMENT_3D('',#4641,#4642,#4643);
#4641 = CARTESIAN_POINT('',(6.5405,4.826,0.));
#4642 = DIRECTION('',(-0.,0.,-1.));
#4643 = DIRECTION('',(-0.,-1.,0.));
#4644 = PLANE('',#4645);
#4645 = AXIS2_PLACEMENT_3D('',#4646,#4647,#4648);
#4646 = CARTESIAN_POINT('',(0.,0.,0.));
#4647 = DIRECTION('',(0.,0.,1.));
#4648 = DIRECTION('',(1.,0.,-0.));
#4649 = ADVANCED_FACE('',(#4650,#4661,#4672,#4683,#4694),#4705,.T.);
#4650 = FACE_BOUND('',#4651,.T.);
#4651 = EDGE_LOOP('',(#4652,#4653,#4654,#4660));
#4652 = ORIENTED_EDGE('',*,*,#4500,.F.);
#4653 = ORIENTED_EDGE('',*,*,#4540,.F.);
#4654 = ORIENTED_EDGE('',*,*,#4655,.F.);
#4655 = EDGE_CURVE('',#4563,#4533,#4656,.T.);
#4656 = LINE('',#4657,#4658);
#4657 = CARTESIAN_POINT('',(-7.9375,6.604,0.73));
#4658 = VECTOR('',#4659,1.);
#4659 = DIRECTION('',(1.,0.,0.));
#4660 = ORIENTED_EDGE('',*,*,#4562,.F.);
#4661 = FACE_BOUND('',#4662,.T.);
#4662 = EDGE_LOOP('',(#4663));
#4663 = ORIENTED_EDGE('',*,*,#4664,.T.);
#4664 = EDGE_CURVE('',#4665,#4665,#4667,.T.);
#4665 = VERTEX_POINT('',#4666);
#4666 = CARTESIAN_POINT('',(6.5405,-3.302,0.73));
#4667 = CIRCLE('',#4668,0.508);
#4668 = AXIS2_PLACEMENT_3D('',#4669,#4670,#4671);
#4669 = CARTESIAN_POINT('',(6.5405,-2.794,0.73));
#4670 = DIRECTION('',(-0.,0.,-1.));
#4671 = DIRECTION('',(-0.,-1.,0.));
#4672 = FACE_BOUND('',#4673,.T.);
#4673 = EDGE_LOOP('',(#4674));
#4674 = ORIENTED_EDGE('',*,*,#4675,.T.);
#4675 = EDGE_CURVE('',#4676,#4676,#4678,.T.);
#4676 = VERTEX_POINT('',#4677);
#4677 = CARTESIAN_POINT('',(6.5405,-0.762,0.73));
#4678 = CIRCLE('',#4679,0.508);
#4679 = AXIS2_PLACEMENT_3D('',#4680,#4681,#4682);
#4680 = CARTESIAN_POINT('',(6.5405,-0.254,0.73));
#4681 = DIRECTION('',(-0.,0.,-1.));
#4682 = DIRECTION('',(-0.,-1.,0.));
#4683 = FACE_BOUND('',#4684,.T.);
#4684 = EDGE_LOOP('',(#4685));
#4685 = ORIENTED_EDGE('',*,*,#4686,.T.);
#4686 = EDGE_CURVE('',#4687,#4687,#4689,.T.);
#4687 = VERTEX_POINT('',#4688);
#4688 = CARTESIAN_POINT('',(6.5405,1.778,0.73));
#4689 = CIRCLE('',#4690,0.508);
#4690 = AXIS2_PLACEMENT_3D('',#4691,#4692,#4693);
#4691 = CARTESIAN_POINT('',(6.5405,2.286,0.73));
#4692 = DIRECTION('',(-0.,0.,-1.));
#4693 = DIRECTION('',(-0.,-1.,0.));
#4694 = FACE_BOUND('',#4695,.T.);
#4695 = EDGE_LOOP('',(#4696));
#4696 = ORIENTED_EDGE('',*,*,#4697,.T.);
#4697 = EDGE_CURVE('',#4698,#4698,#4700,.T.);
#4698 = VERTEX_POINT('',#4699);
#4699 = CARTESIAN_POINT('',(6.5405,4.318,0.73));
#4700 = CIRCLE('',#4701,0.508);
#4701 = AXIS2_PLACEMENT_3D('',#4702,#4703,#4704);
#4702 = CARTESIAN_POINT('',(6.5405,4.826,0.73));
#4703 = DIRECTION('',(-0.,0.,-1.));
#4704 = DIRECTION('',(-0.,-1.,0.));
#4705 = PLANE('',#4706);
#4706 = AXIS2_PLACEMENT_3D('',#4707,#4708,#4709);
#4707 = CARTESIAN_POINT('',(0.,0.,0.73));
#4708 = DIRECTION('',(0.,0.,1.));
#4709 = DIRECTION('',(1.,0.,-0.));
#4710 = ADVANCED_FACE('',(#4711),#4717,.T.);
#4711 = FACE_BOUND('',#4712,.T.);
#4712 = EDGE_LOOP('',(#4713,#4714,#4715,#4716));
#4713 = ORIENTED_EDGE('',*,*,#4570,.T.);
#4714 = ORIENTED_EDGE('',*,*,#4655,.T.);
#4715 = ORIENTED_EDGE('',*,*,#4530,.F.);
#4716 = ORIENTED_EDGE('',*,*,#4594,.F.);
#4717 = PLANE('',#4718);
#4718 = AXIS2_PLACEMENT_3D('',#4719,#4720,#4721);
#4719 = CARTESIAN_POINT('',(-7.9375,6.604,0.));
#4720 = DIRECTION('',(0.,1.,0.));
#4721 = DIRECTION('',(1.,0.,0.));
#4722 = ADVANCED_FACE('',(#4723),#4734,.F.);
#4723 = FACE_BOUND('',#4724,.T.);
#4724 = EDGE_LOOP('',(#4725,#4726,#4732,#4733));
#4725 = ORIENTED_EDGE('',*,*,#4603,.T.);
#4726 = ORIENTED_EDGE('',*,*,#4727,.T.);
#4727 = EDGE_CURVE('',#4604,#4665,#4728,.T.);
#4728 = LINE('',#4729,#4730);
#4729 = CARTESIAN_POINT('',(6.5405,-3.302,-4.6E-02));
#4730 = VECTOR('',#4731,1.);
#4731 = DIRECTION('',(0.,0.,1.));
#4732 = ORIENTED_EDGE('',*,*,#4664,.F.);
#4733 = ORIENTED_EDGE('',*,*,#4727,.F.);
#4734 = CYLINDRICAL_SURFACE('',#4735,0.508);
#4735 = AXIS2_PLACEMENT_3D('',#4736,#4737,#4738);
#4736 = CARTESIAN_POINT('',(6.5405,-2.794,-4.6E-02));
#4737 = DIRECTION('',(-0.,-0.,-1.));
#4738 = DIRECTION('',(-0.,-1.,0.));
#4739 = ADVANCED_FACE('',(#4740),#4751,.F.);
#4740 = FACE_BOUND('',#4741,.T.);
#4741 = EDGE_LOOP('',(#4742,#4743,#4749,#4750));
#4742 = ORIENTED_EDGE('',*,*,#4614,.T.);
#4743 = ORIENTED_EDGE('',*,*,#4744,.T.);
#4744 = EDGE_CURVE('',#4615,#4676,#4745,.T.);
#4745 = LINE('',#4746,#4747);
#4746 = CARTESIAN_POINT('',(6.5405,-0.762,-4.6E-02));
#4747 = VECTOR('',#4748,1.);
#4748 = DIRECTION('',(0.,0.,1.));
#4749 = ORIENTED_EDGE('',*,*,#4675,.F.);
#4750 = ORIENTED_EDGE('',*,*,#4744,.F.);
#4751 = CYLINDRICAL_SURFACE('',#4752,0.508);
#4752 = AXIS2_PLACEMENT_3D('',#4753,#4754,#4755);
#4753 = CARTESIAN_POINT('',(6.5405,-0.254,-4.6E-02));
#4754 = DIRECTION('',(-0.,-0.,-1.));
#4755 = DIRECTION('',(-0.,-1.,0.));
#4756 = ADVANCED_FACE('',(#4757),#4768,.F.);
#4757 = FACE_BOUND('',#4758,.T.);
#4758 = EDGE_LOOP('',(#4759,#4760,#4766,#4767));
#4759 = ORIENTED_EDGE('',*,*,#4625,.T.);
#4760 = ORIENTED_EDGE('',*,*,#4761,.T.);
#4761 = EDGE_CURVE('',#4626,#4687,#4762,.T.);
#4762 = LINE('',#4763,#4764);
#4763 = CARTESIAN_POINT('',(6.5405,1.778,-4.6E-02));
#4764 = VECTOR('',#4765,1.);
#4765 = DIRECTION('',(0.,0.,1.));
#4766 = ORIENTED_EDGE('',*,*,#4686,.F.);
#4767 = ORIENTED_EDGE('',*,*,#4761,.F.);
#4768 = CYLINDRICAL_SURFACE('',#4769,0.508);
#4769 = AXIS2_PLACEMENT_3D('',#4770,#4771,#4772);
#4770 = CARTESIAN_POINT('',(6.5405,2.286,-4.6E-02));
#4771 = DIRECTION('',(-0.,-0.,-1.));
#4772 = DIRECTION('',(-0.,-1.,0.));
#4773 = ADVANCED_FACE('',(#4774),#4785,.F.);
#4774 = FACE_BOUND('',#4775,.T.);
#4775 = EDGE_LOOP('',(#4776,#4777,#4783,#4784));
#4776 = ORIENTED_EDGE('',*,*,#4636,.T.);
#4777 = ORIENTED_EDGE('',*,*,#4778,.T.);
#4778 = EDGE_CURVE('',#4637,#4698,#4779,.T.);
#4779 = LINE('',#4780,#4781);
#4780 = CARTESIAN_POINT('',(6.5405,4.318,-4.6E-02));
#4781 = VECTOR('',#4782,1.);
#4782 = DIRECTION('',(0.,0.,1.));
#4783 = ORIENTED_EDGE('',*,*,#4697,.F.);
#4784 = ORIENTED_EDGE('',*,*,#4778,.F.);
#4785 = CYLINDRICAL_SURFACE('',#4786,0.508);
#4786 = AXIS2_PLACEMENT_3D('',#4787,#4788,#4789);
#4787 = CARTESIAN_POINT('',(6.5405,4.826,-4.6E-02));
#4788 = DIRECTION('',(-0.,-0.,-1.));
#4789 = DIRECTION('',(-0.,-1.,0.));
#4790 = ( GEOMETRIC_REPRESENTATION_CONTEXT(3) 
GLOBAL_UNCERTAINTY_ASSIGNED_CONTEXT((#4794)) 
GLOBAL_UNIT_ASSIGNED_CONTEXT((#4791,#4792,#4793)) REPRESENTATION_CONTEXT
('Context #1','3D Context with UNIT and UNCERTAINTY') );
#4791 = ( LENGTH_UNIT() NAMED_UNIT(*) SI_UNIT(.MILLI.,.METRE.) );
#4792 = ( NAMED_UNIT(*) PLANE_ANGLE_UNIT() SI_UNIT($,.RADIAN.) );
#4793 = ( NAMED_UNIT(*) SI_UNIT($,.STERADIAN.) SOLID_ANGLE_UNIT() );
#4794 = UNCERTAINTY_MEASURE_WITH_UNIT(LENGTH_MEASURE(1.E-07),#4791,
  'distance_accuracy_value','confusion accuracy');
#4795 = CONTEXT_DEPENDENT_SHAPE_REPRESENTATION(#4796,#4798);
#4796 = ( REPRESENTATION_RELATIONSHIP('','',#4483,#10) 
REPRESENTATION_RELATIONSHIP_WITH_TRANSFORMATION(#4797) 
SHAPE_REPRESENTATION_RELATIONSHIP() );
#4797 = ITEM_DEFINED_TRANSFORMATION('','',#11,#71);
#4798 = PRODUCT_DEFINITION_SHAPE('Placement','Placement of an item',
  #4799);
#4799 = NEXT_ASSEMBLY_USAGE_OCCURRENCE('20','=>[0:1:1:14]','',#5,#4478,$
  );
#4800 = PRODUCT_RELATED_PRODUCT_CATEGORY('part',$,(#4480));
#4801 = MECHANICAL_DESIGN_GEOMETRIC_PRESENTATION_REPRESENTATION('',(
    #4802,#4810,#4817,#4824,#4831,#4838,#4845,#4852,#4860,#4867,#4874,
    #4881,#4888,#4895,#4903,#4910,#4917,#4924,#4931,#4938,#4945,#4952,
    #4959,#4966,#4973,#4980),#2714);
#4802 = STYLED_ITEM('color',(#4803),#1926);
#4803 = PRESENTATION_STYLE_ASSIGNMENT((#4804));
#4804 = SURFACE_STYLE_USAGE(.BOTH.,#4805);
#4805 = SURFACE_SIDE_STYLE('',(#4806));
#4806 = SURFACE_STYLE_FILL_AREA(#4807);
#4807 = FILL_AREA_STYLE('',(#4808));
#4808 = FILL_AREA_STYLE_COLOUR('',#4809);
#4809 = COLOUR_RGB('',0.823999987314,0.819999987296,0.781000009244);
#4810 = STYLED_ITEM('color',(#4811),#1966);
#4811 = PRESENTATION_STYLE_ASSIGNMENT((#4812));
#4812 = SURFACE_STYLE_USAGE(.BOTH.,#4813);
#4813 = SURFACE_SIDE_STYLE('',(#4814));
#4814 = SURFACE_STYLE_FILL_AREA(#4815);
#4815 = FILL_AREA_STYLE('',(#4816));
#4816 = FILL_AREA_STYLE_COLOUR('',#4809);
#4817 = STYLED_ITEM('color',(#4818),#2049);
#4818 = PRESENTATION_STYLE_ASSIGNMENT((#4819));
#4819 = SURFACE_STYLE_USAGE(.BOTH.,#4820);
#4820 = SURFACE_SIDE_STYLE('',(#4821));
#4821 = SURFACE_STYLE_FILL_AREA(#4822);
#4822 = FILL_AREA_STYLE('',(#4823));
#4823 = FILL_AREA_STYLE_COLOUR('',#4809);
#4824 = STYLED_ITEM('color',(#4825),#2074);
#4825 = PRESENTATION_STYLE_ASSIGNMENT((#4826));
#4826 = SURFACE_STYLE_USAGE(.BOTH.,#4827);
#4827 = SURFACE_SIDE_STYLE('',(#4828));
#4828 = SURFACE_STYLE_FILL_AREA(#4829);
#4829 = FILL_AREA_STYLE('',(#4830));
#4830 = FILL_AREA_STYLE_COLOUR('',#4809);
#4831 = STYLED_ITEM('color',(#4832),#2099);
#4832 = PRESENTATION_STYLE_ASSIGNMENT((#4833));
#4833 = SURFACE_STYLE_USAGE(.BOTH.,#4834);
#4834 = SURFACE_SIDE_STYLE('',(#4835));
#4835 = SURFACE_STYLE_FILL_AREA(#4836);
#4836 = FILL_AREA_STYLE('',(#4837));
#4837 = FILL_AREA_STYLE_COLOUR('',#4809);
#4838 = STYLED_ITEM('color',(#4839),#2166);
#4839 = PRESENTATION_STYLE_ASSIGNMENT((#4840));
#4840 = SURFACE_STYLE_USAGE(.BOTH.,#4841);
#4841 = SURFACE_SIDE_STYLE('',(#4842));
#4842 = SURFACE_STYLE_FILL_AREA(#4843);
#4843 = FILL_AREA_STYLE('',(#4844));
#4844 = FILL_AREA_STYLE_COLOUR('',#4809);
#4845 = STYLED_ITEM('color',(#4846),#2183);
#4846 = PRESENTATION_STYLE_ASSIGNMENT((#4847));
#4847 = SURFACE_STYLE_USAGE(.BOTH.,#4848);
#4848 = SURFACE_SIDE_STYLE('',(#4849));
#4849 = SURFACE_STYLE_FILL_AREA(#4850);
#4850 = FILL_AREA_STYLE('',(#4851));
#4851 = FILL_AREA_STYLE_COLOUR('',#4809);
#4852 = STYLED_ITEM('color',(#4853),#2200);
#4853 = PRESENTATION_STYLE_ASSIGNMENT((#4854));
#4854 = SURFACE_STYLE_USAGE(.BOTH.,#4855);
#4855 = SURFACE_SIDE_STYLE('',(#4856));
#4856 = SURFACE_STYLE_FILL_AREA(#4857);
#4857 = FILL_AREA_STYLE('',(#4858));
#4858 = FILL_AREA_STYLE_COLOUR('',#4859);
#4859 = COLOUR_RGB('',0.894999966383,0.890999961016,0.813000030345);
#4860 = STYLED_ITEM('color',(#4861),#2249);
#4861 = PRESENTATION_STYLE_ASSIGNMENT((#4862));
#4862 = SURFACE_STYLE_USAGE(.BOTH.,#4863);
#4863 = SURFACE_SIDE_STYLE('',(#4864));
#4864 = SURFACE_STYLE_FILL_AREA(#4865);
#4865 = FILL_AREA_STYLE('',(#4866));
#4866 = FILL_AREA_STYLE_COLOUR('',#4809);
#4867 = STYLED_ITEM('color',(#4868),#2266);
#4868 = PRESENTATION_STYLE_ASSIGNMENT((#4869));
#4869 = SURFACE_STYLE_USAGE(.BOTH.,#4870);
#4870 = SURFACE_SIDE_STYLE('',(#4871));
#4871 = SURFACE_STYLE_FILL_AREA(#4872);
#4872 = FILL_AREA_STYLE('',(#4873));
#4873 = FILL_AREA_STYLE_COLOUR('',#4809);
#4874 = STYLED_ITEM('color',(#4875),#2283);
#4875 = PRESENTATION_STYLE_ASSIGNMENT((#4876));
#4876 = SURFACE_STYLE_USAGE(.BOTH.,#4877);
#4877 = SURFACE_SIDE_STYLE('',(#4878));
#4878 = SURFACE_STYLE_FILL_AREA(#4879);
#4879 = FILL_AREA_STYLE('',(#4880));
#4880 = FILL_AREA_STYLE_COLOUR('',#4859);
#4881 = STYLED_ITEM('color',(#4882),#2332);
#4882 = PRESENTATION_STYLE_ASSIGNMENT((#4883));
#4883 = SURFACE_STYLE_USAGE(.BOTH.,#4884);
#4884 = SURFACE_SIDE_STYLE('',(#4885));
#4885 = SURFACE_STYLE_FILL_AREA(#4886);
#4886 = FILL_AREA_STYLE('',(#4887));
#4887 = FILL_AREA_STYLE_COLOUR('',#4859);
#4888 = STYLED_ITEM('color',(#4889),#2349);
#4889 = PRESENTATION_STYLE_ASSIGNMENT((#4890));
#4890 = SURFACE_STYLE_USAGE(.BOTH.,#4891);
#4891 = SURFACE_SIDE_STYLE('',(#4892));
#4892 = SURFACE_STYLE_FILL_AREA(#4893);
#4893 = FILL_AREA_STYLE('',(#4894));
#4894 = FILL_AREA_STYLE_COLOUR('',#4809);
#4895 = STYLED_ITEM('color',(#4896),#2418);
#4896 = PRESENTATION_STYLE_ASSIGNMENT((#4897));
#4897 = SURFACE_STYLE_USAGE(.BOTH.,#4898);
#4898 = SURFACE_SIDE_STYLE('',(#4899));
#4899 = SURFACE_STYLE_FILL_AREA(#4900);
#4900 = FILL_AREA_STYLE('',(#4901));
#4901 = FILL_AREA_STYLE_COLOUR('',#4902);
#4902 = COLOUR_RGB('',8.200000279077E-02,8.600000121357E-02,
  9.399999706163E-02);
#4903 = STYLED_ITEM('color',(#4904),#2449);
#4904 = PRESENTATION_STYLE_ASSIGNMENT((#4905));
#4905 = SURFACE_STYLE_USAGE(.BOTH.,#4906);
#4906 = SURFACE_SIDE_STYLE('',(#4907));
#4907 = SURFACE_STYLE_FILL_AREA(#4908);
#4908 = FILL_AREA_STYLE('',(#4909));
#4909 = FILL_AREA_STYLE_COLOUR('',#4902);
#4910 = STYLED_ITEM('color',(#4911),#2473);
#4911 = PRESENTATION_STYLE_ASSIGNMENT((#4912));
#4912 = SURFACE_STYLE_USAGE(.BOTH.,#4913);
#4913 = SURFACE_SIDE_STYLE('',(#4914));
#4914 = SURFACE_STYLE_FILL_AREA(#4915);
#4915 = FILL_AREA_STYLE('',(#4916));
#4916 = FILL_AREA_STYLE_COLOUR('',#4809);
#4917 = STYLED_ITEM('color',(#4918),#2542);
#4918 = PRESENTATION_STYLE_ASSIGNMENT((#4919));
#4919 = SURFACE_STYLE_USAGE(.BOTH.,#4920);
#4920 = SURFACE_SIDE_STYLE('',(#4921));
#4921 = SURFACE_STYLE_FILL_AREA(#4922);
#4922 = FILL_AREA_STYLE('',(#4923));
#4923 = FILL_AREA_STYLE_COLOUR('',#4902);
#4924 = STYLED_ITEM('color',(#4925),#2566);
#4925 = PRESENTATION_STYLE_ASSIGNMENT((#4926));
#4926 = SURFACE_STYLE_USAGE(.BOTH.,#4927);
#4927 = SURFACE_SIDE_STYLE('',(#4928));
#4928 = SURFACE_STYLE_FILL_AREA(#4929);
#4929 = FILL_AREA_STYLE('',(#4930));
#4930 = FILL_AREA_STYLE_COLOUR('',#4809);
#4931 = STYLED_ITEM('color',(#4932),#2583);
#4932 = PRESENTATION_STYLE_ASSIGNMENT((#4933));
#4933 = SURFACE_STYLE_USAGE(.BOTH.,#4934);
#4934 = SURFACE_SIDE_STYLE('',(#4935));
#4935 = SURFACE_STYLE_FILL_AREA(#4936);
#4936 = FILL_AREA_STYLE('',(#4937));
#4937 = FILL_AREA_STYLE_COLOUR('',#4809);
#4938 = STYLED_ITEM('color',(#4939),#2600);
#4939 = PRESENTATION_STYLE_ASSIGNMENT((#4940));
#4940 = SURFACE_STYLE_USAGE(.BOTH.,#4941);
#4941 = SURFACE_SIDE_STYLE('',(#4942));
#4942 = SURFACE_STYLE_FILL_AREA(#4943);
#4943 = FILL_AREA_STYLE('',(#4944));
#4944 = FILL_AREA_STYLE_COLOUR('',#4809);
#4945 = STYLED_ITEM('color',(#4946),#2617);
#4946 = PRESENTATION_STYLE_ASSIGNMENT((#4947));
#4947 = SURFACE_STYLE_USAGE(.BOTH.,#4948);
#4948 = SURFACE_SIDE_STYLE('',(#4949));
#4949 = SURFACE_STYLE_FILL_AREA(#4950);
#4950 = FILL_AREA_STYLE('',(#4951));
#4951 = FILL_AREA_STYLE_COLOUR('',#4809);
#4952 = STYLED_ITEM('color',(#4953),#2634);
#4953 = PRESENTATION_STYLE_ASSIGNMENT((#4954));
#4954 = SURFACE_STYLE_USAGE(.BOTH.,#4955);
#4955 = SURFACE_SIDE_STYLE('',(#4956));
#4956 = SURFACE_STYLE_FILL_AREA(#4957);
#4957 = FILL_AREA_STYLE('',(#4958));
#4958 = FILL_AREA_STYLE_COLOUR('',#4809);
#4959 = STYLED_ITEM('color',(#4960),#2651);
#4960 = PRESENTATION_STYLE_ASSIGNMENT((#4961));
#4961 = SURFACE_STYLE_USAGE(.BOTH.,#4962);
#4962 = SURFACE_SIDE_STYLE('',(#4963));
#4963 = SURFACE_STYLE_FILL_AREA(#4964);
#4964 = FILL_AREA_STYLE('',(#4965));
#4965 = FILL_AREA_STYLE_COLOUR('',#4809);
#4966 = STYLED_ITEM('color',(#4967),#2668);
#4967 = PRESENTATION_STYLE_ASSIGNMENT((#4968));
#4968 = SURFACE_STYLE_USAGE(.BOTH.,#4969);
#4969 = SURFACE_SIDE_STYLE('',(#4970));
#4970 = SURFACE_STYLE_FILL_AREA(#4971);
#4971 = FILL_AREA_STYLE('',(#4972));
#4972 = FILL_AREA_STYLE_COLOUR('',#4809);
#4973 = STYLED_ITEM('color',(#4974),#2685);
#4974 = PRESENTATION_STYLE_ASSIGNMENT((#4975));
#4975 = SURFACE_STYLE_USAGE(.BOTH.,#4976);
#4976 = SURFACE_SIDE_STYLE('',(#4977));
#4977 = SURFACE_STYLE_FILL_AREA(#4978);
#4978 = FILL_AREA_STYLE('',(#4979));
#4979 = FILL_AREA_STYLE_COLOUR('',#4902);
#4980 = STYLED_ITEM('color',(#4981),#2702);
#4981 = PRESENTATION_STYLE_ASSIGNMENT((#4982));
#4982 = SURFACE_STYLE_USAGE(.BOTH.,#4983);
#4983 = SURFACE_SIDE_STYLE('',(#4984));
#4984 = SURFACE_STYLE_FILL_AREA(#4985);
#4985 = FILL_AREA_STYLE('',(#4986));
#4986 = FILL_AREA_STYLE_COLOUR('',#4902);
#4987 = MECHANICAL_DESIGN_GEOMETRIC_PRESENTATION_REPRESENTATION('',(
    #4988,#4995,#5002,#5009,#5016,#5023,#5030,#5037,#5044,#5051,#5058,
    #5066,#5073,#5080,#5087,#5094,#5101,#5108,#5115,#5122,#5129,#5136,
    #5143,#5150,#5157,#5164,#5171,#5178),#966);
#4988 = STYLED_ITEM('color',(#4989),#114);
#4989 = PRESENTATION_STYLE_ASSIGNMENT((#4990));
#4990 = SURFACE_STYLE_USAGE(.BOTH.,#4991);
#4991 = SURFACE_SIDE_STYLE('',(#4992));
#4992 = SURFACE_STYLE_FILL_AREA(#4993);
#4993 = FILL_AREA_STYLE('',(#4994));
#4994 = FILL_AREA_STYLE_COLOUR('',#4809);
#4995 = STYLED_ITEM('color',(#4996),#190);
#4996 = PRESENTATION_STYLE_ASSIGNMENT((#4997));
#4997 = SURFACE_STYLE_USAGE(.BOTH.,#4998);
#4998 = SURFACE_SIDE_STYLE('',(#4999));
#4999 = SURFACE_STYLE_FILL_AREA(#5000);
#5000 = FILL_AREA_STYLE('',(#5001));
#5001 = FILL_AREA_STYLE_COLOUR('',#4809);
#5002 = STYLED_ITEM('color',(#5003),#221);
#5003 = PRESENTATION_STYLE_ASSIGNMENT((#5004));
#5004 = SURFACE_STYLE_USAGE(.BOTH.,#5005);
#5005 = SURFACE_SIDE_STYLE('',(#5006));
#5006 = SURFACE_STYLE_FILL_AREA(#5007);
#5007 = FILL_AREA_STYLE('',(#5008));
#5008 = FILL_AREA_STYLE_COLOUR('',#4809);
#5009 = STYLED_ITEM('color',(#5010),#246);
#5010 = PRESENTATION_STYLE_ASSIGNMENT((#5011));
#5011 = SURFACE_STYLE_USAGE(.BOTH.,#5012);
#5012 = SURFACE_SIDE_STYLE('',(#5013));
#5013 = SURFACE_STYLE_FILL_AREA(#5014);
#5014 = FILL_AREA_STYLE('',(#5015));
#5015 = FILL_AREA_STYLE_COLOUR('',#4809);
#5016 = STYLED_ITEM('color',(#5017),#271);
#5017 = PRESENTATION_STYLE_ASSIGNMENT((#5018));
#5018 = SURFACE_STYLE_USAGE(.BOTH.,#5019);
#5019 = SURFACE_SIDE_STYLE('',(#5020));
#5020 = SURFACE_STYLE_FILL_AREA(#5021);
#5021 = FILL_AREA_STYLE('',(#5022));
#5022 = FILL_AREA_STYLE_COLOUR('',#4809);
#5023 = STYLED_ITEM('color',(#5024),#295);
#5024 = PRESENTATION_STYLE_ASSIGNMENT((#5025));
#5025 = SURFACE_STYLE_USAGE(.BOTH.,#5026);
#5026 = SURFACE_SIDE_STYLE('',(#5027));
#5027 = SURFACE_STYLE_FILL_AREA(#5028);
#5028 = FILL_AREA_STYLE('',(#5029));
#5029 = FILL_AREA_STYLE_COLOUR('',#4809);
#5030 = STYLED_ITEM('color',(#5031),#319);
#5031 = PRESENTATION_STYLE_ASSIGNMENT((#5032));
#5032 = SURFACE_STYLE_USAGE(.BOTH.,#5033);
#5033 = SURFACE_SIDE_STYLE('',(#5034));
#5034 = SURFACE_STYLE_FILL_AREA(#5035);
#5035 = FILL_AREA_STYLE('',(#5036));
#5036 = FILL_AREA_STYLE_COLOUR('',#4809);
#5037 = STYLED_ITEM('color',(#5038),#344);
#5038 = PRESENTATION_STYLE_ASSIGNMENT((#5039));
#5039 = SURFACE_STYLE_USAGE(.BOTH.,#5040);
#5040 = SURFACE_SIDE_STYLE('',(#5041));
#5041 = SURFACE_STYLE_FILL_AREA(#5042);
#5042 = FILL_AREA_STYLE('',(#5043));
#5043 = FILL_AREA_STYLE_COLOUR('',#4809);
#5044 = STYLED_ITEM('color',(#5045),#369);
#5045 = PRESENTATION_STYLE_ASSIGNMENT((#5046));
#5046 = SURFACE_STYLE_USAGE(.BOTH.,#5047);
#5047 = SURFACE_SIDE_STYLE('',(#5048));
#5048 = SURFACE_STYLE_FILL_AREA(#5049);
#5049 = FILL_AREA_STYLE('',(#5050));
#5050 = FILL_AREA_STYLE_COLOUR('',#4809);
#5051 = STYLED_ITEM('color',(#5052),#386);
#5052 = PRESENTATION_STYLE_ASSIGNMENT((#5053));
#5053 = SURFACE_STYLE_USAGE(.BOTH.,#5054);
#5054 = SURFACE_SIDE_STYLE('',(#5055));
#5055 = SURFACE_STYLE_FILL_AREA(#5056);
#5056 = FILL_AREA_STYLE('',(#5057));
#5057 = FILL_AREA_STYLE_COLOUR('',#4809);
#5058 = STYLED_ITEM('color',(#5059),#472);
#5059 = PRESENTATION_STYLE_ASSIGNMENT((#5060));
#5060 = SURFACE_STYLE_USAGE(.BOTH.,#5061);
#5061 = SURFACE_SIDE_STYLE('',(#5062));
#5062 = SURFACE_STYLE_FILL_AREA(#5063);
#5063 = FILL_AREA_STYLE('',(#5064));
#5064 = FILL_AREA_STYLE_COLOUR('',#5065);
#5065 = COLOUR_RGB('',0.379000005575,0.270000008848,0.214999999939);
#5066 = STYLED_ITEM('color',(#5067),#504);
#5067 = PRESENTATION_STYLE_ASSIGNMENT((#5068));
#5068 = SURFACE_STYLE_USAGE(.BOTH.,#5069);
#5069 = SURFACE_SIDE_STYLE('',(#5070));
#5070 = SURFACE_STYLE_FILL_AREA(#5071);
#5071 = FILL_AREA_STYLE('',(#5072));
#5072 = FILL_AREA_STYLE_COLOUR('',#5065);
#5073 = STYLED_ITEM('color',(#5074),#528);
#5074 = PRESENTATION_STYLE_ASSIGNMENT((#5075));
#5075 = SURFACE_STYLE_USAGE(.BOTH.,#5076);
#5076 = SURFACE_SIDE_STYLE('',(#5077));
#5077 = SURFACE_STYLE_FILL_AREA(#5078);
#5078 = FILL_AREA_STYLE('',(#5079));
#5079 = FILL_AREA_STYLE_COLOUR('',#5065);
#5080 = STYLED_ITEM('color',(#5081),#553);
#5081 = PRESENTATION_STYLE_ASSIGNMENT((#5082));
#5082 = SURFACE_STYLE_USAGE(.BOTH.,#5083);
#5083 = SURFACE_SIDE_STYLE('',(#5084));
#5084 = SURFACE_STYLE_FILL_AREA(#5085);
#5085 = FILL_AREA_STYLE('',(#5086));
#5086 = FILL_AREA_STYLE_COLOUR('',#5065);
#5087 = STYLED_ITEM('color',(#5088),#577);
#5088 = PRESENTATION_STYLE_ASSIGNMENT((#5089));
#5089 = SURFACE_STYLE_USAGE(.BOTH.,#5090);
#5090 = SURFACE_SIDE_STYLE('',(#5091));
#5091 = SURFACE_STYLE_FILL_AREA(#5092);
#5092 = FILL_AREA_STYLE('',(#5093));
#5093 = FILL_AREA_STYLE_COLOUR('',#5065);
#5094 = STYLED_ITEM('color',(#5095),#602);
#5095 = PRESENTATION_STYLE_ASSIGNMENT((#5096));
#5096 = SURFACE_STYLE_USAGE(.BOTH.,#5097);
#5097 = SURFACE_SIDE_STYLE('',(#5098));
#5098 = SURFACE_STYLE_FILL_AREA(#5099);
#5099 = FILL_AREA_STYLE('',(#5100));
#5100 = FILL_AREA_STYLE_COLOUR('',#5065);
#5101 = STYLED_ITEM('color',(#5102),#626);
#5102 = PRESENTATION_STYLE_ASSIGNMENT((#5103));
#5103 = SURFACE_STYLE_USAGE(.BOTH.,#5104);
#5104 = SURFACE_SIDE_STYLE('',(#5105));
#5105 = SURFACE_STYLE_FILL_AREA(#5106);
#5106 = FILL_AREA_STYLE('',(#5107));
#5107 = FILL_AREA_STYLE_COLOUR('',#5065);
#5108 = STYLED_ITEM('color',(#5109),#651);
#5109 = PRESENTATION_STYLE_ASSIGNMENT((#5110));
#5110 = SURFACE_STYLE_USAGE(.BOTH.,#5111);
#5111 = SURFACE_SIDE_STYLE('',(#5112));
#5112 = SURFACE_STYLE_FILL_AREA(#5113);
#5113 = FILL_AREA_STYLE('',(#5114));
#5114 = FILL_AREA_STYLE_COLOUR('',#5065);
#5115 = STYLED_ITEM('color',(#5116),#668);
#5116 = PRESENTATION_STYLE_ASSIGNMENT((#5117));
#5117 = SURFACE_STYLE_USAGE(.BOTH.,#5118);
#5118 = SURFACE_SIDE_STYLE('',(#5119));
#5119 = SURFACE_STYLE_FILL_AREA(#5120);
#5120 = FILL_AREA_STYLE('',(#5121));
#5121 = FILL_AREA_STYLE_COLOUR('',#4809);
#5122 = STYLED_ITEM('color',(#5123),#754);
#5123 = PRESENTATION_STYLE_ASSIGNMENT((#5124));
#5124 = SURFACE_STYLE_USAGE(.BOTH.,#5125);
#5125 = SURFACE_SIDE_STYLE('',(#5126));
#5126 = SURFACE_STYLE_FILL_AREA(#5127);
#5127 = FILL_AREA_STYLE('',(#5128));
#5128 = FILL_AREA_STYLE_COLOUR('',#4809);
#5129 = STYLED_ITEM('color',(#5130),#785);
#5130 = PRESENTATION_STYLE_ASSIGNMENT((#5131));
#5131 = SURFACE_STYLE_USAGE(.BOTH.,#5132);
#5132 = SURFACE_SIDE_STYLE('',(#5133));
#5133 = SURFACE_STYLE_FILL_AREA(#5134);
#5134 = FILL_AREA_STYLE('',(#5135));
#5135 = FILL_AREA_STYLE_COLOUR('',#4809);
#5136 = STYLED_ITEM('color',(#5137),#810);
#5137 = PRESENTATION_STYLE_ASSIGNMENT((#5138));
#5138 = SURFACE_STYLE_USAGE(.BOTH.,#5139);
#5139 = SURFACE_SIDE_STYLE('',(#5140));
#5140 = SURFACE_STYLE_FILL_AREA(#5141);
#5141 = FILL_AREA_STYLE('',(#5142));
#5142 = FILL_AREA_STYLE_COLOUR('',#4809);
#5143 = STYLED_ITEM('color',(#5144),#835);
#5144 = PRESENTATION_STYLE_ASSIGNMENT((#5145));
#5145 = SURFACE_STYLE_USAGE(.BOTH.,#5146);
#5146 = SURFACE_SIDE_STYLE('',(#5147));
#5147 = SURFACE_STYLE_FILL_AREA(#5148);
#5148 = FILL_AREA_STYLE('',(#5149));
#5149 = FILL_AREA_STYLE_COLOUR('',#4809);
#5150 = STYLED_ITEM('color',(#5151),#859);
#5151 = PRESENTATION_STYLE_ASSIGNMENT((#5152));
#5152 = SURFACE_STYLE_USAGE(.BOTH.,#5153);
#5153 = SURFACE_SIDE_STYLE('',(#5154));
#5154 = SURFACE_STYLE_FILL_AREA(#5155);
#5155 = FILL_AREA_STYLE('',(#5156));
#5156 = FILL_AREA_STYLE_COLOUR('',#4809);
#5157 = STYLED_ITEM('color',(#5158),#883);
#5158 = PRESENTATION_STYLE_ASSIGNMENT((#5159));
#5159 = SURFACE_STYLE_USAGE(.BOTH.,#5160);
#5160 = SURFACE_SIDE_STYLE('',(#5161));
#5161 = SURFACE_STYLE_FILL_AREA(#5162);
#5162 = FILL_AREA_STYLE('',(#5163));
#5163 = FILL_AREA_STYLE_COLOUR('',#4809);
#5164 = STYLED_ITEM('color',(#5165),#908);
#5165 = PRESENTATION_STYLE_ASSIGNMENT((#5166));
#5166 = SURFACE_STYLE_USAGE(.BOTH.,#5167);
#5167 = SURFACE_SIDE_STYLE('',(#5168));
#5168 = SURFACE_STYLE_FILL_AREA(#5169);
#5169 = FILL_AREA_STYLE('',(#5170));
#5170 = FILL_AREA_STYLE_COLOUR('',#4809);
#5171 = STYLED_ITEM('color',(#5172),#933);
#5172 = PRESENTATION_STYLE_ASSIGNMENT((#5173));
#5173 = SURFACE_STYLE_USAGE(.BOTH.,#5174);
#5174 = SURFACE_SIDE_STYLE('',(#5175));
#5175 = SURFACE_STYLE_FILL_AREA(#5176);
#5176 = FILL_AREA_STYLE('',(#5177));
#5177 = FILL_AREA_STYLE_COLOUR('',#4809);
#5178 = STYLED_ITEM('color',(#5179),#950);
#5179 = PRESENTATION_STYLE_ASSIGNMENT((#5180));
#5180 = SURFACE_STYLE_USAGE(.BOTH.,#5181);
#5181 = SURFACE_SIDE_STYLE('',(#5182));
#5182 = SURFACE_STYLE_FILL_AREA(#5183);
#5183 = FILL_AREA_STYLE('',(#5184));
#5184 = FILL_AREA_STYLE_COLOUR('',#4809);
#5185 = MECHANICAL_DESIGN_GEOMETRIC_PRESENTATION_REPRESENTATION('',(
    #5186),#4790);
#5186 = STYLED_ITEM('color',(#5187),#4484);
#5187 = PRESENTATION_STYLE_ASSIGNMENT((#5188));
#5188 = SURFACE_STYLE_USAGE(.BOTH.,#5189);
#5189 = SURFACE_SIDE_STYLE('',(#5190,#5194));
#5190 = SURFACE_STYLE_FILL_AREA(#5191);
#5191 = FILL_AREA_STYLE('',(#5192));
#5192 = FILL_AREA_STYLE_COLOUR('',#5193);
#5193 = COLOUR_RGB('',0.679975718802,0.701410709185,0.574871009914);
#5194 = SURFACE_STYLE_RENDERING_WITH_PROPERTIES(.NORMAL_SHADING.,#5193,(
    #5195));
#5195 = SURFACE_STYLE_TRANSPARENT(1.999998092651E-02);
#5196 = MECHANICAL_DESIGN_GEOMETRIC_PRESENTATION_REPRESENTATION('',(
    #5197),#4465);
#5197 = STYLED_ITEM('color',(#5198),#4381);
#5198 = PRESENTATION_STYLE_ASSIGNMENT((#5199));
#5199 = SURFACE_STYLE_USAGE(.BOTH.,#5200);
#5200 = SURFACE_SIDE_STYLE('',(#5201,#5205));
#5201 = SURFACE_STYLE_FILL_AREA(#5202);
#5202 = FILL_AREA_STYLE('',(#5203));
#5203 = FILL_AREA_STYLE_COLOUR('',#5204);
#5204 = COLOUR_RGB('',0.778388722362,0.270808355515,0.284682305191);
#5205 = SURFACE_STYLE_RENDERING_WITH_PROPERTIES(.NORMAL_SHADING.,#5204,(
    #5206));
#5206 = SURFACE_STYLE_TRANSPARENT(0.170000016689);
#5207 = MECHANICAL_DESIGN_GEOMETRIC_PRESENTATION_REPRESENTATION('',(
    #5208,#5218,#5227,#5236,#5245,#5254,#5263,#5272,#5281,#5290,#5299,
    #5309,#5318,#5327,#5336,#5345,#5354,#5363,#5372,#5381,#5390,#5399,
    #5408,#5417),#4255);
#5208 = STYLED_ITEM('color',(#5209),#3361);
#5209 = PRESENTATION_STYLE_ASSIGNMENT((#5210,#5216));
#5210 = SURFACE_STYLE_USAGE(.BOTH.,#5211);
#5211 = SURFACE_SIDE_STYLE('',(#5212));
#5212 = SURFACE_STYLE_FILL_AREA(#5213);
#5213 = FILL_AREA_STYLE('',(#5214));
#5214 = FILL_AREA_STYLE_COLOUR('',#5215);
#5215 = COLOUR_RGB('',0.147999998088,0.145000001626,0.145000001626);
#5216 = CURVE_STYLE('',#5217,POSITIVE_LENGTH_MEASURE(0.1),#5215);
#5217 = DRAUGHTING_PRE_DEFINED_CURVE_FONT('continuous');
#5218 = STYLED_ITEM('color',(#5219),#3529);
#5219 = PRESENTATION_STYLE_ASSIGNMENT((#5220,#5225));
#5220 = SURFACE_STYLE_USAGE(.BOTH.,#5221);
#5221 = SURFACE_SIDE_STYLE('',(#5222));
#5222 = SURFACE_STYLE_FILL_AREA(#5223);
#5223 = FILL_AREA_STYLE('',(#5224));
#5224 = FILL_AREA_STYLE_COLOUR('',#5215);
#5225 = CURVE_STYLE('',#5226,POSITIVE_LENGTH_MEASURE(0.1),#5215);
#5226 = DRAUGHTING_PRE_DEFINED_CURVE_FONT('continuous');
#5227 = STYLED_ITEM('color',(#5228),#3571);
#5228 = PRESENTATION_STYLE_ASSIGNMENT((#5229,#5234));
#5229 = SURFACE_STYLE_USAGE(.BOTH.,#5230);
#5230 = SURFACE_SIDE_STYLE('',(#5231));
#5231 = SURFACE_STYLE_FILL_AREA(#5232);
#5232 = FILL_AREA_STYLE('',(#5233));
#5233 = FILL_AREA_STYLE_COLOUR('',#5215);
#5234 = CURVE_STYLE('',#5235,POSITIVE_LENGTH_MEASURE(0.1),#5215);
#5235 = DRAUGHTING_PRE_DEFINED_CURVE_FONT('continuous');
#5236 = STYLED_ITEM('color',(#5237),#3595);
#5237 = PRESENTATION_STYLE_ASSIGNMENT((#5238,#5243));
#5238 = SURFACE_STYLE_USAGE(.BOTH.,#5239);
#5239 = SURFACE_SIDE_STYLE('',(#5240));
#5240 = SURFACE_STYLE_FILL_AREA(#5241);
#5241 = FILL_AREA_STYLE('',(#5242));
#5242 = FILL_AREA_STYLE_COLOUR('',#5215);
#5243 = CURVE_STYLE('',#5244,POSITIVE_LENGTH_MEASURE(0.1),#5215);
#5244 = DRAUGHTING_PRE_DEFINED_CURVE_FONT('continuous');
#5245 = STYLED_ITEM('color',(#5246),#3881);
#5246 = PRESENTATION_STYLE_ASSIGNMENT((#5247,#5252));
#5247 = SURFACE_STYLE_USAGE(.BOTH.,#5248);
#5248 = SURFACE_SIDE_STYLE('',(#5249));
#5249 = SURFACE_STYLE_FILL_AREA(#5250);
#5250 = FILL_AREA_STYLE('',(#5251));
#5251 = FILL_AREA_STYLE_COLOUR('',#4809);
#5252 = CURVE_STYLE('',#5253,POSITIVE_LENGTH_MEASURE(0.1),#4809);
#5253 = DRAUGHTING_PRE_DEFINED_CURVE_FONT('continuous');
#5254 = STYLED_ITEM('color',(#5255),#3898);
#5255 = PRESENTATION_STYLE_ASSIGNMENT((#5256,#5261));
#5256 = SURFACE_STYLE_USAGE(.BOTH.,#5257);
#5257 = SURFACE_SIDE_STYLE('',(#5258));
#5258 = SURFACE_STYLE_FILL_AREA(#5259);
#5259 = FILL_AREA_STYLE('',(#5260));
#5260 = FILL_AREA_STYLE_COLOUR('',#4809);
#5261 = CURVE_STYLE('',#5262,POSITIVE_LENGTH_MEASURE(0.1),#4809);
#5262 = DRAUGHTING_PRE_DEFINED_CURVE_FONT('continuous');
#5263 = STYLED_ITEM('color',(#5264),#3915);
#5264 = PRESENTATION_STYLE_ASSIGNMENT((#5265,#5270));
#5265 = SURFACE_STYLE_USAGE(.BOTH.,#5266);
#5266 = SURFACE_SIDE_STYLE('',(#5267));
#5267 = SURFACE_STYLE_FILL_AREA(#5268);
#5268 = FILL_AREA_STYLE('',(#5269));
#5269 = FILL_AREA_STYLE_COLOUR('',#4809);
#5270 = CURVE_STYLE('',#5271,POSITIVE_LENGTH_MEASURE(0.1),#4809);
#5271 = DRAUGHTING_PRE_DEFINED_CURVE_FONT('continuous');
#5272 = STYLED_ITEM('color',(#5273),#3932);
#5273 = PRESENTATION_STYLE_ASSIGNMENT((#5274,#5279));
#5274 = SURFACE_STYLE_USAGE(.BOTH.,#5275);
#5275 = SURFACE_SIDE_STYLE('',(#5276));
#5276 = SURFACE_STYLE_FILL_AREA(#5277);
#5277 = FILL_AREA_STYLE('',(#5278));
#5278 = FILL_AREA_STYLE_COLOUR('',#4809);
#5279 = CURVE_STYLE('',#5280,POSITIVE_LENGTH_MEASURE(0.1),#4809);
#5280 = DRAUGHTING_PRE_DEFINED_CURVE_FONT('continuous');
#5281 = STYLED_ITEM('color',(#5282),#3949);
#5282 = PRESENTATION_STYLE_ASSIGNMENT((#5283,#5288));
#5283 = SURFACE_STYLE_USAGE(.BOTH.,#5284);
#5284 = SURFACE_SIDE_STYLE('',(#5285));
#5285 = SURFACE_STYLE_FILL_AREA(#5286);
#5286 = FILL_AREA_STYLE('',(#5287));
#5287 = FILL_AREA_STYLE_COLOUR('',#5215);
#5288 = CURVE_STYLE('',#5289,POSITIVE_LENGTH_MEASURE(0.1),#5215);
#5289 = DRAUGHTING_PRE_DEFINED_CURVE_FONT('continuous');
#5290 = STYLED_ITEM('color',(#5291),#3966);
#5291 = PRESENTATION_STYLE_ASSIGNMENT((#5292,#5297));
#5292 = SURFACE_STYLE_USAGE(.BOTH.,#5293);
#5293 = SURFACE_SIDE_STYLE('',(#5294));
#5294 = SURFACE_STYLE_FILL_AREA(#5295);
#5295 = FILL_AREA_STYLE('',(#5296));
#5296 = FILL_AREA_STYLE_COLOUR('',#5215);
#5297 = CURVE_STYLE('',#5298,POSITIVE_LENGTH_MEASURE(0.1),#5215);
#5298 = DRAUGHTING_PRE_DEFINED_CURVE_FONT('continuous');
#5299 = STYLED_ITEM('color',(#5300),#4070);
#5300 = PRESENTATION_STYLE_ASSIGNMENT((#5301,#5307));
#5301 = SURFACE_STYLE_USAGE(.BOTH.,#5302);
#5302 = SURFACE_SIDE_STYLE('',(#5303));
#5303 = SURFACE_STYLE_FILL_AREA(#5304);
#5304 = FILL_AREA_STYLE('',(#5305));
#5305 = FILL_AREA_STYLE_COLOUR('',#5306);
#5306 = COLOUR_RGB('',0.690999998585,0.664000007176,0.597999987832);
#5307 = CURVE_STYLE('',#5308,POSITIVE_LENGTH_MEASURE(0.1),#5306);
#5308 = DRAUGHTING_PRE_DEFINED_CURVE_FONT('continuous');
#5309 = STYLED_ITEM('color',(#5310),#4079);
#5310 = PRESENTATION_STYLE_ASSIGNMENT((#5311,#5316));
#5311 = SURFACE_STYLE_USAGE(.BOTH.,#5312);
#5312 = SURFACE_SIDE_STYLE('',(#5313));
#5313 = SURFACE_STYLE_FILL_AREA(#5314);
#5314 = FILL_AREA_STYLE('',(#5315));
#5315 = FILL_AREA_STYLE_COLOUR('',#4809);
#5316 = CURVE_STYLE('',#5317,POSITIVE_LENGTH_MEASURE(0.1),#4809);
#5317 = DRAUGHTING_PRE_DEFINED_CURVE_FONT('continuous');
#5318 = STYLED_ITEM('color',(#5319),#4091);
#5319 = PRESENTATION_STYLE_ASSIGNMENT((#5320,#5325));
#5320 = SURFACE_STYLE_USAGE(.BOTH.,#5321);
#5321 = SURFACE_SIDE_STYLE('',(#5322));
#5322 = SURFACE_STYLE_FILL_AREA(#5323);
#5323 = FILL_AREA_STYLE('',(#5324));
#5324 = FILL_AREA_STYLE_COLOUR('',#4809);
#5325 = CURVE_STYLE('',#5326,POSITIVE_LENGTH_MEASURE(0.1),#4809);
#5326 = DRAUGHTING_PRE_DEFINED_CURVE_FONT('continuous');
#5327 = STYLED_ITEM('color',(#5328),#4108);
#5328 = PRESENTATION_STYLE_ASSIGNMENT((#5329,#5334));
#5329 = SURFACE_STYLE_USAGE(.BOTH.,#5330);
#5330 = SURFACE_SIDE_STYLE('',(#5331));
#5331 = SURFACE_STYLE_FILL_AREA(#5332);
#5332 = FILL_AREA_STYLE('',(#5333));
#5333 = FILL_AREA_STYLE_COLOUR('',#4809);
#5334 = CURVE_STYLE('',#5335,POSITIVE_LENGTH_MEASURE(0.1),#4809);
#5335 = DRAUGHTING_PRE_DEFINED_CURVE_FONT('continuous');
#5336 = STYLED_ITEM('color',(#5337),#4120);
#5337 = PRESENTATION_STYLE_ASSIGNMENT((#5338,#5343));
#5338 = SURFACE_STYLE_USAGE(.BOTH.,#5339);
#5339 = SURFACE_SIDE_STYLE('',(#5340));
#5340 = SURFACE_STYLE_FILL_AREA(#5341);
#5341 = FILL_AREA_STYLE('',(#5342));
#5342 = FILL_AREA_STYLE_COLOUR('',#4809);
#5343 = CURVE_STYLE('',#5344,POSITIVE_LENGTH_MEASURE(0.1),#4809);
#5344 = DRAUGHTING_PRE_DEFINED_CURVE_FONT('continuous');
#5345 = STYLED_ITEM('color',(#5346),#4137);
#5346 = PRESENTATION_STYLE_ASSIGNMENT((#5347,#5352));
#5347 = SURFACE_STYLE_USAGE(.BOTH.,#5348);
#5348 = SURFACE_SIDE_STYLE('',(#5349));
#5349 = SURFACE_STYLE_FILL_AREA(#5350);
#5350 = FILL_AREA_STYLE('',(#5351));
#5351 = FILL_AREA_STYLE_COLOUR('',#4809);
#5352 = CURVE_STYLE('',#5353,POSITIVE_LENGTH_MEASURE(0.1),#4809);
#5353 = DRAUGHTING_PRE_DEFINED_CURVE_FONT('continuous');
#5354 = STYLED_ITEM('color',(#5355),#4149);
#5355 = PRESENTATION_STYLE_ASSIGNMENT((#5356,#5361));
#5356 = SURFACE_STYLE_USAGE(.BOTH.,#5357);
#5357 = SURFACE_SIDE_STYLE('',(#5358));
#5358 = SURFACE_STYLE_FILL_AREA(#5359);
#5359 = FILL_AREA_STYLE('',(#5360));
#5360 = FILL_AREA_STYLE_COLOUR('',#4809);
#5361 = CURVE_STYLE('',#5362,POSITIVE_LENGTH_MEASURE(0.1),#4809);
#5362 = DRAUGHTING_PRE_DEFINED_CURVE_FONT('continuous');
#5363 = STYLED_ITEM('color',(#5364),#4166);
#5364 = PRESENTATION_STYLE_ASSIGNMENT((#5365,#5370));
#5365 = SURFACE_STYLE_USAGE(.BOTH.,#5366);
#5366 = SURFACE_SIDE_STYLE('',(#5367));
#5367 = SURFACE_STYLE_FILL_AREA(#5368);
#5368 = FILL_AREA_STYLE('',(#5369));
#5369 = FILL_AREA_STYLE_COLOUR('',#4809);
#5370 = CURVE_STYLE('',#5371,POSITIVE_LENGTH_MEASURE(0.1),#4809);
#5371 = DRAUGHTING_PRE_DEFINED_CURVE_FONT('continuous');
#5372 = STYLED_ITEM('color',(#5373),#4178);
#5373 = PRESENTATION_STYLE_ASSIGNMENT((#5374,#5379));
#5374 = SURFACE_STYLE_USAGE(.BOTH.,#5375);
#5375 = SURFACE_SIDE_STYLE('',(#5376));
#5376 = SURFACE_STYLE_FILL_AREA(#5377);
#5377 = FILL_AREA_STYLE('',(#5378));
#5378 = FILL_AREA_STYLE_COLOUR('',#4809);
#5379 = CURVE_STYLE('',#5380,POSITIVE_LENGTH_MEASURE(0.1),#4809);
#5380 = DRAUGHTING_PRE_DEFINED_CURVE_FONT('continuous');
#5381 = STYLED_ITEM('color',(#5382),#4195);
#5382 = PRESENTATION_STYLE_ASSIGNMENT((#5383,#5388));
#5383 = SURFACE_STYLE_USAGE(.BOTH.,#5384);
#5384 = SURFACE_SIDE_STYLE('',(#5385));
#5385 = SURFACE_STYLE_FILL_AREA(#5386);
#5386 = FILL_AREA_STYLE('',(#5387));
#5387 = FILL_AREA_STYLE_COLOUR('',#4809);
#5388 = CURVE_STYLE('',#5389,POSITIVE_LENGTH_MEASURE(0.1),#4809);
#5389 = DRAUGHTING_PRE_DEFINED_CURVE_FONT('continuous');
#5390 = STYLED_ITEM('color',(#5391),#4207);
#5391 = PRESENTATION_STYLE_ASSIGNMENT((#5392,#5397));
#5392 = SURFACE_STYLE_USAGE(.BOTH.,#5393);
#5393 = SURFACE_SIDE_STYLE('',(#5394));
#5394 = SURFACE_STYLE_FILL_AREA(#5395);
#5395 = FILL_AREA_STYLE('',(#5396));
#5396 = FILL_AREA_STYLE_COLOUR('',#4809);
#5397 = CURVE_STYLE('',#5398,POSITIVE_LENGTH_MEASURE(0.1),#4809);
#5398 = DRAUGHTING_PRE_DEFINED_CURVE_FONT('continuous');
#5399 = STYLED_ITEM('color',(#5400),#4219);
#5400 = PRESENTATION_STYLE_ASSIGNMENT((#5401,#5406));
#5401 = SURFACE_STYLE_USAGE(.BOTH.,#5402);
#5402 = SURFACE_SIDE_STYLE('',(#5403));
#5403 = SURFACE_STYLE_FILL_AREA(#5404);
#5404 = FILL_AREA_STYLE('',(#5405));
#5405 = FILL_AREA_STYLE_COLOUR('',#4809);
#5406 = CURVE_STYLE('',#5407,POSITIVE_LENGTH_MEASURE(0.1),#4809);
#5407 = DRAUGHTING_PRE_DEFINED_CURVE_FONT('continuous');
#5408 = STYLED_ITEM('color',(#5409),#4231);
#5409 = PRESENTATION_STYLE_ASSIGNMENT((#5410,#5415));
#5410 = SURFACE_STYLE_USAGE(.BOTH.,#5411);
#5411 = SURFACE_SIDE_STYLE('',(#5412));
#5412 = SURFACE_STYLE_FILL_AREA(#5413);
#5413 = FILL_AREA_STYLE('',(#5414));
#5414 = FILL_AREA_STYLE_COLOUR('',#4809);
#5415 = CURVE_STYLE('',#5416,POSITIVE_LENGTH_MEASURE(0.1),#4809);
#5416 = DRAUGHTING_PRE_DEFINED_CURVE_FONT('continuous');
#5417 = STYLED_ITEM('color',(#5418),#4243);
#5418 = PRESENTATION_STYLE_ASSIGNMENT((#5419,#5424));
#5419 = SURFACE_STYLE_USAGE(.BOTH.,#5420);
#5420 = SURFACE_SIDE_STYLE('',(#5421));
#5421 = SURFACE_STYLE_FILL_AREA(#5422);
#5422 = FILL_AREA_STYLE('',(#5423));
#5423 = FILL_AREA_STYLE_COLOUR('',#4809);
#5424 = CURVE_STYLE('',#5425,POSITIVE_LENGTH_MEASURE(0.1),#4809);
#5425 = DRAUGHTING_PRE_DEFINED_CURVE_FONT('continuous');
#5426 = MECHANICAL_DESIGN_GEOMETRIC_PRESENTATION_REPRESENTATION('',(
    #5427,#5434,#5441,#5448,#5455,#5462,#5469,#5476,#5483,#5490,#5497,
    #5504,#5511,#5518,#5525,#5532,#5539,#5546,#5553,#5560,#5567,#5574,
    #5581,#5588,#5595,#5602,#5609,#5616),#1867);
#5427 = STYLED_ITEM('color',(#5428),#1015);
#5428 = PRESENTATION_STYLE_ASSIGNMENT((#5429));
#5429 = SURFACE_STYLE_USAGE(.BOTH.,#5430);
#5430 = SURFACE_SIDE_STYLE('',(#5431));
#5431 = SURFACE_STYLE_FILL_AREA(#5432);
#5432 = FILL_AREA_STYLE('',(#5433));
#5433 = FILL_AREA_STYLE_COLOUR('',#4809);
#5434 = STYLED_ITEM('color',(#5435),#1091);
#5435 = PRESENTATION_STYLE_ASSIGNMENT((#5436));
#5436 = SURFACE_STYLE_USAGE(.BOTH.,#5437);
#5437 = SURFACE_SIDE_STYLE('',(#5438));
#5438 = SURFACE_STYLE_FILL_AREA(#5439);
#5439 = FILL_AREA_STYLE('',(#5440));
#5440 = FILL_AREA_STYLE_COLOUR('',#4809);
#5441 = STYLED_ITEM('color',(#5442),#1122);
#5442 = PRESENTATION_STYLE_ASSIGNMENT((#5443));
#5443 = SURFACE_STYLE_USAGE(.BOTH.,#5444);
#5444 = SURFACE_SIDE_STYLE('',(#5445));
#5445 = SURFACE_STYLE_FILL_AREA(#5446);
#5446 = FILL_AREA_STYLE('',(#5447));
#5447 = FILL_AREA_STYLE_COLOUR('',#4809);
#5448 = STYLED_ITEM('color',(#5449),#1147);
#5449 = PRESENTATION_STYLE_ASSIGNMENT((#5450));
#5450 = SURFACE_STYLE_USAGE(.BOTH.,#5451);
#5451 = SURFACE_SIDE_STYLE('',(#5452));
#5452 = SURFACE_STYLE_FILL_AREA(#5453);
#5453 = FILL_AREA_STYLE('',(#5454));
#5454 = FILL_AREA_STYLE_COLOUR('',#4809);
#5455 = STYLED_ITEM('color',(#5456),#1172);
#5456 = PRESENTATION_STYLE_ASSIGNMENT((#5457));
#5457 = SURFACE_STYLE_USAGE(.BOTH.,#5458);
#5458 = SURFACE_SIDE_STYLE('',(#5459));
#5459 = SURFACE_STYLE_FILL_AREA(#5460);
#5460 = FILL_AREA_STYLE('',(#5461));
#5461 = FILL_AREA_STYLE_COLOUR('',#4809);
#5462 = STYLED_ITEM('color',(#5463),#1196);
#5463 = PRESENTATION_STYLE_ASSIGNMENT((#5464));
#5464 = SURFACE_STYLE_USAGE(.BOTH.,#5465);
#5465 = SURFACE_SIDE_STYLE('',(#5466));
#5466 = SURFACE_STYLE_FILL_AREA(#5467);
#5467 = FILL_AREA_STYLE('',(#5468));
#5468 = FILL_AREA_STYLE_COLOUR('',#4809);
#5469 = STYLED_ITEM('color',(#5470),#1220);
#5470 = PRESENTATION_STYLE_ASSIGNMENT((#5471));
#5471 = SURFACE_STYLE_USAGE(.BOTH.,#5472);
#5472 = SURFACE_SIDE_STYLE('',(#5473));
#5473 = SURFACE_STYLE_FILL_AREA(#5474);
#5474 = FILL_AREA_STYLE('',(#5475));
#5475 = FILL_AREA_STYLE_COLOUR('',#4809);
#5476 = STYLED_ITEM('color',(#5477),#1245);
#5477 = PRESENTATION_STYLE_ASSIGNMENT((#5478));
#5478 = SURFACE_STYLE_USAGE(.BOTH.,#5479);
#5479 = SURFACE_SIDE_STYLE('',(#5480));
#5480 = SURFACE_STYLE_FILL_AREA(#5481);
#5481 = FILL_AREA_STYLE('',(#5482));
#5482 = FILL_AREA_STYLE_COLOUR('',#4809);
#5483 = STYLED_ITEM('color',(#5484),#1270);
#5484 = PRESENTATION_STYLE_ASSIGNMENT((#5485));
#5485 = SURFACE_STYLE_USAGE(.BOTH.,#5486);
#5486 = SURFACE_SIDE_STYLE('',(#5487));
#5487 = SURFACE_STYLE_FILL_AREA(#5488);
#5488 = FILL_AREA_STYLE('',(#5489));
#5489 = FILL_AREA_STYLE_COLOUR('',#4809);
#5490 = STYLED_ITEM('color',(#5491),#1287);
#5491 = PRESENTATION_STYLE_ASSIGNMENT((#5492));
#5492 = SURFACE_STYLE_USAGE(.BOTH.,#5493);
#5493 = SURFACE_SIDE_STYLE('',(#5494));
#5494 = SURFACE_STYLE_FILL_AREA(#5495);
#5495 = FILL_AREA_STYLE('',(#5496));
#5496 = FILL_AREA_STYLE_COLOUR('',#4809);
#5497 = STYLED_ITEM('color',(#5498),#1373);
#5498 = PRESENTATION_STYLE_ASSIGNMENT((#5499));
#5499 = SURFACE_STYLE_USAGE(.BOTH.,#5500);
#5500 = SURFACE_SIDE_STYLE('',(#5501));
#5501 = SURFACE_STYLE_FILL_AREA(#5502);
#5502 = FILL_AREA_STYLE('',(#5503));
#5503 = FILL_AREA_STYLE_COLOUR('',#5065);
#5504 = STYLED_ITEM('color',(#5505),#1405);
#5505 = PRESENTATION_STYLE_ASSIGNMENT((#5506));
#5506 = SURFACE_STYLE_USAGE(.BOTH.,#5507);
#5507 = SURFACE_SIDE_STYLE('',(#5508));
#5508 = SURFACE_STYLE_FILL_AREA(#5509);
#5509 = FILL_AREA_STYLE('',(#5510));
#5510 = FILL_AREA_STYLE_COLOUR('',#5065);
#5511 = STYLED_ITEM('color',(#5512),#1429);
#5512 = PRESENTATION_STYLE_ASSIGNMENT((#5513));
#5513 = SURFACE_STYLE_USAGE(.BOTH.,#5514);
#5514 = SURFACE_SIDE_STYLE('',(#5515));
#5515 = SURFACE_STYLE_FILL_AREA(#5516);
#5516 = FILL_AREA_STYLE('',(#5517));
#5517 = FILL_AREA_STYLE_COLOUR('',#5065);
#5518 = STYLED_ITEM('color',(#5519),#1454);
#5519 = PRESENTATION_STYLE_ASSIGNMENT((#5520));
#5520 = SURFACE_STYLE_USAGE(.BOTH.,#5521);
#5521 = SURFACE_SIDE_STYLE('',(#5522));
#5522 = SURFACE_STYLE_FILL_AREA(#5523);
#5523 = FILL_AREA_STYLE('',(#5524));
#5524 = FILL_AREA_STYLE_COLOUR('',#5065);
#5525 = STYLED_ITEM('color',(#5526),#1478);
#5526 = PRESENTATION_STYLE_ASSIGNMENT((#5527));
#5527 = SURFACE_STYLE_USAGE(.BOTH.,#5528);
#5528 = SURFACE_SIDE_STYLE('',(#5529));
#5529 = SURFACE_STYLE_FILL_AREA(#5530);
#5530 = FILL_AREA_STYLE('',(#5531));
#5531 = FILL_AREA_STYLE_COLOUR('',#5065);
#5532 = STYLED_ITEM('color',(#5533),#1503);
#5533 = PRESENTATION_STYLE_ASSIGNMENT((#5534));
#5534 = SURFACE_STYLE_USAGE(.BOTH.,#5535);
#5535 = SURFACE_SIDE_STYLE('',(#5536));
#5536 = SURFACE_STYLE_FILL_AREA(#5537);
#5537 = FILL_AREA_STYLE('',(#5538));
#5538 = FILL_AREA_STYLE_COLOUR('',#5065);
#5539 = STYLED_ITEM('color',(#5540),#1527);
#5540 = PRESENTATION_STYLE_ASSIGNMENT((#5541));
#5541 = SURFACE_STYLE_USAGE(.BOTH.,#5542);
#5542 = SURFACE_SIDE_STYLE('',(#5543));
#5543 = SURFACE_STYLE_FILL_AREA(#5544);
#5544 = FILL_AREA_STYLE('',(#5545));
#5545 = FILL_AREA_STYLE_COLOUR('',#5065);
#5546 = STYLED_ITEM('color',(#5547),#1552);
#5547 = PRESENTATION_STYLE_ASSIGNMENT((#5548));
#5548 = SURFACE_STYLE_USAGE(.BOTH.,#5549);
#5549 = SURFACE_SIDE_STYLE('',(#5550));
#5550 = SURFACE_STYLE_FILL_AREA(#5551);
#5551 = FILL_AREA_STYLE('',(#5552));
#5552 = FILL_AREA_STYLE_COLOUR('',#5065);
#5553 = STYLED_ITEM('color',(#5554),#1569);
#5554 = PRESENTATION_STYLE_ASSIGNMENT((#5555));
#5555 = SURFACE_STYLE_USAGE(.BOTH.,#5556);
#5556 = SURFACE_SIDE_STYLE('',(#5557));
#5557 = SURFACE_STYLE_FILL_AREA(#5558);
#5558 = FILL_AREA_STYLE('',(#5559));
#5559 = FILL_AREA_STYLE_COLOUR('',#4809);
#5560 = STYLED_ITEM('color',(#5561),#1655);
#5561 = PRESENTATION_STYLE_ASSIGNMENT((#5562));
#5562 = SURFACE_STYLE_USAGE(.BOTH.,#5563);
#5563 = SURFACE_SIDE_STYLE('',(#5564));
#5564 = SURFACE_STYLE_FILL_AREA(#5565);
#5565 = FILL_AREA_STYLE('',(#5566));
#5566 = FILL_AREA_STYLE_COLOUR('',#4809);
#5567 = STYLED_ITEM('color',(#5568),#1686);
#5568 = PRESENTATION_STYLE_ASSIGNMENT((#5569));
#5569 = SURFACE_STYLE_USAGE(.BOTH.,#5570);
#5570 = SURFACE_SIDE_STYLE('',(#5571));
#5571 = SURFACE_STYLE_FILL_AREA(#5572);
#5572 = FILL_AREA_STYLE('',(#5573));
#5573 = FILL_AREA_STYLE_COLOUR('',#4809);
#5574 = STYLED_ITEM('color',(#5575),#1711);
#5575 = PRESENTATION_STYLE_ASSIGNMENT((#5576));
#5576 = SURFACE_STYLE_USAGE(.BOTH.,#5577);
#5577 = SURFACE_SIDE_STYLE('',(#5578));
#5578 = SURFACE_STYLE_FILL_AREA(#5579);
#5579 = FILL_AREA_STYLE('',(#5580));
#5580 = FILL_AREA_STYLE_COLOUR('',#4809);
#5581 = STYLED_ITEM('color',(#5582),#1736);
#5582 = PRESENTATION_STYLE_ASSIGNMENT((#5583));
#5583 = SURFACE_STYLE_USAGE(.BOTH.,#5584);
#5584 = SURFACE_SIDE_STYLE('',(#5585));
#5585 = SURFACE_STYLE_FILL_AREA(#5586);
#5586 = FILL_AREA_STYLE('',(#5587));
#5587 = FILL_AREA_STYLE_COLOUR('',#4809);
#5588 = STYLED_ITEM('color',(#5589),#1760);
#5589 = PRESENTATION_STYLE_ASSIGNMENT((#5590));
#5590 = SURFACE_STYLE_USAGE(.BOTH.,#5591);
#5591 = SURFACE_SIDE_STYLE('',(#5592));
#5592 = SURFACE_STYLE_FILL_AREA(#5593);
#5593 = FILL_AREA_STYLE('',(#5594));
#5594 = FILL_AREA_STYLE_COLOUR('',#4809);
#5595 = STYLED_ITEM('color',(#5596),#1784);
#5596 = PRESENTATION_STYLE_ASSIGNMENT((#5597));
#5597 = SURFACE_STYLE_USAGE(.BOTH.,#5598);
#5598 = SURFACE_SIDE_STYLE('',(#5599));
#5599 = SURFACE_STYLE_FILL_AREA(#5600);
#5600 = FILL_AREA_STYLE('',(#5601));
#5601 = FILL_AREA_STYLE_COLOUR('',#4809);
#5602 = STYLED_ITEM('color',(#5603),#1809);
#5603 = PRESENTATION_STYLE_ASSIGNMENT((#5604));
#5604 = SURFACE_STYLE_USAGE(.BOTH.,#5605);
#5605 = SURFACE_SIDE_STYLE('',(#5606));
#5606 = SURFACE_STYLE_FILL_AREA(#5607);
#5607 = FILL_AREA_STYLE('',(#5608));
#5608 = FILL_AREA_STYLE_COLOUR('',#4809);
#5609 = STYLED_ITEM('color',(#5610),#1834);
#5610 = PRESENTATION_STYLE_ASSIGNMENT((#5611));
#5611 = SURFACE_STYLE_USAGE(.BOTH.,#5612);
#5612 = SURFACE_SIDE_STYLE('',(#5613));
#5613 = SURFACE_STYLE_FILL_AREA(#5614);
#5614 = FILL_AREA_STYLE('',(#5615));
#5615 = FILL_AREA_STYLE_COLOUR('',#4809);
#5616 = STYLED_ITEM('color',(#5617),#1851);
#5617 = PRESENTATION_STYLE_ASSIGNMENT((#5618));
#5618 = SURFACE_STYLE_USAGE(.BOTH.,#5619);
#5619 = SURFACE_SIDE_STYLE('',(#5620));
#5620 = SURFACE_STYLE_FILL_AREA(#5621);
#5621 = FILL_AREA_STYLE('',(#5622));
#5622 = FILL_AREA_STYLE_COLOUR('',#4809);
#5623 = MECHANICAL_DESIGN_GEOMETRIC_PRESENTATION_REPRESENTATION('',(
    #5624),#4360);
#5624 = STYLED_ITEM('color',(#5625),#4276);
#5625 = PRESENTATION_STYLE_ASSIGNMENT((#5626));
#5626 = SURFACE_STYLE_USAGE(.BOTH.,#5627);
#5627 = SURFACE_SIDE_STYLE('',(#5628,#5631));
#5628 = SURFACE_STYLE_FILL_AREA(#5629);
#5629 = FILL_AREA_STYLE('',(#5630));
#5630 = FILL_AREA_STYLE_COLOUR('',#5204);
#5631 = SURFACE_STYLE_RENDERING_WITH_PROPERTIES(.NORMAL_SHADING.,#5204,(
    #5632));
#5632 = SURFACE_STYLE_TRANSPARENT(0.170000016689);
#5633 = MECHANICAL_DESIGN_GEOMETRIC_PRESENTATION_REPRESENTATION('',(
    #5634,#5643,#5652,#5661,#5670,#5679,#5688,#5697,#5706,#5715,#5724,
    #5733,#5742,#5751,#5760,#5769,#5778,#5787,#5796,#5805),#3317);
#5634 = STYLED_ITEM('color',(#5635),#2773);
#5635 = PRESENTATION_STYLE_ASSIGNMENT((#5636,#5641));
#5636 = SURFACE_STYLE_USAGE(.BOTH.,#5637);
#5637 = SURFACE_SIDE_STYLE('',(#5638));
#5638 = SURFACE_STYLE_FILL_AREA(#5639);
#5639 = FILL_AREA_STYLE('',(#5640));
#5640 = FILL_AREA_STYLE_COLOUR('',#5215);
#5641 = CURVE_STYLE('',#5642,POSITIVE_LENGTH_MEASURE(0.1),#5215);
#5642 = DRAUGHTING_PRE_DEFINED_CURVE_FONT('continuous');
#5643 = STYLED_ITEM('color',(#5644),#2813);
#5644 = PRESENTATION_STYLE_ASSIGNMENT((#5645,#5650));
#5645 = SURFACE_STYLE_USAGE(.BOTH.,#5646);
#5646 = SURFACE_SIDE_STYLE('',(#5647));
#5647 = SURFACE_STYLE_FILL_AREA(#5648);
#5648 = FILL_AREA_STYLE('',(#5649));
#5649 = FILL_AREA_STYLE_COLOUR('',#5215);
#5650 = CURVE_STYLE('',#5651,POSITIVE_LENGTH_MEASURE(0.1),#5215);
#5651 = DRAUGHTING_PRE_DEFINED_CURVE_FONT('continuous');
#5652 = STYLED_ITEM('color',(#5653),#2846);
#5653 = PRESENTATION_STYLE_ASSIGNMENT((#5654,#5659));
#5654 = SURFACE_STYLE_USAGE(.BOTH.,#5655);
#5655 = SURFACE_SIDE_STYLE('',(#5656));
#5656 = SURFACE_STYLE_FILL_AREA(#5657);
#5657 = FILL_AREA_STYLE('',(#5658));
#5658 = FILL_AREA_STYLE_COLOUR('',#5215);
#5659 = CURVE_STYLE('',#5660,POSITIVE_LENGTH_MEASURE(0.1),#5215);
#5660 = DRAUGHTING_PRE_DEFINED_CURVE_FONT('continuous');
#5661 = STYLED_ITEM('color',(#5662),#2879);
#5662 = PRESENTATION_STYLE_ASSIGNMENT((#5663,#5668));
#5663 = SURFACE_STYLE_USAGE(.BOTH.,#5664);
#5664 = SURFACE_SIDE_STYLE('',(#5665));
#5665 = SURFACE_STYLE_FILL_AREA(#5666);
#5666 = FILL_AREA_STYLE('',(#5667));
#5667 = FILL_AREA_STYLE_COLOUR('',#5215);
#5668 = CURVE_STYLE('',#5669,POSITIVE_LENGTH_MEASURE(0.1),#5215);
#5669 = DRAUGHTING_PRE_DEFINED_CURVE_FONT('continuous');
#5670 = STYLED_ITEM('color',(#5671),#3006);
#5671 = PRESENTATION_STYLE_ASSIGNMENT((#5672,#5677));
#5672 = SURFACE_STYLE_USAGE(.BOTH.,#5673);
#5673 = SURFACE_SIDE_STYLE('',(#5674));
#5674 = SURFACE_STYLE_FILL_AREA(#5675);
#5675 = FILL_AREA_STYLE('',(#5676));
#5676 = FILL_AREA_STYLE_COLOUR('',#5215);
#5677 = CURVE_STYLE('',#5678,POSITIVE_LENGTH_MEASURE(0.1),#5215);
#5678 = DRAUGHTING_PRE_DEFINED_CURVE_FONT('continuous');
#5679 = STYLED_ITEM('color',(#5680),#3031);
#5680 = PRESENTATION_STYLE_ASSIGNMENT((#5681,#5686));
#5681 = SURFACE_STYLE_USAGE(.BOTH.,#5682);
#5682 = SURFACE_SIDE_STYLE('',(#5683));
#5683 = SURFACE_STYLE_FILL_AREA(#5684);
#5684 = FILL_AREA_STYLE('',(#5685));
#5685 = FILL_AREA_STYLE_COLOUR('',#5215);
#5686 = CURVE_STYLE('',#5687,POSITIVE_LENGTH_MEASURE(0.1),#5215);
#5687 = DRAUGHTING_PRE_DEFINED_CURVE_FONT('continuous');
#5688 = STYLED_ITEM('color',(#5689),#3048);
#5689 = PRESENTATION_STYLE_ASSIGNMENT((#5690,#5695));
#5690 = SURFACE_STYLE_USAGE(.BOTH.,#5691);
#5691 = SURFACE_SIDE_STYLE('',(#5692));
#5692 = SURFACE_STYLE_FILL_AREA(#5693);
#5693 = FILL_AREA_STYLE('',(#5694));
#5694 = FILL_AREA_STYLE_COLOUR('',#5215);
#5695 = CURVE_STYLE('',#5696,POSITIVE_LENGTH_MEASURE(0.1),#5215);
#5696 = DRAUGHTING_PRE_DEFINED_CURVE_FONT('continuous');
#5697 = STYLED_ITEM('color',(#5698),#3072);
#5698 = PRESENTATION_STYLE_ASSIGNMENT((#5699,#5704));
#5699 = SURFACE_STYLE_USAGE(.BOTH.,#5700);
#5700 = SURFACE_SIDE_STYLE('',(#5701));
#5701 = SURFACE_STYLE_FILL_AREA(#5702);
#5702 = FILL_AREA_STYLE('',(#5703));
#5703 = FILL_AREA_STYLE_COLOUR('',#5215);
#5704 = CURVE_STYLE('',#5705,POSITIVE_LENGTH_MEASURE(0.1),#5215);
#5705 = DRAUGHTING_PRE_DEFINED_CURVE_FONT('continuous');
#5706 = STYLED_ITEM('color',(#5707),#3103);
#5707 = PRESENTATION_STYLE_ASSIGNMENT((#5708,#5713));
#5708 = SURFACE_STYLE_USAGE(.BOTH.,#5709);
#5709 = SURFACE_SIDE_STYLE('',(#5710));
#5710 = SURFACE_STYLE_FILL_AREA(#5711);
#5711 = FILL_AREA_STYLE('',(#5712));
#5712 = FILL_AREA_STYLE_COLOUR('',#5215);
#5713 = CURVE_STYLE('',#5714,POSITIVE_LENGTH_MEASURE(0.1),#5215);
#5714 = DRAUGHTING_PRE_DEFINED_CURVE_FONT('continuous');
#5715 = STYLED_ITEM('color',(#5716),#3120);
#5716 = PRESENTATION_STYLE_ASSIGNMENT((#5717,#5722));
#5717 = SURFACE_STYLE_USAGE(.BOTH.,#5718);
#5718 = SURFACE_SIDE_STYLE('',(#5719));
#5719 = SURFACE_STYLE_FILL_AREA(#5720);
#5720 = FILL_AREA_STYLE('',(#5721));
#5721 = FILL_AREA_STYLE_COLOUR('',#5215);
#5722 = CURVE_STYLE('',#5723,POSITIVE_LENGTH_MEASURE(0.1),#5215);
#5723 = DRAUGHTING_PRE_DEFINED_CURVE_FONT('continuous');
#5724 = STYLED_ITEM('color',(#5725),#3144);
#5725 = PRESENTATION_STYLE_ASSIGNMENT((#5726,#5731));
#5726 = SURFACE_STYLE_USAGE(.BOTH.,#5727);
#5727 = SURFACE_SIDE_STYLE('',(#5728));
#5728 = SURFACE_STYLE_FILL_AREA(#5729);
#5729 = FILL_AREA_STYLE('',(#5730));
#5730 = FILL_AREA_STYLE_COLOUR('',#5215);
#5731 = CURVE_STYLE('',#5732,POSITIVE_LENGTH_MEASURE(0.1),#5215);
#5732 = DRAUGHTING_PRE_DEFINED_CURVE_FONT('continuous');
#5733 = STYLED_ITEM('color',(#5734),#3169);
#5734 = PRESENTATION_STYLE_ASSIGNMENT((#5735,#5740));
#5735 = SURFACE_STYLE_USAGE(.BOTH.,#5736);
#5736 = SURFACE_SIDE_STYLE('',(#5737));
#5737 = SURFACE_STYLE_FILL_AREA(#5738);
#5738 = FILL_AREA_STYLE('',(#5739));
#5739 = FILL_AREA_STYLE_COLOUR('',#5215);
#5740 = CURVE_STYLE('',#5741,POSITIVE_LENGTH_MEASURE(0.1),#5215);
#5741 = DRAUGHTING_PRE_DEFINED_CURVE_FONT('continuous');
#5742 = STYLED_ITEM('color',(#5743),#3194);
#5743 = PRESENTATION_STYLE_ASSIGNMENT((#5744,#5749));
#5744 = SURFACE_STYLE_USAGE(.BOTH.,#5745);
#5745 = SURFACE_SIDE_STYLE('',(#5746));
#5746 = SURFACE_STYLE_FILL_AREA(#5747);
#5747 = FILL_AREA_STYLE('',(#5748));
#5748 = FILL_AREA_STYLE_COLOUR('',#5215);
#5749 = CURVE_STYLE('',#5750,POSITIVE_LENGTH_MEASURE(0.1),#5215);
#5750 = DRAUGHTING_PRE_DEFINED_CURVE_FONT('continuous');
#5751 = STYLED_ITEM('color',(#5752),#3211);
#5752 = PRESENTATION_STYLE_ASSIGNMENT((#5753,#5758));
#5753 = SURFACE_STYLE_USAGE(.BOTH.,#5754);
#5754 = SURFACE_SIDE_STYLE('',(#5755));
#5755 = SURFACE_STYLE_FILL_AREA(#5756);
#5756 = FILL_AREA_STYLE('',(#5757));
#5757 = FILL_AREA_STYLE_COLOUR('',#4809);
#5758 = CURVE_STYLE('',#5759,POSITIVE_LENGTH_MEASURE(0.1),#4809);
#5759 = DRAUGHTING_PRE_DEFINED_CURVE_FONT('continuous');
#5760 = STYLED_ITEM('color',(#5761),#3223);
#5761 = PRESENTATION_STYLE_ASSIGNMENT((#5762,#5767));
#5762 = SURFACE_STYLE_USAGE(.BOTH.,#5763);
#5763 = SURFACE_SIDE_STYLE('',(#5764));
#5764 = SURFACE_STYLE_FILL_AREA(#5765);
#5765 = FILL_AREA_STYLE('',(#5766));
#5766 = FILL_AREA_STYLE_COLOUR('',#4809);
#5767 = CURVE_STYLE('',#5768,POSITIVE_LENGTH_MEASURE(0.1),#4809);
#5768 = DRAUGHTING_PRE_DEFINED_CURVE_FONT('continuous');
#5769 = STYLED_ITEM('color',(#5770),#3235);
#5770 = PRESENTATION_STYLE_ASSIGNMENT((#5771,#5776));
#5771 = SURFACE_STYLE_USAGE(.BOTH.,#5772);
#5772 = SURFACE_SIDE_STYLE('',(#5773));
#5773 = SURFACE_STYLE_FILL_AREA(#5774);
#5774 = FILL_AREA_STYLE('',(#5775));
#5775 = FILL_AREA_STYLE_COLOUR('',#5215);
#5776 = CURVE_STYLE('',#5777,POSITIVE_LENGTH_MEASURE(0.1),#5215);
#5777 = DRAUGHTING_PRE_DEFINED_CURVE_FONT('continuous');
#5778 = STYLED_ITEM('color',(#5779),#3253);
#5779 = PRESENTATION_STYLE_ASSIGNMENT((#5780,#5785));
#5780 = SURFACE_STYLE_USAGE(.BOTH.,#5781);
#5781 = SURFACE_SIDE_STYLE('',(#5782));
#5782 = SURFACE_STYLE_FILL_AREA(#5783);
#5783 = FILL_AREA_STYLE('',(#5784));
#5784 = FILL_AREA_STYLE_COLOUR('',#5215);
#5785 = CURVE_STYLE('',#5786,POSITIVE_LENGTH_MEASURE(0.1),#5215);
#5786 = DRAUGHTING_PRE_DEFINED_CURVE_FONT('continuous');
#5787 = STYLED_ITEM('color',(#5788),#3271);
#5788 = PRESENTATION_STYLE_ASSIGNMENT((#5789,#5794));
#5789 = SURFACE_STYLE_USAGE(.BOTH.,#5790);
#5790 = SURFACE_SIDE_STYLE('',(#5791));
#5791 = SURFACE_STYLE_FILL_AREA(#5792);
#5792 = FILL_AREA_STYLE('',(#5793));
#5793 = FILL_AREA_STYLE_COLOUR('',#5215);
#5794 = CURVE_STYLE('',#5795,POSITIVE_LENGTH_MEASURE(0.1),#5215);
#5795 = DRAUGHTING_PRE_DEFINED_CURVE_FONT('continuous');
#5796 = STYLED_ITEM('color',(#5797),#3295);
#5797 = PRESENTATION_STYLE_ASSIGNMENT((#5798,#5803));
#5798 = SURFACE_STYLE_USAGE(.BOTH.,#5799);
#5799 = SURFACE_SIDE_STYLE('',(#5800));
#5800 = SURFACE_STYLE_FILL_AREA(#5801);
#5801 = FILL_AREA_STYLE('',(#5802));
#5802 = FILL_AREA_STYLE_COLOUR('',#5215);
#5803 = CURVE_STYLE('',#5804,POSITIVE_LENGTH_MEASURE(0.1),#5215);
#5804 = DRAUGHTING_PRE_DEFINED_CURVE_FONT('continuous');
#5805 = STYLED_ITEM('color',(#5806),#3306);
#5806 = PRESENTATION_STYLE_ASSIGNMENT((#5807,#5812));
#5807 = SURFACE_STYLE_USAGE(.BOTH.,#5808);
#5808 = SURFACE_SIDE_STYLE('',(#5809));
#5809 = SURFACE_STYLE_FILL_AREA(#5810);
#5810 = FILL_AREA_STYLE('',(#5811));
#5811 = FILL_AREA_STYLE_COLOUR('',#5215);
#5812 = CURVE_STYLE('',#5813,POSITIVE_LENGTH_MEASURE(0.1),#5215);
#5813 = DRAUGHTING_PRE_DEFINED_CURVE_FONT('continuous');
ENDSEC;
END-ISO-10303-21;
